message,attributes,tags,timestamp
    |     with util.safe_reraise():,"{""level"":""error""}","{""project"":""82a60368-a35f-407d-b91c-fda7c4df0a50"",""environment"":""35a62989-f226-4922-a94f-05b71577983e"",""service"":""edd77b6a-44ec-4dd0-bb6b-129583c5e8f4"",""deployment"":""65be7d91-a0e8-40d7-8fa9-14aa89a4add1"",""replica"":""a840cb83-51a9-4b35-8087-f3b0edb637f4""}",2026-02-24T16:57:46.112108533Z
"    |   File ""/usr/local/lib/python3.11/site-packages/sqlalchemy/util/langhelpers.py"", line 146, in __exit__","{""level"":""error""}","{""project"":""82a60368-a35f-407d-b91c-fda7c4df0a50"",""environment"":""35a62989-f226-4922-a94f-05b71577983e"",""service"":""edd77b6a-44ec-4dd0-bb6b-129583c5e8f4"",""deployment"":""65be7d91-a0e8-40d7-8fa9-14aa89a4add1"",""replica"":""a840cb83-51a9-4b35-8087-f3b0edb637f4""}",2026-02-24T16:57:46.112113102Z
    |     raise exc_value.with_traceback(exc_tb),"{""level"":""error""}","{""project"":""82a60368-a35f-407d-b91c-fda7c4df0a50"",""environment"":""35a62989-f226-4922-a94f-05b71577983e"",""service"":""edd77b6a-44ec-4dd0-bb6b-129583c5e8f4"",""deployment"":""65be7d91-a0e8-40d7-8fa9-14aa89a4add1"",""replica"":""a840cb83-51a9-4b35-8087-f3b0edb637f4""}",2026-02-24T16:57:46.112117450Z
"    |   File ""/usr/local/lib/python3.11/site-packages/sqlalchemy/pool/impl.py"", line 167, in _do_get","{""level"":""error""}","{""project"":""82a60368-a35f-407d-b91c-fda7c4df0a50"",""environment"":""35a62989-f226-4922-a94f-05b71577983e"",""service"":""edd77b6a-44ec-4dd0-bb6b-129583c5e8f4"",""deployment"":""65be7d91-a0e8-40d7-8fa9-14aa89a4add1"",""replica"":""a840cb83-51a9-4b35-8087-f3b0edb637f4""}",2026-02-24T16:57:46.112122328Z
    |     return self._create_connection(),"{""level"":""error""}","{""project"":""82a60368-a35f-407d-b91c-fda7c4df0a50"",""environment"":""35a62989-f226-4922-a94f-05b71577983e"",""service"":""edd77b6a-44ec-4dd0-bb6b-129583c5e8f4"",""deployment"":""65be7d91-a0e8-40d7-8fa9-14aa89a4add1"",""replica"":""a840cb83-51a9-4b35-8087-f3b0edb637f4""}",2026-02-24T16:57:46.112126801Z
    |            ^^^^^^^^^^^^^^^^^^^^^^^^^,"{""level"":""error""}","{""project"":""82a60368-a35f-407d-b91c-fda7c4df0a50"",""environment"":""35a62989-f226-4922-a94f-05b71577983e"",""service"":""edd77b6a-44ec-4dd0-bb6b-129583c5e8f4"",""deployment"":""65be7d91-a0e8-40d7-8fa9-14aa89a4add1"",""replica"":""a840cb83-51a9-4b35-8087-f3b0edb637f4""}",2026-02-24T16:57:46.112130653Z
"    |   File ""/usr/local/lib/python3.11/site-packages/sqlalchemy/pool/base.py"", line 393, in _create_connection","{""level"":""error""}","{""project"":""82a60368-a35f-407d-b91c-fda7c4df0a50"",""environment"":""35a62989-f226-4922-a94f-05b71577983e"",""service"":""edd77b6a-44ec-4dd0-bb6b-129583c5e8f4"",""deployment"":""65be7d91-a0e8-40d7-8fa9-14aa89a4add1"",""replica"":""a840cb83-51a9-4b35-8087-f3b0edb637f4""}",2026-02-24T16:57:46.112134492Z
    |     return _ConnectionRecord(self),"{""level"":""error""}","{""project"":""82a60368-a35f-407d-b91c-fda7c4df0a50"",""environment"":""35a62989-f226-4922-a94f-05b71577983e"",""service"":""edd77b6a-44ec-4dd0-bb6b-129583c5e8f4"",""deployment"":""65be7d91-a0e8-40d7-8fa9-14aa89a4add1"",""replica"":""a840cb83-51a9-4b35-8087-f3b0edb637f4""}",2026-02-24T16:57:46.112138382Z
    |            ^^^^^^^^^^^^^^^^^^^^^^^,"{""level"":""error""}","{""project"":""82a60368-a35f-407d-b91c-fda7c4df0a50"",""environment"":""35a62989-f226-4922-a94f-05b71577983e"",""service"":""edd77b6a-44ec-4dd0-bb6b-129583c5e8f4"",""deployment"":""65be7d91-a0e8-40d7-8fa9-14aa89a4add1"",""replica"":""a840cb83-51a9-4b35-8087-f3b0edb637f4""}",2026-02-24T16:57:46.112142814Z
"    |   File ""/usr/local/lib/python3.11/site-packages/sqlalchemy/pool/base.py"", line 678, in __init__","{""level"":""error""}","{""project"":""82a60368-a35f-407d-b91c-fda7c4df0a50"",""environment"":""35a62989-f226-4922-a94f-05b71577983e"",""service"":""edd77b6a-44ec-4dd0-bb6b-129583c5e8f4"",""deployment"":""65be7d91-a0e8-40d7-8fa9-14aa89a4add1"",""replica"":""a840cb83-51a9-4b35-8087-f3b0edb637f4""}",2026-02-24T16:57:46.112147852Z
    |     self.__connect(),"{""level"":""error""}","{""project"":""82a60368-a35f-407d-b91c-fda7c4df0a50"",""environment"":""35a62989-f226-4922-a94f-05b71577983e"",""service"":""edd77b6a-44ec-4dd0-bb6b-129583c5e8f4"",""deployment"":""65be7d91-a0e8-40d7-8fa9-14aa89a4add1"",""replica"":""a840cb83-51a9-4b35-8087-f3b0edb637f4""}",2026-02-24T16:57:46.112152278Z
"    |   File ""/usr/local/lib/python3.11/site-packages/sqlalchemy/pool/base.py"", line 916, in __connect","{""level"":""error""}","{""project"":""82a60368-a35f-407d-b91c-fda7c4df0a50"",""environment"":""35a62989-f226-4922-a94f-05b71577983e"",""service"":""edd77b6a-44ec-4dd0-bb6b-129583c5e8f4"",""deployment"":""65be7d91-a0e8-40d7-8fa9-14aa89a4add1"",""replica"":""a840cb83-51a9-4b35-8087-f3b0edb637f4""}",2026-02-24T16:57:46.113617840Z
"    |     )._exec_w_sync_on_first_run(self.dbapi_connection, self)","{""level"":""error""}","{""project"":""82a60368-a35f-407d-b91c-fda7c4df0a50"",""environment"":""35a62989-f226-4922-a94f-05b71577983e"",""service"":""edd77b6a-44ec-4dd0-bb6b-129583c5e8f4"",""deployment"":""65be7d91-a0e8-40d7-8fa9-14aa89a4add1"",""replica"":""a840cb83-51a9-4b35-8087-f3b0edb637f4""}",2026-02-24T16:57:46.113625070Z
    |       ^^^^^^^^^^^^^^^^^^^^^^^^^^^^^^^^^^^^^^^^^^^^^^^^^^^^^^,"{""level"":""error""}","{""project"":""82a60368-a35f-407d-b91c-fda7c4df0a50"",""environment"":""35a62989-f226-4922-a94f-05b71577983e"",""service"":""edd77b6a-44ec-4dd0-bb6b-129583c5e8f4"",""deployment"":""65be7d91-a0e8-40d7-8fa9-14aa89a4add1"",""replica"":""a840cb83-51a9-4b35-8087-f3b0edb637f4""}",2026-02-24T16:57:46.113629584Z
"    |   File ""/usr/local/lib/python3.11/site-packages/sqlalchemy/event/attr.py"", line 473, in _exec_w_sync_on_first_run","{""level"":""error""}","{""project"":""82a60368-a35f-407d-b91c-fda7c4df0a50"",""environment"":""35a62989-f226-4922-a94f-05b71577983e"",""service"":""edd77b6a-44ec-4dd0-bb6b-129583c5e8f4"",""deployment"":""65be7d91-a0e8-40d7-8fa9-14aa89a4add1"",""replica"":""a840cb83-51a9-4b35-8087-f3b0edb637f4""}",2026-02-24T16:57:46.113636150Z
"    |     self(*args, **kw)","{""level"":""error""}","{""project"":""82a60368-a35f-407d-b91c-fda7c4df0a50"",""environment"":""35a62989-f226-4922-a94f-05b71577983e"",""service"":""edd77b6a-44ec-4dd0-bb6b-129583c5e8f4"",""deployment"":""65be7d91-a0e8-40d7-8fa9-14aa89a4add1"",""replica"":""a840cb83-51a9-4b35-8087-f3b0edb637f4""}",2026-02-24T16:57:46.113641242Z
"    |   File ""/usr/local/lib/python3.11/site-packages/sqlalchemy/event/attr.py"", line 487, in __call__","{""level"":""error""}","{""project"":""82a60368-a35f-407d-b91c-fda7c4df0a50"",""environment"":""35a62989-f226-4922-a94f-05b71577983e"",""service"":""edd77b6a-44ec-4dd0-bb6b-129583c5e8f4"",""deployment"":""65be7d91-a0e8-40d7-8fa9-14aa89a4add1"",""replica"":""a840cb83-51a9-4b35-8087-f3b0edb637f4""}",2026-02-24T16:57:46.113655967Z
"    |     fn(*args, **kw)","{""level"":""error""}","{""project"":""82a60368-a35f-407d-b91c-fda7c4df0a50"",""environment"":""35a62989-f226-4922-a94f-05b71577983e"",""service"":""edd77b6a-44ec-4dd0-bb6b-129583c5e8f4"",""deployment"":""65be7d91-a0e8-40d7-8fa9-14aa89a4add1"",""replica"":""a840cb83-51a9-4b35-8087-f3b0edb637f4""}",2026-02-24T16:57:46.113661149Z
"    |   File ""/usr/local/lib/python3.11/site-packages/sqlalchemy/engine/create.py"", line 704, in on_connect","{""level"":""error""}","{""project"":""82a60368-a35f-407d-b91c-fda7c4df0a50"",""environment"":""35a62989-f226-4922-a94f-05b71577983e"",""service"":""edd77b6a-44ec-4dd0-bb6b-129583c5e8f4"",""deployment"":""65be7d91-a0e8-40d7-8fa9-14aa89a4add1"",""replica"":""a840cb83-51a9-4b35-8087-f3b0edb637f4""}",2026-02-24T16:57:46.113666331Z
    |     do_on_connect(dbapi_connection),"{""level"":""error""}","{""project"":""82a60368-a35f-407d-b91c-fda7c4df0a50"",""environment"":""35a62989-f226-4922-a94f-05b71577983e"",""service"":""edd77b6a-44ec-4dd0-bb6b-129583c5e8f4"",""deployment"":""65be7d91-a0e8-40d7-8fa9-14aa89a4add1"",""replica"":""a840cb83-51a9-4b35-8087-f3b0edb637f4""}",2026-02-24T16:57:46.113673046Z
"    |   File ""/usr/local/lib/python3.11/site-packages/sqlalchemy/dialects/postgresql/asyncpg.py"", line 1240, in connect","{""level"":""error""}","{""project"":""82a60368-a35f-407d-b91c-fda7c4df0a50"",""environment"":""35a62989-f226-4922-a94f-05b71577983e"",""service"":""edd77b6a-44ec-4dd0-bb6b-129583c5e8f4"",""deployment"":""65be7d91-a0e8-40d7-8fa9-14aa89a4add1"",""replica"":""a840cb83-51a9-4b35-8087-f3b0edb637f4""}",2026-02-24T16:57:46.113678210Z
    |     conn.await_(self.setup_asyncpg_json_codec(conn)),"{""level"":""error""}","{""project"":""82a60368-a35f-407d-b91c-fda7c4df0a50"",""environment"":""35a62989-f226-4922-a94f-05b71577983e"",""service"":""edd77b6a-44ec-4dd0-bb6b-129583c5e8f4"",""deployment"":""65be7d91-a0e8-40d7-8fa9-14aa89a4add1"",""replica"":""a840cb83-51a9-4b35-8087-f3b0edb637f4""}",2026-02-24T16:57:46.113682667Z
"    |   File ""/usr/local/lib/python3.11/site-packages/sqlalchemy/util/_concurrency_py3k.py"", line 125, in await_only","{""level"":""error""}","{""project"":""82a60368-a35f-407d-b91c-fda7c4df0a50"",""environment"":""35a62989-f226-4922-a94f-05b71577983e"",""service"":""edd77b6a-44ec-4dd0-bb6b-129583c5e8f4"",""deployment"":""65be7d91-a0e8-40d7-8fa9-14aa89a4add1"",""replica"":""a840cb83-51a9-4b35-8087-f3b0edb637f4""}",2026-02-24T16:57:46.113687901Z
    |     return current.driver.switch(awaitable)  # type: ignore[no-any-return],"{""level"":""error""}","{""project"":""82a60368-a35f-407d-b91c-fda7c4df0a50"",""environment"":""35a62989-f226-4922-a94f-05b71577983e"",""service"":""edd77b6a-44ec-4dd0-bb6b-129583c5e8f4"",""deployment"":""65be7d91-a0e8-40d7-8fa9-14aa89a4add1"",""replica"":""a840cb83-51a9-4b35-8087-f3b0edb637f4""}",2026-02-24T16:57:46.113692751Z
    |            ^^^^^^^^^^^^^^^^^^^^^^^^^^^^^^^^,"{""level"":""error""}","{""project"":""82a60368-a35f-407d-b91c-fda7c4df0a50"",""environment"":""35a62989-f226-4922-a94f-05b71577983e"",""service"":""edd77b6a-44ec-4dd0-bb6b-129583c5e8f4"",""deployment"":""65be7d91-a0e8-40d7-8fa9-14aa89a4add1"",""replica"":""a840cb83-51a9-4b35-8087-f3b0edb637f4""}",2026-02-24T16:57:46.113698979Z
"    |   File ""/usr/local/lib/python3.11/site-packages/sqlalchemy/util/_concurrency_py3k.py"", line 185, in greenlet_spawn","{""level"":""error""}","{""project"":""82a60368-a35f-407d-b91c-fda7c4df0a50"",""environment"":""35a62989-f226-4922-a94f-05b71577983e"",""service"":""edd77b6a-44ec-4dd0-bb6b-129583c5e8f4"",""deployment"":""65be7d91-a0e8-40d7-8fa9-14aa89a4add1"",""replica"":""a840cb83-51a9-4b35-8087-f3b0edb637f4""}",2026-02-24T16:57:46.113703680Z
    |     value = await result,"{""level"":""error""}","{""project"":""82a60368-a35f-407d-b91c-fda7c4df0a50"",""environment"":""35a62989-f226-4922-a94f-05b71577983e"",""service"":""edd77b6a-44ec-4dd0-bb6b-129583c5e8f4"",""deployment"":""65be7d91-a0e8-40d7-8fa9-14aa89a4add1"",""replica"":""a840cb83-51a9-4b35-8087-f3b0edb637f4""}",2026-02-24T16:57:46.113708795Z
    |             ^^^^^^^^^^^^,"{""level"":""error""}","{""project"":""82a60368-a35f-407d-b91c-fda7c4df0a50"",""environment"":""35a62989-f226-4922-a94f-05b71577983e"",""service"":""edd77b6a-44ec-4dd0-bb6b-129583c5e8f4"",""deployment"":""65be7d91-a0e8-40d7-8fa9-14aa89a4add1"",""replica"":""a840cb83-51a9-4b35-8087-f3b0edb637f4""}",2026-02-24T16:57:46.113714019Z
"    |   File ""/usr/local/lib/python3.11/site-packages/sqlalchemy/dialects/postgresql/asyncpg.py"", line 1166, in setup_asyncpg_json_codec","{""level"":""error""}","{""project"":""82a60368-a35f-407d-b91c-fda7c4df0a50"",""environment"":""35a62989-f226-4922-a94f-05b71577983e"",""service"":""edd77b6a-44ec-4dd0-bb6b-129583c5e8f4"",""deployment"":""65be7d91-a0e8-40d7-8fa9-14aa89a4add1"",""replica"":""a840cb83-51a9-4b35-8087-f3b0edb637f4""}",2026-02-24T16:57:46.113719854Z
"    |   File ""/usr/local/lib/python3.11/site-packages/asyncpg/connection.py"", line 397, in _get_statement","{""level"":""error""}","{""project"":""82a60368-a35f-407d-b91c-fda7c4df0a50"",""environment"":""35a62989-f226-4922-a94f-05b71577983e"",""service"":""edd77b6a-44ec-4dd0-bb6b-129583c5e8f4"",""deployment"":""65be7d91-a0e8-40d7-8fa9-14aa89a4add1"",""replica"":""a840cb83-51a9-4b35-8087-f3b0edb637f4""}",2026-02-24T16:57:46.115212356Z
    |     await asyncpg_connection.set_type_codec(,"{""level"":""error""}","{""project"":""82a60368-a35f-407d-b91c-fda7c4df0a50"",""environment"":""35a62989-f226-4922-a94f-05b71577983e"",""service"":""edd77b6a-44ec-4dd0-bb6b-129583c5e8f4"",""deployment"":""65be7d91-a0e8-40d7-8fa9-14aa89a4add1"",""replica"":""a840cb83-51a9-4b35-8087-f3b0edb637f4""}",2026-02-24T16:57:46.115213328Z
"    |   File ""/usr/local/lib/python3.11/site-packages/asyncpg/connection.py"", line 1221, in set_type_codec","{""level"":""error""}","{""project"":""82a60368-a35f-407d-b91c-fda7c4df0a50"",""environment"":""35a62989-f226-4922-a94f-05b71577983e"",""service"":""edd77b6a-44ec-4dd0-bb6b-129583c5e8f4"",""deployment"":""65be7d91-a0e8-40d7-8fa9-14aa89a4add1"",""replica"":""a840cb83-51a9-4b35-8087-f3b0edb637f4""}",2026-02-24T16:57:46.115224204Z
    |     statement = await self._protocol.prepare(,"{""level"":""error""}","{""project"":""82a60368-a35f-407d-b91c-fda7c4df0a50"",""environment"":""35a62989-f226-4922-a94f-05b71577983e"",""service"":""edd77b6a-44ec-4dd0-bb6b-129583c5e8f4"",""deployment"":""65be7d91-a0e8-40d7-8fa9-14aa89a4add1"",""replica"":""a840cb83-51a9-4b35-8087-f3b0edb637f4""}",2026-02-24T16:57:46.115226277Z
"    |     typeinfo = await self._introspect_type(typename, schema)","{""level"":""error""}","{""project"":""82a60368-a35f-407d-b91c-fda7c4df0a50"",""environment"":""35a62989-f226-4922-a94f-05b71577983e"",""service"":""edd77b6a-44ec-4dd0-bb6b-129583c5e8f4"",""deployment"":""65be7d91-a0e8-40d7-8fa9-14aa89a4add1"",""replica"":""a840cb83-51a9-4b35-8087-f3b0edb637f4""}",2026-02-24T16:57:46.115233860Z
    |                 ^^^^^^^^^^^^^^^^^^^^^^^^^^^^^,"{""level"":""error""}","{""project"":""82a60368-a35f-407d-b91c-fda7c4df0a50"",""environment"":""35a62989-f226-4922-a94f-05b71577983e"",""service"":""edd77b6a-44ec-4dd0-bb6b-129583c5e8f4"",""deployment"":""65be7d91-a0e8-40d7-8fa9-14aa89a4add1"",""replica"":""a840cb83-51a9-4b35-8087-f3b0edb637f4""}",2026-02-24T16:57:46.115236625Z
    |                ^^^^^^^^^^^^^^^^^^^^^^^^^^^^^^^^^^^^^^^^^^^^^,"{""level"":""error""}","{""project"":""82a60368-a35f-407d-b91c-fda7c4df0a50"",""environment"":""35a62989-f226-4922-a94f-05b71577983e"",""service"":""edd77b6a-44ec-4dd0-bb6b-129583c5e8f4"",""deployment"":""65be7d91-a0e8-40d7-8fa9-14aa89a4add1"",""replica"":""a840cb83-51a9-4b35-8087-f3b0edb637f4""}",2026-02-24T16:57:46.115241652Z
"    |   File ""/usr/local/lib/python3.11/site-packages/asyncpg/connection.py"", line 472, in _introspect_type","{""level"":""error""}","{""project"":""82a60368-a35f-407d-b91c-fda7c4df0a50"",""environment"":""35a62989-f226-4922-a94f-05b71577983e"",""service"":""edd77b6a-44ec-4dd0-bb6b-129583c5e8f4"",""deployment"":""65be7d91-a0e8-40d7-8fa9-14aa89a4add1"",""replica"":""a840cb83-51a9-4b35-8087-f3b0edb637f4""}",2026-02-24T16:57:46.115247465Z
    |     rows = await self._execute(,"{""level"":""error""}","{""project"":""82a60368-a35f-407d-b91c-fda7c4df0a50"",""environment"":""35a62989-f226-4922-a94f-05b71577983e"",""service"":""edd77b6a-44ec-4dd0-bb6b-129583c5e8f4"",""deployment"":""65be7d91-a0e8-40d7-8fa9-14aa89a4add1"",""replica"":""a840cb83-51a9-4b35-8087-f3b0edb637f4""}",2026-02-24T16:57:46.115251998Z
    |            ^^^^^^^^^^^^^^^^^^^^,"{""level"":""error""}","{""project"":""82a60368-a35f-407d-b91c-fda7c4df0a50"",""environment"":""35a62989-f226-4922-a94f-05b71577983e"",""service"":""edd77b6a-44ec-4dd0-bb6b-129583c5e8f4"",""deployment"":""65be7d91-a0e8-40d7-8fa9-14aa89a4add1"",""replica"":""a840cb83-51a9-4b35-8087-f3b0edb637f4""}",2026-02-24T16:57:46.115256069Z
"    |   File ""/usr/local/lib/python3.11/site-packages/asyncpg/connection.py"", line 1659, in _execute","{""level"":""error""}","{""project"":""82a60368-a35f-407d-b91c-fda7c4df0a50"",""environment"":""35a62989-f226-4922-a94f-05b71577983e"",""service"":""edd77b6a-44ec-4dd0-bb6b-129583c5e8f4"",""deployment"":""65be7d91-a0e8-40d7-8fa9-14aa89a4add1"",""replica"":""a840cb83-51a9-4b35-8087-f3b0edb637f4""}",2026-02-24T16:57:46.115260140Z
"    |     result, _ = await self.__execute(","{""level"":""error""}","{""project"":""82a60368-a35f-407d-b91c-fda7c4df0a50"",""environment"":""35a62989-f226-4922-a94f-05b71577983e"",""service"":""edd77b6a-44ec-4dd0-bb6b-129583c5e8f4"",""deployment"":""65be7d91-a0e8-40d7-8fa9-14aa89a4add1"",""replica"":""a840cb83-51a9-4b35-8087-f3b0edb637f4""}",2026-02-24T16:57:46.115264259Z
    |                 ^^^^^^^^^^^^^^^^^^^^^,"{""level"":""error""}","{""project"":""82a60368-a35f-407d-b91c-fda7c4df0a50"",""environment"":""35a62989-f226-4922-a94f-05b71577983e"",""service"":""edd77b6a-44ec-4dd0-bb6b-129583c5e8f4"",""deployment"":""65be7d91-a0e8-40d7-8fa9-14aa89a4add1"",""replica"":""a840cb83-51a9-4b35-8087-f3b0edb637f4""}",2026-02-24T16:57:46.115268611Z
"    |   File ""/usr/local/lib/python3.11/site-packages/asyncpg/connection.py"", line 1684, in __execute","{""level"":""error""}","{""project"":""82a60368-a35f-407d-b91c-fda7c4df0a50"",""environment"":""35a62989-f226-4922-a94f-05b71577983e"",""service"":""edd77b6a-44ec-4dd0-bb6b-129583c5e8f4"",""deployment"":""65be7d91-a0e8-40d7-8fa9-14aa89a4add1"",""replica"":""a840cb83-51a9-4b35-8087-f3b0edb637f4""}",2026-02-24T16:57:46.115272551Z
    |     return await self._do_execute(,"{""level"":""error""}","{""project"":""82a60368-a35f-407d-b91c-fda7c4df0a50"",""environment"":""35a62989-f226-4922-a94f-05b71577983e"",""service"":""edd77b6a-44ec-4dd0-bb6b-129583c5e8f4"",""deployment"":""65be7d91-a0e8-40d7-8fa9-14aa89a4add1"",""replica"":""a840cb83-51a9-4b35-8087-f3b0edb637f4""}",2026-02-24T16:57:46.115276609Z
    |            ^^^^^^^^^^^^^^^^^^^^^^^,"{""level"":""error""}","{""project"":""82a60368-a35f-407d-b91c-fda7c4df0a50"",""environment"":""35a62989-f226-4922-a94f-05b71577983e"",""service"":""edd77b6a-44ec-4dd0-bb6b-129583c5e8f4"",""deployment"":""65be7d91-a0e8-40d7-8fa9-14aa89a4add1"",""replica"":""a840cb83-51a9-4b35-8087-f3b0edb637f4""}",2026-02-24T16:57:46.115281227Z
"    |   File ""/usr/local/lib/python3.11/site-packages/asyncpg/connection.py"", line 1711, in _do_execute","{""level"":""error""}","{""project"":""82a60368-a35f-407d-b91c-fda7c4df0a50"",""environment"":""35a62989-f226-4922-a94f-05b71577983e"",""service"":""edd77b6a-44ec-4dd0-bb6b-129583c5e8f4"",""deployment"":""65be7d91-a0e8-40d7-8fa9-14aa89a4add1"",""replica"":""a840cb83-51a9-4b35-8087-f3b0edb637f4""}",2026-02-24T16:57:46.115284684Z
    |     stmt = await self._get_statement(,"{""level"":""error""}","{""project"":""82a60368-a35f-407d-b91c-fda7c4df0a50"",""environment"":""35a62989-f226-4922-a94f-05b71577983e"",""service"":""edd77b6a-44ec-4dd0-bb6b-129583c5e8f4"",""deployment"":""65be7d91-a0e8-40d7-8fa9-14aa89a4add1"",""replica"":""a840cb83-51a9-4b35-8087-f3b0edb637f4""}",2026-02-24T16:57:46.115289217Z
    |            ^^^^^^^^^^^^^^^^^^^^^^^^^^,"{""level"":""error""}","{""project"":""82a60368-a35f-407d-b91c-fda7c4df0a50"",""environment"":""35a62989-f226-4922-a94f-05b71577983e"",""service"":""edd77b6a-44ec-4dd0-bb6b-129583c5e8f4"",""deployment"":""65be7d91-a0e8-40d7-8fa9-14aa89a4add1"",""replica"":""a840cb83-51a9-4b35-8087-f3b0edb637f4""}",2026-02-24T16:57:46.115293153Z
"    |   File ""asyncpg/protocol/protocol.pyx"", line 168, in prepare","{""level"":""error""}","{""project"":""82a60368-a35f-407d-b91c-fda7c4df0a50"",""environment"":""35a62989-f226-4922-a94f-05b71577983e"",""service"":""edd77b6a-44ec-4dd0-bb6b-129583c5e8f4"",""deployment"":""65be7d91-a0e8-40d7-8fa9-14aa89a4add1"",""replica"":""a840cb83-51a9-4b35-8087-f3b0edb637f4""}",2026-02-24T16:57:46.116558063Z
"    | asyncpg.exceptions.DuplicatePreparedStatementError: prepared statement ""__asyncpg_stmt_4__"" already exists","{""level"":""error""}","{""project"":""82a60368-a35f-407d-b91c-fda7c4df0a50"",""environment"":""35a62989-f226-4922-a94f-05b71577983e"",""service"":""edd77b6a-44ec-4dd0-bb6b-129583c5e8f4"",""deployment"":""65be7d91-a0e8-40d7-8fa9-14aa89a4add1"",""replica"":""a840cb83-51a9-4b35-8087-f3b0edb637f4""}",2026-02-24T16:57:46.116564218Z
    | HINT:  ,"{""level"":""error""}","{""project"":""82a60368-a35f-407d-b91c-fda7c4df0a50"",""environment"":""35a62989-f226-4922-a94f-05b71577983e"",""service"":""edd77b6a-44ec-4dd0-bb6b-129583c5e8f4"",""deployment"":""65be7d91-a0e8-40d7-8fa9-14aa89a4add1"",""replica"":""a840cb83-51a9-4b35-8087-f3b0edb637f4""}",2026-02-24T16:57:46.116568542Z
"    | NOTE: pgbouncer with pool_mode set to ""transaction"" or","{""level"":""error""}","{""project"":""82a60368-a35f-407d-b91c-fda7c4df0a50"",""environment"":""35a62989-f226-4922-a94f-05b71577983e"",""service"":""edd77b6a-44ec-4dd0-bb6b-129583c5e8f4"",""deployment"":""65be7d91-a0e8-40d7-8fa9-14aa89a4add1"",""replica"":""a840cb83-51a9-4b35-8087-f3b0edb637f4""}",2026-02-24T16:57:46.116572704Z
"    | ""statement"" does not support prepared statements properly.","{""level"":""error""}","{""project"":""82a60368-a35f-407d-b91c-fda7c4df0a50"",""environment"":""35a62989-f226-4922-a94f-05b71577983e"",""service"":""edd77b6a-44ec-4dd0-bb6b-129583c5e8f4"",""deployment"":""65be7d91-a0e8-40d7-8fa9-14aa89a4add1"",""replica"":""a840cb83-51a9-4b35-8087-f3b0edb637f4""}",2026-02-24T16:57:46.116576860Z
    | You have two options:,"{""level"":""error""}","{""project"":""82a60368-a35f-407d-b91c-fda7c4df0a50"",""environment"":""35a62989-f226-4922-a94f-05b71577983e"",""service"":""edd77b6a-44ec-4dd0-bb6b-129583c5e8f4"",""deployment"":""65be7d91-a0e8-40d7-8fa9-14aa89a4add1"",""replica"":""a840cb83-51a9-4b35-8087-f3b0edb637f4""}",2026-02-24T16:57:46.116580703Z
    | ,"{""level"":""error""}","{""project"":""82a60368-a35f-407d-b91c-fda7c4df0a50"",""environment"":""35a62989-f226-4922-a94f-05b71577983e"",""service"":""edd77b6a-44ec-4dd0-bb6b-129583c5e8f4"",""deployment"":""65be7d91-a0e8-40d7-8fa9-14aa89a4add1"",""replica"":""a840cb83-51a9-4b35-8087-f3b0edb637f4""}",2026-02-24T16:57:46.116585065Z
    | * if you are using pgbouncer for connection pooling to a,"{""level"":""error""}","{""project"":""82a60368-a35f-407d-b91c-fda7c4df0a50"",""environment"":""35a62989-f226-4922-a94f-05b71577983e"",""service"":""edd77b6a-44ec-4dd0-bb6b-129583c5e8f4"",""deployment"":""65be7d91-a0e8-40d7-8fa9-14aa89a4add1"",""replica"":""a840cb83-51a9-4b35-8087-f3b0edb637f4""}",2026-02-24T16:57:46.116589029Z
"    |   single server, switch to the connection pool functionality","{""level"":""error""}","{""project"":""82a60368-a35f-407d-b91c-fda7c4df0a50"",""environment"":""35a62989-f226-4922-a94f-05b71577983e"",""service"":""edd77b6a-44ec-4dd0-bb6b-129583c5e8f4"",""deployment"":""65be7d91-a0e8-40d7-8fa9-14aa89a4add1"",""replica"":""a840cb83-51a9-4b35-8087-f3b0edb637f4""}",2026-02-24T16:57:46.116593813Z
"    |   provided by asyncpg, it is a much better option for this","{""level"":""error""}","{""project"":""82a60368-a35f-407d-b91c-fda7c4df0a50"",""environment"":""35a62989-f226-4922-a94f-05b71577983e"",""service"":""edd77b6a-44ec-4dd0-bb6b-129583c5e8f4"",""deployment"":""65be7d91-a0e8-40d7-8fa9-14aa89a4add1"",""replica"":""a840cb83-51a9-4b35-8087-f3b0edb637f4""}",2026-02-24T16:57:46.116598126Z
    |   purpose;,"{""level"":""error""}","{""project"":""82a60368-a35f-407d-b91c-fda7c4df0a50"",""environment"":""35a62989-f226-4922-a94f-05b71577983e"",""service"":""edd77b6a-44ec-4dd0-bb6b-129583c5e8f4"",""deployment"":""65be7d91-a0e8-40d7-8fa9-14aa89a4add1"",""replica"":""a840cb83-51a9-4b35-8087-f3b0edb637f4""}",2026-02-24T16:57:46.116602225Z
    | ,"{""level"":""error""}","{""project"":""82a60368-a35f-407d-b91c-fda7c4df0a50"",""environment"":""35a62989-f226-4922-a94f-05b71577983e"",""service"":""edd77b6a-44ec-4dd0-bb6b-129583c5e8f4"",""deployment"":""65be7d91-a0e8-40d7-8fa9-14aa89a4add1"",""replica"":""a840cb83-51a9-4b35-8087-f3b0edb637f4""}",2026-02-24T16:57:46.116606461Z
"    | * if you have no option of avoiding the use of pgbouncer,","{""level"":""error""}","{""project"":""82a60368-a35f-407d-b91c-fda7c4df0a50"",""environment"":""35a62989-f226-4922-a94f-05b71577983e"",""service"":""edd77b6a-44ec-4dd0-bb6b-129583c5e8f4"",""deployment"":""65be7d91-a0e8-40d7-8fa9-14aa89a4add1"",""replica"":""a840cb83-51a9-4b35-8087-f3b0edb637f4""}",2026-02-24T16:57:46.116610735Z
    |   then you can set statement_cache_size to 0 when creating,"{""level"":""error""}","{""project"":""82a60368-a35f-407d-b91c-fda7c4df0a50"",""environment"":""35a62989-f226-4922-a94f-05b71577983e"",""service"":""edd77b6a-44ec-4dd0-bb6b-129583c5e8f4"",""deployment"":""65be7d91-a0e8-40d7-8fa9-14aa89a4add1"",""replica"":""a840cb83-51a9-4b35-8087-f3b0edb637f4""}",2026-02-24T16:57:46.116614405Z
    |   the asyncpg connection object.,"{""level"":""error""}","{""project"":""82a60368-a35f-407d-b91c-fda7c4df0a50"",""environment"":""35a62989-f226-4922-a94f-05b71577983e"",""service"":""edd77b6a-44ec-4dd0-bb6b-129583c5e8f4"",""deployment"":""65be7d91-a0e8-40d7-8fa9-14aa89a4add1"",""replica"":""a840cb83-51a9-4b35-8087-f3b0edb637f4""}",2026-02-24T16:57:46.116618198Z
    | ,"{""level"":""error""}","{""project"":""82a60368-a35f-407d-b91c-fda7c4df0a50"",""environment"":""35a62989-f226-4922-a94f-05b71577983e"",""service"":""edd77b6a-44ec-4dd0-bb6b-129583c5e8f4"",""deployment"":""65be7d91-a0e8-40d7-8fa9-14aa89a4add1"",""replica"":""a840cb83-51a9-4b35-8087-f3b0edb637f4""}",2026-02-24T16:57:46.116622157Z
    +------------------------------------,"{""level"":""error""}","{""project"":""82a60368-a35f-407d-b91c-fda7c4df0a50"",""environment"":""35a62989-f226-4922-a94f-05b71577983e"",""service"":""edd77b6a-44ec-4dd0-bb6b-129583c5e8f4"",""deployment"":""65be7d91-a0e8-40d7-8fa9-14aa89a4add1"",""replica"":""a840cb83-51a9-4b35-8087-f3b0edb637f4""}",2026-02-24T16:57:46.116626016Z
,"{""level"":""error""}","{""project"":""82a60368-a35f-407d-b91c-fda7c4df0a50"",""environment"":""35a62989-f226-4922-a94f-05b71577983e"",""service"":""edd77b6a-44ec-4dd0-bb6b-129583c5e8f4"",""deployment"":""65be7d91-a0e8-40d7-8fa9-14aa89a4add1"",""replica"":""a840cb83-51a9-4b35-8087-f3b0edb637f4""}",2026-02-24T16:57:46.116630507Z
"During handling of the above exception, another exception occurred:","{""level"":""error""}","{""project"":""82a60368-a35f-407d-b91c-fda7c4df0a50"",""environment"":""35a62989-f226-4922-a94f-05b71577983e"",""service"":""edd77b6a-44ec-4dd0-bb6b-129583c5e8f4"",""deployment"":""65be7d91-a0e8-40d7-8fa9-14aa89a4add1"",""replica"":""a840cb83-51a9-4b35-8087-f3b0edb637f4""}",2026-02-24T16:57:46.116634470Z
,"{""level"":""error""}","{""project"":""82a60368-a35f-407d-b91c-fda7c4df0a50"",""environment"":""35a62989-f226-4922-a94f-05b71577983e"",""service"":""edd77b6a-44ec-4dd0-bb6b-129583c5e8f4"",""deployment"":""65be7d91-a0e8-40d7-8fa9-14aa89a4add1"",""replica"":""a840cb83-51a9-4b35-8087-f3b0edb637f4""}",2026-02-24T16:57:46.116638634Z
Traceback (most recent call last):,"{""level"":""error""}","{""project"":""82a60368-a35f-407d-b91c-fda7c4df0a50"",""environment"":""35a62989-f226-4922-a94f-05b71577983e"",""service"":""edd77b6a-44ec-4dd0-bb6b-129583c5e8f4"",""deployment"":""65be7d91-a0e8-40d7-8fa9-14aa89a4add1"",""replica"":""a840cb83-51a9-4b35-8087-f3b0edb637f4""}",2026-02-24T16:57:46.116642474Z
"  File ""/usr/local/lib/python3.11/site-packages/uvicorn/protocols/http/h11_impl.py"", line 408, in run_asgi","{""level"":""error""}","{""project"":""82a60368-a35f-407d-b91c-fda7c4df0a50"",""environment"":""35a62989-f226-4922-a94f-05b71577983e"",""service"":""edd77b6a-44ec-4dd0-bb6b-129583c5e8f4"",""deployment"":""65be7d91-a0e8-40d7-8fa9-14aa89a4add1"",""replica"":""a840cb83-51a9-4b35-8087-f3b0edb637f4""}",2026-02-24T16:57:46.116646534Z
    result = await app(  # type: ignore[func-returns-value],"{""level"":""error""}","{""project"":""82a60368-a35f-407d-b91c-fda7c4df0a50"",""environment"":""35a62989-f226-4922-a94f-05b71577983e"",""service"":""edd77b6a-44ec-4dd0-bb6b-129583c5e8f4"",""deployment"":""65be7d91-a0e8-40d7-8fa9-14aa89a4add1"",""replica"":""a840cb83-51a9-4b35-8087-f3b0edb637f4""}",2026-02-24T16:57:46.116649719Z
             ^^^^^^^^^^^^^^^^^^^^^^^^^^^^^^^^^^^^^^^^^^^^^^,"{""level"":""error""}","{""project"":""82a60368-a35f-407d-b91c-fda7c4df0a50"",""environment"":""35a62989-f226-4922-a94f-05b71577983e"",""service"":""edd77b6a-44ec-4dd0-bb6b-129583c5e8f4"",""deployment"":""65be7d91-a0e8-40d7-8fa9-14aa89a4add1"",""replica"":""a840cb83-51a9-4b35-8087-f3b0edb637f4""}",2026-02-24T16:57:46.117838254Z
"  File ""/usr/local/lib/python3.11/site-packages/starlette/_utils.py"", line 91, in collapse_excgroups","{""level"":""error""}","{""project"":""82a60368-a35f-407d-b91c-fda7c4df0a50"",""environment"":""35a62989-f226-4922-a94f-05b71577983e"",""service"":""edd77b6a-44ec-4dd0-bb6b-129583c5e8f4"",""deployment"":""65be7d91-a0e8-40d7-8fa9-14aa89a4add1"",""replica"":""a840cb83-51a9-4b35-8087-f3b0edb637f4""}",2026-02-24T16:57:46.117846190Z
"  File ""/usr/local/lib/python3.11/site-packages/uvicorn/middleware/proxy_headers.py"", line 84, in __call__","{""level"":""error""}","{""project"":""82a60368-a35f-407d-b91c-fda7c4df0a50"",""environment"":""35a62989-f226-4922-a94f-05b71577983e"",""service"":""edd77b6a-44ec-4dd0-bb6b-129583c5e8f4"",""deployment"":""65be7d91-a0e8-40d7-8fa9-14aa89a4add1"",""replica"":""a840cb83-51a9-4b35-8087-f3b0edb637f4""}",2026-02-24T16:57:46.117849099Z
"    return await self.app(scope, receive, send)","{""level"":""error""}","{""project"":""82a60368-a35f-407d-b91c-fda7c4df0a50"",""environment"":""35a62989-f226-4922-a94f-05b71577983e"",""service"":""edd77b6a-44ec-4dd0-bb6b-129583c5e8f4"",""deployment"":""65be7d91-a0e8-40d7-8fa9-14aa89a4add1"",""replica"":""a840cb83-51a9-4b35-8087-f3b0edb637f4""}",2026-02-24T16:57:46.117857011Z
    raise exc,"{""level"":""error""}","{""project"":""82a60368-a35f-407d-b91c-fda7c4df0a50"",""environment"":""35a62989-f226-4922-a94f-05b71577983e"",""service"":""edd77b6a-44ec-4dd0-bb6b-129583c5e8f4"",""deployment"":""65be7d91-a0e8-40d7-8fa9-14aa89a4add1"",""replica"":""a840cb83-51a9-4b35-8087-f3b0edb637f4""}",2026-02-24T16:57:46.117858191Z
           ^^^^^^^^^^^^^^^^^^^^^^^^^^^^^^^^^^^^,"{""level"":""error""}","{""project"":""82a60368-a35f-407d-b91c-fda7c4df0a50"",""environment"":""35a62989-f226-4922-a94f-05b71577983e"",""service"":""edd77b6a-44ec-4dd0-bb6b-129583c5e8f4"",""deployment"":""65be7d91-a0e8-40d7-8fa9-14aa89a4add1"",""replica"":""a840cb83-51a9-4b35-8087-f3b0edb637f4""}",2026-02-24T16:57:46.117867167Z
"  File ""/usr/local/lib/python3.11/site-packages/starlette/middleware/base.py"", line 191, in __call__","{""level"":""error""}","{""project"":""82a60368-a35f-407d-b91c-fda7c4df0a50"",""environment"":""35a62989-f226-4922-a94f-05b71577983e"",""service"":""edd77b6a-44ec-4dd0-bb6b-129583c5e8f4"",""deployment"":""65be7d91-a0e8-40d7-8fa9-14aa89a4add1"",""replica"":""a840cb83-51a9-4b35-8087-f3b0edb637f4""}",2026-02-24T16:57:46.117868306Z
"  File ""/usr/local/lib/python3.11/site-packages/fastapi/applications.py"", line 1054, in __call__","{""level"":""error""}","{""project"":""82a60368-a35f-407d-b91c-fda7c4df0a50"",""environment"":""35a62989-f226-4922-a94f-05b71577983e"",""service"":""edd77b6a-44ec-4dd0-bb6b-129583c5e8f4"",""deployment"":""65be7d91-a0e8-40d7-8fa9-14aa89a4add1"",""replica"":""a840cb83-51a9-4b35-8087-f3b0edb637f4""}",2026-02-24T16:57:46.117874268Z
"    await super().__call__(scope, receive, send)","{""level"":""error""}","{""project"":""82a60368-a35f-407d-b91c-fda7c4df0a50"",""environment"":""35a62989-f226-4922-a94f-05b71577983e"",""service"":""edd77b6a-44ec-4dd0-bb6b-129583c5e8f4"",""deployment"":""65be7d91-a0e8-40d7-8fa9-14aa89a4add1"",""replica"":""a840cb83-51a9-4b35-8087-f3b0edb637f4""}",2026-02-24T16:57:46.117878879Z
"  File ""/usr/local/lib/python3.11/site-packages/starlette/applications.py"", line 123, in __call__","{""level"":""error""}","{""project"":""82a60368-a35f-407d-b91c-fda7c4df0a50"",""environment"":""35a62989-f226-4922-a94f-05b71577983e"",""service"":""edd77b6a-44ec-4dd0-bb6b-129583c5e8f4"",""deployment"":""65be7d91-a0e8-40d7-8fa9-14aa89a4add1"",""replica"":""a840cb83-51a9-4b35-8087-f3b0edb637f4""}",2026-02-24T16:57:46.117883745Z
"    await self.middleware_stack(scope, receive, send)","{""level"":""error""}","{""project"":""82a60368-a35f-407d-b91c-fda7c4df0a50"",""environment"":""35a62989-f226-4922-a94f-05b71577983e"",""service"":""edd77b6a-44ec-4dd0-bb6b-129583c5e8f4"",""deployment"":""65be7d91-a0e8-40d7-8fa9-14aa89a4add1"",""replica"":""a840cb83-51a9-4b35-8087-f3b0edb637f4""}",2026-02-24T16:57:46.117888871Z
"  File ""/usr/local/lib/python3.11/site-packages/starlette/middleware/errors.py"", line 186, in __call__","{""level"":""error""}","{""project"":""82a60368-a35f-407d-b91c-fda7c4df0a50"",""environment"":""35a62989-f226-4922-a94f-05b71577983e"",""service"":""edd77b6a-44ec-4dd0-bb6b-129583c5e8f4"",""deployment"":""65be7d91-a0e8-40d7-8fa9-14aa89a4add1"",""replica"":""a840cb83-51a9-4b35-8087-f3b0edb637f4""}",2026-02-24T16:57:46.117893458Z
    raise exc,"{""level"":""error""}","{""project"":""82a60368-a35f-407d-b91c-fda7c4df0a50"",""environment"":""35a62989-f226-4922-a94f-05b71577983e"",""service"":""edd77b6a-44ec-4dd0-bb6b-129583c5e8f4"",""deployment"":""65be7d91-a0e8-40d7-8fa9-14aa89a4add1"",""replica"":""a840cb83-51a9-4b35-8087-f3b0edb637f4""}",2026-02-24T16:57:46.117897728Z
"  File ""/usr/local/lib/python3.11/site-packages/starlette/middleware/errors.py"", line 164, in __call__","{""level"":""error""}","{""project"":""82a60368-a35f-407d-b91c-fda7c4df0a50"",""environment"":""35a62989-f226-4922-a94f-05b71577983e"",""service"":""edd77b6a-44ec-4dd0-bb6b-129583c5e8f4"",""deployment"":""65be7d91-a0e8-40d7-8fa9-14aa89a4add1"",""replica"":""a840cb83-51a9-4b35-8087-f3b0edb637f4""}",2026-02-24T16:57:46.117902240Z
"    await self.app(scope, receive, _send)","{""level"":""error""}","{""project"":""82a60368-a35f-407d-b91c-fda7c4df0a50"",""environment"":""35a62989-f226-4922-a94f-05b71577983e"",""service"":""edd77b6a-44ec-4dd0-bb6b-129583c5e8f4"",""deployment"":""65be7d91-a0e8-40d7-8fa9-14aa89a4add1"",""replica"":""a840cb83-51a9-4b35-8087-f3b0edb637f4""}",2026-02-24T16:57:46.117906663Z
"  File ""/usr/local/lib/python3.11/site-packages/starlette/middleware/base.py"", line 189, in __call__","{""level"":""error""}","{""project"":""82a60368-a35f-407d-b91c-fda7c4df0a50"",""environment"":""35a62989-f226-4922-a94f-05b71577983e"",""service"":""edd77b6a-44ec-4dd0-bb6b-129583c5e8f4"",""deployment"":""65be7d91-a0e8-40d7-8fa9-14aa89a4add1"",""replica"":""a840cb83-51a9-4b35-8087-f3b0edb637f4""}",2026-02-24T16:57:46.117911540Z
    with collapse_excgroups():,"{""level"":""error""}","{""project"":""82a60368-a35f-407d-b91c-fda7c4df0a50"",""environment"":""35a62989-f226-4922-a94f-05b71577983e"",""service"":""edd77b6a-44ec-4dd0-bb6b-129583c5e8f4"",""deployment"":""65be7d91-a0e8-40d7-8fa9-14aa89a4add1"",""replica"":""a840cb83-51a9-4b35-8087-f3b0edb637f4""}",2026-02-24T16:57:46.117915900Z
"  File ""/usr/local/lib/python3.11/contextlib.py"", line 158, in __exit__","{""level"":""error""}","{""project"":""82a60368-a35f-407d-b91c-fda7c4df0a50"",""environment"":""35a62989-f226-4922-a94f-05b71577983e"",""service"":""edd77b6a-44ec-4dd0-bb6b-129583c5e8f4"",""deployment"":""65be7d91-a0e8-40d7-8fa9-14aa89a4add1"",""replica"":""a840cb83-51a9-4b35-8087-f3b0edb637f4""}",2026-02-24T16:57:46.117919946Z
"    self.gen.throw(typ, value, traceback)","{""level"":""error""}","{""project"":""82a60368-a35f-407d-b91c-fda7c4df0a50"",""environment"":""35a62989-f226-4922-a94f-05b71577983e"",""service"":""edd77b6a-44ec-4dd0-bb6b-129583c5e8f4"",""deployment"":""65be7d91-a0e8-40d7-8fa9-14aa89a4add1"",""replica"":""a840cb83-51a9-4b35-8087-f3b0edb637f4""}",2026-02-24T16:57:46.117925191Z
"    response = await self.dispatch_func(request, call_next)","{""level"":""error""}","{""project"":""82a60368-a35f-407d-b91c-fda7c4df0a50"",""environment"":""35a62989-f226-4922-a94f-05b71577983e"",""service"":""edd77b6a-44ec-4dd0-bb6b-129583c5e8f4"",""deployment"":""65be7d91-a0e8-40d7-8fa9-14aa89a4add1"",""replica"":""a840cb83-51a9-4b35-8087-f3b0edb637f4""}",2026-02-24T16:57:46.119139337Z
               ^^^^^^^^^^^^^^^^^^^^^^^^^^^^^^^^^^^^^^^^^^^^,"{""level"":""error""}","{""project"":""82a60368-a35f-407d-b91c-fda7c4df0a50"",""environment"":""35a62989-f226-4922-a94f-05b71577983e"",""service"":""edd77b6a-44ec-4dd0-bb6b-129583c5e8f4"",""deployment"":""65be7d91-a0e8-40d7-8fa9-14aa89a4add1"",""replica"":""a840cb83-51a9-4b35-8087-f3b0edb637f4""}",2026-02-24T16:57:46.119145369Z
"  File ""/app/main.py"", line 113, in handle_forwarded_proto","{""level"":""error""}","{""project"":""82a60368-a35f-407d-b91c-fda7c4df0a50"",""environment"":""35a62989-f226-4922-a94f-05b71577983e"",""service"":""edd77b6a-44ec-4dd0-bb6b-129583c5e8f4"",""deployment"":""65be7d91-a0e8-40d7-8fa9-14aa89a4add1"",""replica"":""a840cb83-51a9-4b35-8087-f3b0edb637f4""}",2026-02-24T16:57:46.119149733Z
    response = await call_next(request),"{""level"":""error""}","{""project"":""82a60368-a35f-407d-b91c-fda7c4df0a50"",""environment"":""35a62989-f226-4922-a94f-05b71577983e"",""service"":""edd77b6a-44ec-4dd0-bb6b-129583c5e8f4"",""deployment"":""65be7d91-a0e8-40d7-8fa9-14aa89a4add1"",""replica"":""a840cb83-51a9-4b35-8087-f3b0edb637f4""}",2026-02-24T16:57:46.119153420Z
               ^^^^^^^^^^^^^^^^^^^^^^^^,"{""level"":""error""}","{""project"":""82a60368-a35f-407d-b91c-fda7c4df0a50"",""environment"":""35a62989-f226-4922-a94f-05b71577983e"",""service"":""edd77b6a-44ec-4dd0-bb6b-129583c5e8f4"",""deployment"":""65be7d91-a0e8-40d7-8fa9-14aa89a4add1"",""replica"":""a840cb83-51a9-4b35-8087-f3b0edb637f4""}",2026-02-24T16:57:46.119156957Z
"  File ""/usr/local/lib/python3.11/site-packages/starlette/middleware/base.py"", line 165, in call_next","{""level"":""error""}","{""project"":""82a60368-a35f-407d-b91c-fda7c4df0a50"",""environment"":""35a62989-f226-4922-a94f-05b71577983e"",""service"":""edd77b6a-44ec-4dd0-bb6b-129583c5e8f4"",""deployment"":""65be7d91-a0e8-40d7-8fa9-14aa89a4add1"",""replica"":""a840cb83-51a9-4b35-8087-f3b0edb637f4""}",2026-02-24T16:57:46.119160536Z
    raise app_exc,"{""level"":""error""}","{""project"":""82a60368-a35f-407d-b91c-fda7c4df0a50"",""environment"":""35a62989-f226-4922-a94f-05b71577983e"",""service"":""edd77b6a-44ec-4dd0-bb6b-129583c5e8f4"",""deployment"":""65be7d91-a0e8-40d7-8fa9-14aa89a4add1"",""replica"":""a840cb83-51a9-4b35-8087-f3b0edb637f4""}",2026-02-24T16:57:46.119164107Z
"  File ""/usr/local/lib/python3.11/site-packages/starlette/middleware/base.py"", line 151, in coro","{""level"":""error""}","{""project"":""82a60368-a35f-407d-b91c-fda7c4df0a50"",""environment"":""35a62989-f226-4922-a94f-05b71577983e"",""service"":""edd77b6a-44ec-4dd0-bb6b-129583c5e8f4"",""deployment"":""65be7d91-a0e8-40d7-8fa9-14aa89a4add1"",""replica"":""a840cb83-51a9-4b35-8087-f3b0edb637f4""}",2026-02-24T16:57:46.119168341Z
"    await self.app(scope, receive_or_disconnect, send_no_error)","{""level"":""error""}","{""project"":""82a60368-a35f-407d-b91c-fda7c4df0a50"",""environment"":""35a62989-f226-4922-a94f-05b71577983e"",""service"":""edd77b6a-44ec-4dd0-bb6b-129583c5e8f4"",""deployment"":""65be7d91-a0e8-40d7-8fa9-14aa89a4add1"",""replica"":""a840cb83-51a9-4b35-8087-f3b0edb637f4""}",2026-02-24T16:57:46.119171870Z
"  File ""/usr/local/lib/python3.11/site-packages/starlette/middleware/cors.py"", line 91, in __call__","{""level"":""error""}","{""project"":""82a60368-a35f-407d-b91c-fda7c4df0a50"",""environment"":""35a62989-f226-4922-a94f-05b71577983e"",""service"":""edd77b6a-44ec-4dd0-bb6b-129583c5e8f4"",""deployment"":""65be7d91-a0e8-40d7-8fa9-14aa89a4add1"",""replica"":""a840cb83-51a9-4b35-8087-f3b0edb637f4""}",2026-02-24T16:57:46.119175343Z
"    await self.simple_response(scope, receive, send, request_headers=headers)","{""level"":""error""}","{""project"":""82a60368-a35f-407d-b91c-fda7c4df0a50"",""environment"":""35a62989-f226-4922-a94f-05b71577983e"",""service"":""edd77b6a-44ec-4dd0-bb6b-129583c5e8f4"",""deployment"":""65be7d91-a0e8-40d7-8fa9-14aa89a4add1"",""replica"":""a840cb83-51a9-4b35-8087-f3b0edb637f4""}",2026-02-24T16:57:46.119179027Z
"  File ""/usr/local/lib/python3.11/site-packages/starlette/middleware/cors.py"", line 146, in simple_response","{""level"":""error""}","{""project"":""82a60368-a35f-407d-b91c-fda7c4df0a50"",""environment"":""35a62989-f226-4922-a94f-05b71577983e"",""service"":""edd77b6a-44ec-4dd0-bb6b-129583c5e8f4"",""deployment"":""65be7d91-a0e8-40d7-8fa9-14aa89a4add1"",""replica"":""a840cb83-51a9-4b35-8087-f3b0edb637f4""}",2026-02-24T16:57:46.119182805Z
"    await self.app(scope, receive, send)","{""level"":""error""}","{""project"":""82a60368-a35f-407d-b91c-fda7c4df0a50"",""environment"":""35a62989-f226-4922-a94f-05b71577983e"",""service"":""edd77b6a-44ec-4dd0-bb6b-129583c5e8f4"",""deployment"":""65be7d91-a0e8-40d7-8fa9-14aa89a4add1"",""replica"":""a840cb83-51a9-4b35-8087-f3b0edb637f4""}",2026-02-24T16:57:46.119186315Z
"  File ""/usr/local/lib/python3.11/site-packages/starlette/middleware/exceptions.py"", line 62, in __call__","{""level"":""error""}","{""project"":""82a60368-a35f-407d-b91c-fda7c4df0a50"",""environment"":""35a62989-f226-4922-a94f-05b71577983e"",""service"":""edd77b6a-44ec-4dd0-bb6b-129583c5e8f4"",""deployment"":""65be7d91-a0e8-40d7-8fa9-14aa89a4add1"",""replica"":""a840cb83-51a9-4b35-8087-f3b0edb637f4""}",2026-02-24T16:57:46.119190306Z
"    await wrap_app_handling_exceptions(self.app, conn)(scope, receive, send)","{""level"":""error""}","{""project"":""82a60368-a35f-407d-b91c-fda7c4df0a50"",""environment"":""35a62989-f226-4922-a94f-05b71577983e"",""service"":""edd77b6a-44ec-4dd0-bb6b-129583c5e8f4"",""deployment"":""65be7d91-a0e8-40d7-8fa9-14aa89a4add1"",""replica"":""a840cb83-51a9-4b35-8087-f3b0edb637f4""}",2026-02-24T16:57:46.119194178Z
"  File ""/usr/local/lib/python3.11/site-packages/starlette/_exception_handler.py"", line 64, in wrapped_app","{""level"":""error""}","{""project"":""82a60368-a35f-407d-b91c-fda7c4df0a50"",""environment"":""35a62989-f226-4922-a94f-05b71577983e"",""service"":""edd77b6a-44ec-4dd0-bb6b-129583c5e8f4"",""deployment"":""65be7d91-a0e8-40d7-8fa9-14aa89a4add1"",""replica"":""a840cb83-51a9-4b35-8087-f3b0edb637f4""}",2026-02-24T16:57:46.119197544Z
    raise exc,"{""level"":""error""}","{""project"":""82a60368-a35f-407d-b91c-fda7c4df0a50"",""environment"":""35a62989-f226-4922-a94f-05b71577983e"",""service"":""edd77b6a-44ec-4dd0-bb6b-129583c5e8f4"",""deployment"":""65be7d91-a0e8-40d7-8fa9-14aa89a4add1"",""replica"":""a840cb83-51a9-4b35-8087-f3b0edb637f4""}",2026-02-24T16:57:46.119201076Z
"  File ""/usr/local/lib/python3.11/site-packages/starlette/_exception_handler.py"", line 53, in wrapped_app","{""level"":""error""}","{""project"":""82a60368-a35f-407d-b91c-fda7c4df0a50"",""environment"":""35a62989-f226-4922-a94f-05b71577983e"",""service"":""edd77b6a-44ec-4dd0-bb6b-129583c5e8f4"",""deployment"":""65be7d91-a0e8-40d7-8fa9-14aa89a4add1"",""replica"":""a840cb83-51a9-4b35-8087-f3b0edb637f4""}",2026-02-24T16:57:46.119204667Z
"  File ""/usr/local/lib/python3.11/site-packages/fastapi/routing.py"", line 294, in app","{""level"":""error""}","{""project"":""82a60368-a35f-407d-b91c-fda7c4df0a50"",""environment"":""35a62989-f226-4922-a94f-05b71577983e"",""service"":""edd77b6a-44ec-4dd0-bb6b-129583c5e8f4"",""deployment"":""65be7d91-a0e8-40d7-8fa9-14aa89a4add1"",""replica"":""a840cb83-51a9-4b35-8087-f3b0edb637f4""}",2026-02-24T16:57:46.120429293Z
"    await app(scope, receive, sender)","{""level"":""error""}","{""project"":""82a60368-a35f-407d-b91c-fda7c4df0a50"",""environment"":""35a62989-f226-4922-a94f-05b71577983e"",""service"":""edd77b6a-44ec-4dd0-bb6b-129583c5e8f4"",""deployment"":""65be7d91-a0e8-40d7-8fa9-14aa89a4add1"",""replica"":""a840cb83-51a9-4b35-8087-f3b0edb637f4""}",2026-02-24T16:57:46.120446180Z
"  File ""/usr/local/lib/python3.11/site-packages/starlette/routing.py"", line 762, in __call__","{""level"":""error""}","{""project"":""82a60368-a35f-407d-b91c-fda7c4df0a50"",""environment"":""35a62989-f226-4922-a94f-05b71577983e"",""service"":""edd77b6a-44ec-4dd0-bb6b-129583c5e8f4"",""deployment"":""65be7d91-a0e8-40d7-8fa9-14aa89a4add1"",""replica"":""a840cb83-51a9-4b35-8087-f3b0edb637f4""}",2026-02-24T16:57:46.120452271Z
"    await self.middleware_stack(scope, receive, send)","{""level"":""error""}","{""project"":""82a60368-a35f-407d-b91c-fda7c4df0a50"",""environment"":""35a62989-f226-4922-a94f-05b71577983e"",""service"":""edd77b6a-44ec-4dd0-bb6b-129583c5e8f4"",""deployment"":""65be7d91-a0e8-40d7-8fa9-14aa89a4add1"",""replica"":""a840cb83-51a9-4b35-8087-f3b0edb637f4""}",2026-02-24T16:57:46.120456079Z
"  File ""/usr/local/lib/python3.11/site-packages/starlette/routing.py"", line 782, in app","{""level"":""error""}","{""project"":""82a60368-a35f-407d-b91c-fda7c4df0a50"",""environment"":""35a62989-f226-4922-a94f-05b71577983e"",""service"":""edd77b6a-44ec-4dd0-bb6b-129583c5e8f4"",""deployment"":""65be7d91-a0e8-40d7-8fa9-14aa89a4add1"",""replica"":""a840cb83-51a9-4b35-8087-f3b0edb637f4""}",2026-02-24T16:57:46.120460656Z
"    await route.handle(scope, receive, send)","{""level"":""error""}","{""project"":""82a60368-a35f-407d-b91c-fda7c4df0a50"",""environment"":""35a62989-f226-4922-a94f-05b71577983e"",""service"":""edd77b6a-44ec-4dd0-bb6b-129583c5e8f4"",""deployment"":""65be7d91-a0e8-40d7-8fa9-14aa89a4add1"",""replica"":""a840cb83-51a9-4b35-8087-f3b0edb637f4""}",2026-02-24T16:57:46.120464789Z
"  File ""/usr/local/lib/python3.11/site-packages/starlette/routing.py"", line 297, in handle","{""level"":""error""}","{""project"":""82a60368-a35f-407d-b91c-fda7c4df0a50"",""environment"":""35a62989-f226-4922-a94f-05b71577983e"",""service"":""edd77b6a-44ec-4dd0-bb6b-129583c5e8f4"",""deployment"":""65be7d91-a0e8-40d7-8fa9-14aa89a4add1"",""replica"":""a840cb83-51a9-4b35-8087-f3b0edb637f4""}",2026-02-24T16:57:46.120469005Z
"    await self.app(scope, receive, send)","{""level"":""error""}","{""project"":""82a60368-a35f-407d-b91c-fda7c4df0a50"",""environment"":""35a62989-f226-4922-a94f-05b71577983e"",""service"":""edd77b6a-44ec-4dd0-bb6b-129583c5e8f4"",""deployment"":""65be7d91-a0e8-40d7-8fa9-14aa89a4add1"",""replica"":""a840cb83-51a9-4b35-8087-f3b0edb637f4""}",2026-02-24T16:57:46.120472833Z
"  File ""/usr/local/lib/python3.11/site-packages/starlette/routing.py"", line 77, in app","{""level"":""error""}","{""project"":""82a60368-a35f-407d-b91c-fda7c4df0a50"",""environment"":""35a62989-f226-4922-a94f-05b71577983e"",""service"":""edd77b6a-44ec-4dd0-bb6b-129583c5e8f4"",""deployment"":""65be7d91-a0e8-40d7-8fa9-14aa89a4add1"",""replica"":""a840cb83-51a9-4b35-8087-f3b0edb637f4""}",2026-02-24T16:57:46.120476412Z
"    await wrap_app_handling_exceptions(app, request)(scope, receive, send)","{""level"":""error""}","{""project"":""82a60368-a35f-407d-b91c-fda7c4df0a50"",""environment"":""35a62989-f226-4922-a94f-05b71577983e"",""service"":""edd77b6a-44ec-4dd0-bb6b-129583c5e8f4"",""deployment"":""65be7d91-a0e8-40d7-8fa9-14aa89a4add1"",""replica"":""a840cb83-51a9-4b35-8087-f3b0edb637f4""}",2026-02-24T16:57:46.120480638Z
"  File ""/usr/local/lib/python3.11/site-packages/starlette/_exception_handler.py"", line 64, in wrapped_app","{""level"":""error""}","{""project"":""82a60368-a35f-407d-b91c-fda7c4df0a50"",""environment"":""35a62989-f226-4922-a94f-05b71577983e"",""service"":""edd77b6a-44ec-4dd0-bb6b-129583c5e8f4"",""deployment"":""65be7d91-a0e8-40d7-8fa9-14aa89a4add1"",""replica"":""a840cb83-51a9-4b35-8087-f3b0edb637f4""}",2026-02-24T16:57:46.120484769Z
    raise exc,"{""level"":""error""}","{""project"":""82a60368-a35f-407d-b91c-fda7c4df0a50"",""environment"":""35a62989-f226-4922-a94f-05b71577983e"",""service"":""edd77b6a-44ec-4dd0-bb6b-129583c5e8f4"",""deployment"":""65be7d91-a0e8-40d7-8fa9-14aa89a4add1"",""replica"":""a840cb83-51a9-4b35-8087-f3b0edb637f4""}",2026-02-24T16:57:46.120488532Z
"  File ""/usr/local/lib/python3.11/site-packages/starlette/_exception_handler.py"", line 53, in wrapped_app","{""level"":""error""}","{""project"":""82a60368-a35f-407d-b91c-fda7c4df0a50"",""environment"":""35a62989-f226-4922-a94f-05b71577983e"",""service"":""edd77b6a-44ec-4dd0-bb6b-129583c5e8f4"",""deployment"":""65be7d91-a0e8-40d7-8fa9-14aa89a4add1"",""replica"":""a840cb83-51a9-4b35-8087-f3b0edb637f4""}",2026-02-24T16:57:46.120492018Z
"    await app(scope, receive, sender)","{""level"":""error""}","{""project"":""82a60368-a35f-407d-b91c-fda7c4df0a50"",""environment"":""35a62989-f226-4922-a94f-05b71577983e"",""service"":""edd77b6a-44ec-4dd0-bb6b-129583c5e8f4"",""deployment"":""65be7d91-a0e8-40d7-8fa9-14aa89a4add1"",""replica"":""a840cb83-51a9-4b35-8087-f3b0edb637f4""}",2026-02-24T16:57:46.120495654Z
"  File ""/usr/local/lib/python3.11/site-packages/starlette/routing.py"", line 72, in app","{""level"":""error""}","{""project"":""82a60368-a35f-407d-b91c-fda7c4df0a50"",""environment"":""35a62989-f226-4922-a94f-05b71577983e"",""service"":""edd77b6a-44ec-4dd0-bb6b-129583c5e8f4"",""deployment"":""65be7d91-a0e8-40d7-8fa9-14aa89a4add1"",""replica"":""a840cb83-51a9-4b35-8087-f3b0edb637f4""}",2026-02-24T16:57:46.120506752Z
    response = await func(request),"{""level"":""error""}","{""project"":""82a60368-a35f-407d-b91c-fda7c4df0a50"",""environment"":""35a62989-f226-4922-a94f-05b71577983e"",""service"":""edd77b6a-44ec-4dd0-bb6b-129583c5e8f4"",""deployment"":""65be7d91-a0e8-40d7-8fa9-14aa89a4add1"",""replica"":""a840cb83-51a9-4b35-8087-f3b0edb637f4""}",2026-02-24T16:57:46.120511051Z
               ^^^^^^^^^^^^^^^^^^^,"{""level"":""error""}","{""project"":""82a60368-a35f-407d-b91c-fda7c4df0a50"",""environment"":""35a62989-f226-4922-a94f-05b71577983e"",""service"":""edd77b6a-44ec-4dd0-bb6b-129583c5e8f4"",""deployment"":""65be7d91-a0e8-40d7-8fa9-14aa89a4add1"",""replica"":""a840cb83-51a9-4b35-8087-f3b0edb637f4""}",2026-02-24T16:57:46.120514944Z
"  File ""/usr/local/lib/python3.11/site-packages/fastapi/routing.py"", line 299, in app","{""level"":""error""}","{""project"":""82a60368-a35f-407d-b91c-fda7c4df0a50"",""environment"":""35a62989-f226-4922-a94f-05b71577983e"",""service"":""edd77b6a-44ec-4dd0-bb6b-129583c5e8f4"",""deployment"":""65be7d91-a0e8-40d7-8fa9-14aa89a4add1"",""replica"":""a840cb83-51a9-4b35-8087-f3b0edb637f4""}",2026-02-24T16:57:46.120518547Z
    raise e,"{""level"":""error""}","{""project"":""82a60368-a35f-407d-b91c-fda7c4df0a50"",""environment"":""35a62989-f226-4922-a94f-05b71577983e"",""service"":""edd77b6a-44ec-4dd0-bb6b-129583c5e8f4"",""deployment"":""65be7d91-a0e8-40d7-8fa9-14aa89a4add1"",""replica"":""a840cb83-51a9-4b35-8087-f3b0edb637f4""}",2026-02-24T16:57:46.120522387Z
    raw_response = await run_endpoint_function(,"{""level"":""error""}","{""project"":""82a60368-a35f-407d-b91c-fda7c4df0a50"",""environment"":""35a62989-f226-4922-a94f-05b71577983e"",""service"":""edd77b6a-44ec-4dd0-bb6b-129583c5e8f4"",""deployment"":""65be7d91-a0e8-40d7-8fa9-14aa89a4add1"",""replica"":""a840cb83-51a9-4b35-8087-f3b0edb637f4""}",2026-02-24T16:57:46.121957657Z
                   ^^^^^^^^^^^^^^^^^^^^^^^^^^^^,"{""level"":""error""}","{""project"":""82a60368-a35f-407d-b91c-fda7c4df0a50"",""environment"":""35a62989-f226-4922-a94f-05b71577983e"",""service"":""edd77b6a-44ec-4dd0-bb6b-129583c5e8f4"",""deployment"":""65be7d91-a0e8-40d7-8fa9-14aa89a4add1"",""replica"":""a840cb83-51a9-4b35-8087-f3b0edb637f4""}",2026-02-24T16:57:46.121965437Z
"  File ""/usr/local/lib/python3.11/site-packages/fastapi/routing.py"", line 191, in run_endpoint_function","{""level"":""error""}","{""project"":""82a60368-a35f-407d-b91c-fda7c4df0a50"",""environment"":""35a62989-f226-4922-a94f-05b71577983e"",""service"":""edd77b6a-44ec-4dd0-bb6b-129583c5e8f4"",""deployment"":""65be7d91-a0e8-40d7-8fa9-14aa89a4add1"",""replica"":""a840cb83-51a9-4b35-8087-f3b0edb637f4""}",2026-02-24T16:57:46.121970723Z
    return await dependant.call(**values),"{""level"":""error""}","{""project"":""82a60368-a35f-407d-b91c-fda7c4df0a50"",""environment"":""35a62989-f226-4922-a94f-05b71577983e"",""service"":""edd77b6a-44ec-4dd0-bb6b-129583c5e8f4"",""deployment"":""65be7d91-a0e8-40d7-8fa9-14aa89a4add1"",""replica"":""a840cb83-51a9-4b35-8087-f3b0edb637f4""}",2026-02-24T16:57:46.121975034Z
           ^^^^^^^^^^^^^^^^^^^^^^^^^^^^^^,"{""level"":""error""}","{""project"":""82a60368-a35f-407d-b91c-fda7c4df0a50"",""environment"":""35a62989-f226-4922-a94f-05b71577983e"",""service"":""edd77b6a-44ec-4dd0-bb6b-129583c5e8f4"",""deployment"":""65be7d91-a0e8-40d7-8fa9-14aa89a4add1"",""replica"":""a840cb83-51a9-4b35-8087-f3b0edb637f4""}",2026-02-24T16:57:46.121979958Z
"  File ""/app/api/v1/endpoints/admin.py"", line 32, in get_admin_stats","{""level"":""error""}","{""project"":""82a60368-a35f-407d-b91c-fda7c4df0a50"",""environment"":""35a62989-f226-4922-a94f-05b71577983e"",""service"":""edd77b6a-44ec-4dd0-bb6b-129583c5e8f4"",""deployment"":""65be7d91-a0e8-40d7-8fa9-14aa89a4add1"",""replica"":""a840cb83-51a9-4b35-8087-f3b0edb637f4""}",2026-02-24T16:57:46.121985010Z
    result = await db.execute(select(func.count(Client.id))),"{""level"":""error""}","{""project"":""82a60368-a35f-407d-b91c-fda7c4df0a50"",""environment"":""35a62989-f226-4922-a94f-05b71577983e"",""service"":""edd77b6a-44ec-4dd0-bb6b-129583c5e8f4"",""deployment"":""65be7d91-a0e8-40d7-8fa9-14aa89a4add1"",""replica"":""a840cb83-51a9-4b35-8087-f3b0edb637f4""}",2026-02-24T16:57:46.121991626Z
             ^^^^^^^^^^^^^^^^^^^^^^^^^^^^^^^^^^^^^^^^^^^^^^^,"{""level"":""error""}","{""project"":""82a60368-a35f-407d-b91c-fda7c4df0a50"",""environment"":""35a62989-f226-4922-a94f-05b71577983e"",""service"":""edd77b6a-44ec-4dd0-bb6b-129583c5e8f4"",""deployment"":""65be7d91-a0e8-40d7-8fa9-14aa89a4add1"",""replica"":""a840cb83-51a9-4b35-8087-f3b0edb637f4""}",2026-02-24T16:57:46.121997236Z
"  File ""/usr/local/lib/python3.11/site-packages/sqlalchemy/ext/asyncio/session.py"", line 454, in execute","{""level"":""error""}","{""project"":""82a60368-a35f-407d-b91c-fda7c4df0a50"",""environment"":""35a62989-f226-4922-a94f-05b71577983e"",""service"":""edd77b6a-44ec-4dd0-bb6b-129583c5e8f4"",""deployment"":""65be7d91-a0e8-40d7-8fa9-14aa89a4add1"",""replica"":""a840cb83-51a9-4b35-8087-f3b0edb637f4""}",2026-02-24T16:57:46.122001844Z
    result = await greenlet_spawn(,"{""level"":""error""}","{""project"":""82a60368-a35f-407d-b91c-fda7c4df0a50"",""environment"":""35a62989-f226-4922-a94f-05b71577983e"",""service"":""edd77b6a-44ec-4dd0-bb6b-129583c5e8f4"",""deployment"":""65be7d91-a0e8-40d7-8fa9-14aa89a4add1"",""replica"":""a840cb83-51a9-4b35-8087-f3b0edb637f4""}",2026-02-24T16:57:46.122006261Z
             ^^^^^^^^^^^^^^^^^^^^^,"{""level"":""error""}","{""project"":""82a60368-a35f-407d-b91c-fda7c4df0a50"",""environment"":""35a62989-f226-4922-a94f-05b71577983e"",""service"":""edd77b6a-44ec-4dd0-bb6b-129583c5e8f4"",""deployment"":""65be7d91-a0e8-40d7-8fa9-14aa89a4add1"",""replica"":""a840cb83-51a9-4b35-8087-f3b0edb637f4""}",2026-02-24T16:57:46.122010467Z
"  File ""/usr/local/lib/python3.11/site-packages/sqlalchemy/util/_concurrency_py3k.py"", line 190, in greenlet_spawn","{""level"":""error""}","{""project"":""82a60368-a35f-407d-b91c-fda7c4df0a50"",""environment"":""35a62989-f226-4922-a94f-05b71577983e"",""service"":""edd77b6a-44ec-4dd0-bb6b-129583c5e8f4"",""deployment"":""65be7d91-a0e8-40d7-8fa9-14aa89a4add1"",""replica"":""a840cb83-51a9-4b35-8087-f3b0edb637f4""}",2026-02-24T16:57:46.122014376Z
    result = context.throw(*sys.exc_info()),"{""level"":""error""}","{""project"":""82a60368-a35f-407d-b91c-fda7c4df0a50"",""environment"":""35a62989-f226-4922-a94f-05b71577983e"",""service"":""edd77b6a-44ec-4dd0-bb6b-129583c5e8f4"",""deployment"":""65be7d91-a0e8-40d7-8fa9-14aa89a4add1"",""replica"":""a840cb83-51a9-4b35-8087-f3b0edb637f4""}",2026-02-24T16:57:46.122018006Z
             ^^^^^^^^^^^^^^^^^^^^^^^^^^^^^^,"{""level"":""error""}","{""project"":""82a60368-a35f-407d-b91c-fda7c4df0a50"",""environment"":""35a62989-f226-4922-a94f-05b71577983e"",""service"":""edd77b6a-44ec-4dd0-bb6b-129583c5e8f4"",""deployment"":""65be7d91-a0e8-40d7-8fa9-14aa89a4add1"",""replica"":""a840cb83-51a9-4b35-8087-f3b0edb637f4""}",2026-02-24T16:57:46.122021462Z
"  File ""/usr/local/lib/python3.11/site-packages/sqlalchemy/orm/session.py"", line 2262, in execute","{""level"":""error""}","{""project"":""82a60368-a35f-407d-b91c-fda7c4df0a50"",""environment"":""35a62989-f226-4922-a94f-05b71577983e"",""service"":""edd77b6a-44ec-4dd0-bb6b-129583c5e8f4"",""deployment"":""65be7d91-a0e8-40d7-8fa9-14aa89a4add1"",""replica"":""a840cb83-51a9-4b35-8087-f3b0edb637f4""}",2026-02-24T16:57:46.122026351Z
    return self._execute_internal(,"{""level"":""error""}","{""project"":""82a60368-a35f-407d-b91c-fda7c4df0a50"",""environment"":""35a62989-f226-4922-a94f-05b71577983e"",""service"":""edd77b6a-44ec-4dd0-bb6b-129583c5e8f4"",""deployment"":""65be7d91-a0e8-40d7-8fa9-14aa89a4add1"",""replica"":""a840cb83-51a9-4b35-8087-f3b0edb637f4""}",2026-02-24T16:57:46.122030044Z
           ^^^^^^^^^^^^^^^^^^^^^^^,"{""level"":""error""}","{""project"":""82a60368-a35f-407d-b91c-fda7c4df0a50"",""environment"":""35a62989-f226-4922-a94f-05b71577983e"",""service"":""edd77b6a-44ec-4dd0-bb6b-129583c5e8f4"",""deployment"":""65be7d91-a0e8-40d7-8fa9-14aa89a4add1"",""replica"":""a840cb83-51a9-4b35-8087-f3b0edb637f4""}",2026-02-24T16:57:46.122032988Z
"  File ""/usr/local/lib/python3.11/site-packages/sqlalchemy/orm/session.py"", line 2134, in _execute_internal","{""level"":""error""}","{""project"":""82a60368-a35f-407d-b91c-fda7c4df0a50"",""environment"":""35a62989-f226-4922-a94f-05b71577983e"",""service"":""edd77b6a-44ec-4dd0-bb6b-129583c5e8f4"",""deployment"":""65be7d91-a0e8-40d7-8fa9-14aa89a4add1"",""replica"":""a840cb83-51a9-4b35-8087-f3b0edb637f4""}",2026-02-24T16:57:46.122036472Z
    conn = self._connection_for_bind(bind),"{""level"":""error""}","{""project"":""82a60368-a35f-407d-b91c-fda7c4df0a50"",""environment"":""35a62989-f226-4922-a94f-05b71577983e"",""service"":""edd77b6a-44ec-4dd0-bb6b-129583c5e8f4"",""deployment"":""65be7d91-a0e8-40d7-8fa9-14aa89a4add1"",""replica"":""a840cb83-51a9-4b35-8087-f3b0edb637f4""}",2026-02-24T16:57:46.122039996Z
           ^^^^^^^^^^^^^^^^^^^^^^^^^^^^^^^,"{""level"":""error""}","{""project"":""82a60368-a35f-407d-b91c-fda7c4df0a50"",""environment"":""35a62989-f226-4922-a94f-05b71577983e"",""service"":""edd77b6a-44ec-4dd0-bb6b-129583c5e8f4"",""deployment"":""65be7d91-a0e8-40d7-8fa9-14aa89a4add1"",""replica"":""a840cb83-51a9-4b35-8087-f3b0edb637f4""}",2026-02-24T16:57:46.122043447Z
"  File ""/usr/local/lib/python3.11/site-packages/sqlalchemy/orm/session.py"", line 2001, in _connection_for_bind","{""level"":""error""}","{""project"":""82a60368-a35f-407d-b91c-fda7c4df0a50"",""environment"":""35a62989-f226-4922-a94f-05b71577983e"",""service"":""edd77b6a-44ec-4dd0-bb6b-129583c5e8f4"",""deployment"":""65be7d91-a0e8-40d7-8fa9-14aa89a4add1"",""replica"":""a840cb83-51a9-4b35-8087-f3b0edb637f4""}",2026-02-24T16:57:46.123222883Z
"    return trans._connection_for_bind(engine, execution_options)","{""level"":""error""}","{""project"":""82a60368-a35f-407d-b91c-fda7c4df0a50"",""environment"":""35a62989-f226-4922-a94f-05b71577983e"",""service"":""edd77b6a-44ec-4dd0-bb6b-129583c5e8f4"",""deployment"":""65be7d91-a0e8-40d7-8fa9-14aa89a4add1"",""replica"":""a840cb83-51a9-4b35-8087-f3b0edb637f4""}",2026-02-24T16:57:46.123228019Z
           ^^^^^^^^^^^^^^^^^^^^^^^^^^^^^^^^^^^^^^^^^^^^^^^^^^^^^,"{""level"":""error""}","{""project"":""82a60368-a35f-407d-b91c-fda7c4df0a50"",""environment"":""35a62989-f226-4922-a94f-05b71577983e"",""service"":""edd77b6a-44ec-4dd0-bb6b-129583c5e8f4"",""deployment"":""65be7d91-a0e8-40d7-8fa9-14aa89a4add1"",""replica"":""a840cb83-51a9-4b35-8087-f3b0edb637f4""}",2026-02-24T16:57:46.123232736Z
"  File ""<string>"", line 2, in _connection_for_bind","{""level"":""error""}","{""project"":""82a60368-a35f-407d-b91c-fda7c4df0a50"",""environment"":""35a62989-f226-4922-a94f-05b71577983e"",""service"":""edd77b6a-44ec-4dd0-bb6b-129583c5e8f4"",""deployment"":""65be7d91-a0e8-40d7-8fa9-14aa89a4add1"",""replica"":""a840cb83-51a9-4b35-8087-f3b0edb637f4""}",2026-02-24T16:57:46.123237382Z
"  File ""/usr/local/lib/python3.11/site-packages/sqlalchemy/orm/state_changes.py"", line 139, in _go","{""level"":""error""}","{""project"":""82a60368-a35f-407d-b91c-fda7c4df0a50"",""environment"":""35a62989-f226-4922-a94f-05b71577983e"",""service"":""edd77b6a-44ec-4dd0-bb6b-129583c5e8f4"",""deployment"":""65be7d91-a0e8-40d7-8fa9-14aa89a4add1"",""replica"":""a840cb83-51a9-4b35-8087-f3b0edb637f4""}",2026-02-24T16:57:46.123242096Z
"    ret_value = fn(self, *arg, **kw)","{""level"":""error""}","{""project"":""82a60368-a35f-407d-b91c-fda7c4df0a50"",""environment"":""35a62989-f226-4922-a94f-05b71577983e"",""service"":""edd77b6a-44ec-4dd0-bb6b-129583c5e8f4"",""deployment"":""65be7d91-a0e8-40d7-8fa9-14aa89a4add1"",""replica"":""a840cb83-51a9-4b35-8087-f3b0edb637f4""}",2026-02-24T16:57:46.123246054Z
                ^^^^^^^^^^^^^^^^^^^^,"{""level"":""error""}","{""project"":""82a60368-a35f-407d-b91c-fda7c4df0a50"",""environment"":""35a62989-f226-4922-a94f-05b71577983e"",""service"":""edd77b6a-44ec-4dd0-bb6b-129583c5e8f4"",""deployment"":""65be7d91-a0e8-40d7-8fa9-14aa89a4add1"",""replica"":""a840cb83-51a9-4b35-8087-f3b0edb637f4""}",2026-02-24T16:57:46.123252092Z
"  File ""/usr/local/lib/python3.11/site-packages/sqlalchemy/orm/session.py"", line 1126, in _connection_for_bind","{""level"":""error""}","{""project"":""82a60368-a35f-407d-b91c-fda7c4df0a50"",""environment"":""35a62989-f226-4922-a94f-05b71577983e"",""service"":""edd77b6a-44ec-4dd0-bb6b-129583c5e8f4"",""deployment"":""65be7d91-a0e8-40d7-8fa9-14aa89a4add1"",""replica"":""a840cb83-51a9-4b35-8087-f3b0edb637f4""}",2026-02-24T16:57:46.123256789Z
    conn = bind.connect(),"{""level"":""error""}","{""project"":""82a60368-a35f-407d-b91c-fda7c4df0a50"",""environment"":""35a62989-f226-4922-a94f-05b71577983e"",""service"":""edd77b6a-44ec-4dd0-bb6b-129583c5e8f4"",""deployment"":""65be7d91-a0e8-40d7-8fa9-14aa89a4add1"",""replica"":""a840cb83-51a9-4b35-8087-f3b0edb637f4""}",2026-02-24T16:57:46.123263878Z
           ^^^^^^^^^^^^^^,"{""level"":""error""}","{""project"":""82a60368-a35f-407d-b91c-fda7c4df0a50"",""environment"":""35a62989-f226-4922-a94f-05b71577983e"",""service"":""edd77b6a-44ec-4dd0-bb6b-129583c5e8f4"",""deployment"":""65be7d91-a0e8-40d7-8fa9-14aa89a4add1"",""replica"":""a840cb83-51a9-4b35-8087-f3b0edb637f4""}",2026-02-24T16:57:46.123270379Z
"  File ""/usr/local/lib/python3.11/site-packages/sqlalchemy/engine/base.py"", line 3264, in connect","{""level"":""error""}","{""project"":""82a60368-a35f-407d-b91c-fda7c4df0a50"",""environment"":""35a62989-f226-4922-a94f-05b71577983e"",""service"":""edd77b6a-44ec-4dd0-bb6b-129583c5e8f4"",""deployment"":""65be7d91-a0e8-40d7-8fa9-14aa89a4add1"",""replica"":""a840cb83-51a9-4b35-8087-f3b0edb637f4""}",2026-02-24T16:57:46.123277133Z
    return self._connection_cls(self),"{""level"":""error""}","{""project"":""82a60368-a35f-407d-b91c-fda7c4df0a50"",""environment"":""35a62989-f226-4922-a94f-05b71577983e"",""service"":""edd77b6a-44ec-4dd0-bb6b-129583c5e8f4"",""deployment"":""65be7d91-a0e8-40d7-8fa9-14aa89a4add1"",""replica"":""a840cb83-51a9-4b35-8087-f3b0edb637f4""}",2026-02-24T16:57:46.123282533Z
           ^^^^^^^^^^^^^^^^^^^^^^^^^^,"{""level"":""error""}","{""project"":""82a60368-a35f-407d-b91c-fda7c4df0a50"",""environment"":""35a62989-f226-4922-a94f-05b71577983e"",""service"":""edd77b6a-44ec-4dd0-bb6b-129583c5e8f4"",""deployment"":""65be7d91-a0e8-40d7-8fa9-14aa89a4add1"",""replica"":""a840cb83-51a9-4b35-8087-f3b0edb637f4""}",2026-02-24T16:57:46.123288726Z
"  File ""/usr/local/lib/python3.11/site-packages/sqlalchemy/engine/base.py"", line 145, in __init__","{""level"":""error""}","{""project"":""82a60368-a35f-407d-b91c-fda7c4df0a50"",""environment"":""35a62989-f226-4922-a94f-05b71577983e"",""service"":""edd77b6a-44ec-4dd0-bb6b-129583c5e8f4"",""deployment"":""65be7d91-a0e8-40d7-8fa9-14aa89a4add1"",""replica"":""a840cb83-51a9-4b35-8087-f3b0edb637f4""}",2026-02-24T16:57:46.123293754Z
    self._dbapi_connection = engine.raw_connection(),"{""level"":""error""}","{""project"":""82a60368-a35f-407d-b91c-fda7c4df0a50"",""environment"":""35a62989-f226-4922-a94f-05b71577983e"",""service"":""edd77b6a-44ec-4dd0-bb6b-129583c5e8f4"",""deployment"":""65be7d91-a0e8-40d7-8fa9-14aa89a4add1"",""replica"":""a840cb83-51a9-4b35-8087-f3b0edb637f4""}",2026-02-24T16:57:46.123299272Z
                             ^^^^^^^^^^^^^^^^^^^^^^^,"{""level"":""error""}","{""project"":""82a60368-a35f-407d-b91c-fda7c4df0a50"",""environment"":""35a62989-f226-4922-a94f-05b71577983e"",""service"":""edd77b6a-44ec-4dd0-bb6b-129583c5e8f4"",""deployment"":""65be7d91-a0e8-40d7-8fa9-14aa89a4add1"",""replica"":""a840cb83-51a9-4b35-8087-f3b0edb637f4""}",2026-02-24T16:57:46.123304964Z
"  File ""/usr/local/lib/python3.11/site-packages/sqlalchemy/engine/base.py"", line 3288, in raw_connection","{""level"":""error""}","{""project"":""82a60368-a35f-407d-b91c-fda7c4df0a50"",""environment"":""35a62989-f226-4922-a94f-05b71577983e"",""service"":""edd77b6a-44ec-4dd0-bb6b-129583c5e8f4"",""deployment"":""65be7d91-a0e8-40d7-8fa9-14aa89a4add1"",""replica"":""a840cb83-51a9-4b35-8087-f3b0edb637f4""}",2026-02-24T16:57:46.123310958Z
    return self.pool.connect(),"{""level"":""error""}","{""project"":""82a60368-a35f-407d-b91c-fda7c4df0a50"",""environment"":""35a62989-f226-4922-a94f-05b71577983e"",""service"":""edd77b6a-44ec-4dd0-bb6b-129583c5e8f4"",""deployment"":""65be7d91-a0e8-40d7-8fa9-14aa89a4add1"",""replica"":""a840cb83-51a9-4b35-8087-f3b0edb637f4""}",2026-02-24T16:57:46.123316976Z
           ^^^^^^^^^^^^^^^^^^^,"{""level"":""error""}","{""project"":""82a60368-a35f-407d-b91c-fda7c4df0a50"",""environment"":""35a62989-f226-4922-a94f-05b71577983e"",""service"":""edd77b6a-44ec-4dd0-bb6b-129583c5e8f4"",""deployment"":""65be7d91-a0e8-40d7-8fa9-14aa89a4add1"",""replica"":""a840cb83-51a9-4b35-8087-f3b0edb637f4""}",2026-02-24T16:57:46.123323161Z
"  File ""/usr/local/lib/python3.11/site-packages/sqlalchemy/pool/base.py"", line 452, in connect","{""level"":""error""}","{""project"":""82a60368-a35f-407d-b91c-fda7c4df0a50"",""environment"":""35a62989-f226-4922-a94f-05b71577983e"",""service"":""edd77b6a-44ec-4dd0-bb6b-129583c5e8f4"",""deployment"":""65be7d91-a0e8-40d7-8fa9-14aa89a4add1"",""replica"":""a840cb83-51a9-4b35-8087-f3b0edb637f4""}",2026-02-24T16:57:46.123328265Z
    with util.safe_reraise():,"{""level"":""error""}","{""project"":""82a60368-a35f-407d-b91c-fda7c4df0a50"",""environment"":""35a62989-f226-4922-a94f-05b71577983e"",""service"":""edd77b6a-44ec-4dd0-bb6b-129583c5e8f4"",""deployment"":""65be7d91-a0e8-40d7-8fa9-14aa89a4add1"",""replica"":""a840cb83-51a9-4b35-8087-f3b0edb637f4""}",2026-02-24T16:57:46.124828522Z
"  File ""/usr/local/lib/python3.11/site-packages/sqlalchemy/util/langhelpers.py"", line 146, in __exit__","{""level"":""error""}","{""project"":""82a60368-a35f-407d-b91c-fda7c4df0a50"",""environment"":""35a62989-f226-4922-a94f-05b71577983e"",""service"":""edd77b6a-44ec-4dd0-bb6b-129583c5e8f4"",""deployment"":""65be7d91-a0e8-40d7-8fa9-14aa89a4add1"",""replica"":""a840cb83-51a9-4b35-8087-f3b0edb637f4""}",2026-02-24T16:57:46.124835937Z
    raise exc_value.with_traceback(exc_tb),"{""level"":""error""}","{""project"":""82a60368-a35f-407d-b91c-fda7c4df0a50"",""environment"":""35a62989-f226-4922-a94f-05b71577983e"",""service"":""edd77b6a-44ec-4dd0-bb6b-129583c5e8f4"",""deployment"":""65be7d91-a0e8-40d7-8fa9-14aa89a4add1"",""replica"":""a840cb83-51a9-4b35-8087-f3b0edb637f4""}",2026-02-24T16:57:46.124843114Z
"  File ""/usr/local/lib/python3.11/site-packages/sqlalchemy/pool/impl.py"", line 167, in _do_get","{""level"":""error""}","{""project"":""82a60368-a35f-407d-b91c-fda7c4df0a50"",""environment"":""35a62989-f226-4922-a94f-05b71577983e"",""service"":""edd77b6a-44ec-4dd0-bb6b-129583c5e8f4"",""deployment"":""65be7d91-a0e8-40d7-8fa9-14aa89a4add1"",""replica"":""a840cb83-51a9-4b35-8087-f3b0edb637f4""}",2026-02-24T16:57:46.124848114Z
    return self._create_connection(),"{""level"":""error""}","{""project"":""82a60368-a35f-407d-b91c-fda7c4df0a50"",""environment"":""35a62989-f226-4922-a94f-05b71577983e"",""service"":""edd77b6a-44ec-4dd0-bb6b-129583c5e8f4"",""deployment"":""65be7d91-a0e8-40d7-8fa9-14aa89a4add1"",""replica"":""a840cb83-51a9-4b35-8087-f3b0edb637f4""}",2026-02-24T16:57:46.124853417Z
           ^^^^^^^^^^^^^^^^^^^^^^^^^,"{""level"":""error""}","{""project"":""82a60368-a35f-407d-b91c-fda7c4df0a50"",""environment"":""35a62989-f226-4922-a94f-05b71577983e"",""service"":""edd77b6a-44ec-4dd0-bb6b-129583c5e8f4"",""deployment"":""65be7d91-a0e8-40d7-8fa9-14aa89a4add1"",""replica"":""a840cb83-51a9-4b35-8087-f3b0edb637f4""}",2026-02-24T16:57:46.124858931Z
"  File ""/usr/local/lib/python3.11/site-packages/sqlalchemy/pool/base.py"", line 393, in _create_connection","{""level"":""error""}","{""project"":""82a60368-a35f-407d-b91c-fda7c4df0a50"",""environment"":""35a62989-f226-4922-a94f-05b71577983e"",""service"":""edd77b6a-44ec-4dd0-bb6b-129583c5e8f4"",""deployment"":""65be7d91-a0e8-40d7-8fa9-14aa89a4add1"",""replica"":""a840cb83-51a9-4b35-8087-f3b0edb637f4""}",2026-02-24T16:57:46.124864199Z
    return _ConnectionRecord(self),"{""level"":""error""}","{""project"":""82a60368-a35f-407d-b91c-fda7c4df0a50"",""environment"":""35a62989-f226-4922-a94f-05b71577983e"",""service"":""edd77b6a-44ec-4dd0-bb6b-129583c5e8f4"",""deployment"":""65be7d91-a0e8-40d7-8fa9-14aa89a4add1"",""replica"":""a840cb83-51a9-4b35-8087-f3b0edb637f4""}",2026-02-24T16:57:46.124869464Z
    return _ConnectionFairy._checkout(self),"{""level"":""error""}","{""project"":""82a60368-a35f-407d-b91c-fda7c4df0a50"",""environment"":""35a62989-f226-4922-a94f-05b71577983e"",""service"":""edd77b6a-44ec-4dd0-bb6b-129583c5e8f4"",""deployment"":""65be7d91-a0e8-40d7-8fa9-14aa89a4add1"",""replica"":""a840cb83-51a9-4b35-8087-f3b0edb637f4""}",2026-02-24T16:57:46.124877962Z
           ^^^^^^^^^^^^^^^^^^^^^^^,"{""level"":""error""}","{""project"":""82a60368-a35f-407d-b91c-fda7c4df0a50"",""environment"":""35a62989-f226-4922-a94f-05b71577983e"",""service"":""edd77b6a-44ec-4dd0-bb6b-129583c5e8f4"",""deployment"":""65be7d91-a0e8-40d7-8fa9-14aa89a4add1"",""replica"":""a840cb83-51a9-4b35-8087-f3b0edb637f4""}",2026-02-24T16:57:46.124878621Z
"  File ""/usr/local/lib/python3.11/site-packages/sqlalchemy/pool/base.py"", line 678, in __init__","{""level"":""error""}","{""project"":""82a60368-a35f-407d-b91c-fda7c4df0a50"",""environment"":""35a62989-f226-4922-a94f-05b71577983e"",""service"":""edd77b6a-44ec-4dd0-bb6b-129583c5e8f4"",""deployment"":""65be7d91-a0e8-40d7-8fa9-14aa89a4add1"",""replica"":""a840cb83-51a9-4b35-8087-f3b0edb637f4""}",2026-02-24T16:57:46.124886391Z
           ^^^^^^^^^^^^^^^^^^^^^^^^^^^^^^^^,"{""level"":""error""}","{""project"":""82a60368-a35f-407d-b91c-fda7c4df0a50"",""environment"":""35a62989-f226-4922-a94f-05b71577983e"",""service"":""edd77b6a-44ec-4dd0-bb6b-129583c5e8f4"",""deployment"":""65be7d91-a0e8-40d7-8fa9-14aa89a4add1"",""replica"":""a840cb83-51a9-4b35-8087-f3b0edb637f4""}",2026-02-24T16:57:46.124890250Z
    self.__connect(),"{""level"":""error""}","{""project"":""82a60368-a35f-407d-b91c-fda7c4df0a50"",""environment"":""35a62989-f226-4922-a94f-05b71577983e"",""service"":""edd77b6a-44ec-4dd0-bb6b-129583c5e8f4"",""deployment"":""65be7d91-a0e8-40d7-8fa9-14aa89a4add1"",""replica"":""a840cb83-51a9-4b35-8087-f3b0edb637f4""}",2026-02-24T16:57:46.124896009Z
"  File ""/usr/local/lib/python3.11/site-packages/sqlalchemy/pool/base.py"", line 1267, in _checkout","{""level"":""error""}","{""project"":""82a60368-a35f-407d-b91c-fda7c4df0a50"",""environment"":""35a62989-f226-4922-a94f-05b71577983e"",""service"":""edd77b6a-44ec-4dd0-bb6b-129583c5e8f4"",""deployment"":""65be7d91-a0e8-40d7-8fa9-14aa89a4add1"",""replica"":""a840cb83-51a9-4b35-8087-f3b0edb637f4""}",2026-02-24T16:57:46.124899084Z
"  File ""/usr/local/lib/python3.11/site-packages/sqlalchemy/pool/base.py"", line 916, in __connect","{""level"":""error""}","{""project"":""82a60368-a35f-407d-b91c-fda7c4df0a50"",""environment"":""35a62989-f226-4922-a94f-05b71577983e"",""service"":""edd77b6a-44ec-4dd0-bb6b-129583c5e8f4"",""deployment"":""65be7d91-a0e8-40d7-8fa9-14aa89a4add1"",""replica"":""a840cb83-51a9-4b35-8087-f3b0edb637f4""}",2026-02-24T16:57:46.124905926Z
    fairy = _ConnectionRecord.checkout(pool),"{""level"":""error""}","{""project"":""82a60368-a35f-407d-b91c-fda7c4df0a50"",""environment"":""35a62989-f226-4922-a94f-05b71577983e"",""service"":""edd77b6a-44ec-4dd0-bb6b-129583c5e8f4"",""deployment"":""65be7d91-a0e8-40d7-8fa9-14aa89a4add1"",""replica"":""a840cb83-51a9-4b35-8087-f3b0edb637f4""}",2026-02-24T16:57:46.124907784Z
            ^^^^^^^^^^^^^^^^^^^^^^^^^^^^^^^^,"{""level"":""error""}","{""project"":""82a60368-a35f-407d-b91c-fda7c4df0a50"",""environment"":""35a62989-f226-4922-a94f-05b71577983e"",""service"":""edd77b6a-44ec-4dd0-bb6b-129583c5e8f4"",""deployment"":""65be7d91-a0e8-40d7-8fa9-14aa89a4add1"",""replica"":""a840cb83-51a9-4b35-8087-f3b0edb637f4""}",2026-02-24T16:57:46.124912899Z
"  File ""/usr/local/lib/python3.11/site-packages/sqlalchemy/pool/base.py"", line 716, in checkout","{""level"":""error""}","{""project"":""82a60368-a35f-407d-b91c-fda7c4df0a50"",""environment"":""35a62989-f226-4922-a94f-05b71577983e"",""service"":""edd77b6a-44ec-4dd0-bb6b-129583c5e8f4"",""deployment"":""65be7d91-a0e8-40d7-8fa9-14aa89a4add1"",""replica"":""a840cb83-51a9-4b35-8087-f3b0edb637f4""}",2026-02-24T16:57:46.124917018Z
    rec = pool._do_get(),"{""level"":""error""}","{""project"":""82a60368-a35f-407d-b91c-fda7c4df0a50"",""environment"":""35a62989-f226-4922-a94f-05b71577983e"",""service"":""edd77b6a-44ec-4dd0-bb6b-129583c5e8f4"",""deployment"":""65be7d91-a0e8-40d7-8fa9-14aa89a4add1"",""replica"":""a840cb83-51a9-4b35-8087-f3b0edb637f4""}",2026-02-24T16:57:46.124921222Z
          ^^^^^^^^^^^^^^,"{""level"":""error""}","{""project"":""82a60368-a35f-407d-b91c-fda7c4df0a50"",""environment"":""35a62989-f226-4922-a94f-05b71577983e"",""service"":""edd77b6a-44ec-4dd0-bb6b-129583c5e8f4"",""deployment"":""65be7d91-a0e8-40d7-8fa9-14aa89a4add1"",""replica"":""a840cb83-51a9-4b35-8087-f3b0edb637f4""}",2026-02-24T16:57:46.124925895Z
"  File ""/usr/local/lib/python3.11/site-packages/sqlalchemy/pool/impl.py"", line 169, in _do_get","{""level"":""error""}","{""project"":""82a60368-a35f-407d-b91c-fda7c4df0a50"",""environment"":""35a62989-f226-4922-a94f-05b71577983e"",""service"":""edd77b6a-44ec-4dd0-bb6b-129583c5e8f4"",""deployment"":""65be7d91-a0e8-40d7-8fa9-14aa89a4add1"",""replica"":""a840cb83-51a9-4b35-8087-f3b0edb637f4""}",2026-02-24T16:57:46.124929931Z
            ^^^^^^^^^^^^,"{""level"":""error""}","{""project"":""82a60368-a35f-407d-b91c-fda7c4df0a50"",""environment"":""35a62989-f226-4922-a94f-05b71577983e"",""service"":""edd77b6a-44ec-4dd0-bb6b-129583c5e8f4"",""deployment"":""65be7d91-a0e8-40d7-8fa9-14aa89a4add1"",""replica"":""a840cb83-51a9-4b35-8087-f3b0edb637f4""}",2026-02-24T16:57:46.125721146Z
"    )._exec_w_sync_on_first_run(self.dbapi_connection, self)","{""level"":""error""}","{""project"":""82a60368-a35f-407d-b91c-fda7c4df0a50"",""environment"":""35a62989-f226-4922-a94f-05b71577983e"",""service"":""edd77b6a-44ec-4dd0-bb6b-129583c5e8f4"",""deployment"":""65be7d91-a0e8-40d7-8fa9-14aa89a4add1"",""replica"":""a840cb83-51a9-4b35-8087-f3b0edb637f4""}",2026-02-24T16:57:46.125721884Z
"  File ""/usr/local/lib/python3.11/site-packages/sqlalchemy/dialects/postgresql/asyncpg.py"", line 1166, in setup_asyncpg_json_codec","{""level"":""error""}","{""project"":""82a60368-a35f-407d-b91c-fda7c4df0a50"",""environment"":""35a62989-f226-4922-a94f-05b71577983e"",""service"":""edd77b6a-44ec-4dd0-bb6b-129583c5e8f4"",""deployment"":""65be7d91-a0e8-40d7-8fa9-14aa89a4add1"",""replica"":""a840cb83-51a9-4b35-8087-f3b0edb637f4""}",2026-02-24T16:57:46.125729232Z
      ^^^^^^^^^^^^^^^^^^^^^^^^^^^^^^^^^^^^^^^^^^^^^^^^^^^^^^,"{""level"":""error""}","{""project"":""82a60368-a35f-407d-b91c-fda7c4df0a50"",""environment"":""35a62989-f226-4922-a94f-05b71577983e"",""service"":""edd77b6a-44ec-4dd0-bb6b-129583c5e8f4"",""deployment"":""65be7d91-a0e8-40d7-8fa9-14aa89a4add1"",""replica"":""a840cb83-51a9-4b35-8087-f3b0edb637f4""}",2026-02-24T16:57:46.125734876Z
    await asyncpg_connection.set_type_codec(,"{""level"":""error""}","{""project"":""82a60368-a35f-407d-b91c-fda7c4df0a50"",""environment"":""35a62989-f226-4922-a94f-05b71577983e"",""service"":""edd77b6a-44ec-4dd0-bb6b-129583c5e8f4"",""deployment"":""65be7d91-a0e8-40d7-8fa9-14aa89a4add1"",""replica"":""a840cb83-51a9-4b35-8087-f3b0edb637f4""}",2026-02-24T16:57:46.125738034Z
"  File ""/usr/local/lib/python3.11/site-packages/sqlalchemy/event/attr.py"", line 473, in _exec_w_sync_on_first_run","{""level"":""error""}","{""project"":""82a60368-a35f-407d-b91c-fda7c4df0a50"",""environment"":""35a62989-f226-4922-a94f-05b71577983e"",""service"":""edd77b6a-44ec-4dd0-bb6b-129583c5e8f4"",""deployment"":""65be7d91-a0e8-40d7-8fa9-14aa89a4add1"",""replica"":""a840cb83-51a9-4b35-8087-f3b0edb637f4""}",2026-02-24T16:57:46.125746329Z
"  File ""/usr/local/lib/python3.11/site-packages/asyncpg/connection.py"", line 1221, in set_type_codec","{""level"":""error""}","{""project"":""82a60368-a35f-407d-b91c-fda7c4df0a50"",""environment"":""35a62989-f226-4922-a94f-05b71577983e"",""service"":""edd77b6a-44ec-4dd0-bb6b-129583c5e8f4"",""deployment"":""65be7d91-a0e8-40d7-8fa9-14aa89a4add1"",""replica"":""a840cb83-51a9-4b35-8087-f3b0edb637f4""}",2026-02-24T16:57:46.125746855Z
"    self(*args, **kw)","{""level"":""error""}","{""project"":""82a60368-a35f-407d-b91c-fda7c4df0a50"",""environment"":""35a62989-f226-4922-a94f-05b71577983e"",""service"":""edd77b6a-44ec-4dd0-bb6b-129583c5e8f4"",""deployment"":""65be7d91-a0e8-40d7-8fa9-14aa89a4add1"",""replica"":""a840cb83-51a9-4b35-8087-f3b0edb637f4""}",2026-02-24T16:57:46.125753994Z
"  File ""/usr/local/lib/python3.11/site-packages/sqlalchemy/event/attr.py"", line 487, in __call__","{""level"":""error""}","{""project"":""82a60368-a35f-407d-b91c-fda7c4df0a50"",""environment"":""35a62989-f226-4922-a94f-05b71577983e"",""service"":""edd77b6a-44ec-4dd0-bb6b-129583c5e8f4"",""deployment"":""65be7d91-a0e8-40d7-8fa9-14aa89a4add1"",""replica"":""a840cb83-51a9-4b35-8087-f3b0edb637f4""}",2026-02-24T16:57:46.125759930Z
"    fn(*args, **kw)","{""level"":""error""}","{""project"":""82a60368-a35f-407d-b91c-fda7c4df0a50"",""environment"":""35a62989-f226-4922-a94f-05b71577983e"",""service"":""edd77b6a-44ec-4dd0-bb6b-129583c5e8f4"",""deployment"":""65be7d91-a0e8-40d7-8fa9-14aa89a4add1"",""replica"":""a840cb83-51a9-4b35-8087-f3b0edb637f4""}",2026-02-24T16:57:46.125765033Z
"  File ""/usr/local/lib/python3.11/site-packages/sqlalchemy/engine/create.py"", line 704, in on_connect","{""level"":""error""}","{""project"":""82a60368-a35f-407d-b91c-fda7c4df0a50"",""environment"":""35a62989-f226-4922-a94f-05b71577983e"",""service"":""edd77b6a-44ec-4dd0-bb6b-129583c5e8f4"",""deployment"":""65be7d91-a0e8-40d7-8fa9-14aa89a4add1"",""replica"":""a840cb83-51a9-4b35-8087-f3b0edb637f4""}",2026-02-24T16:57:46.125769787Z
    do_on_connect(dbapi_connection),"{""level"":""error""}","{""project"":""82a60368-a35f-407d-b91c-fda7c4df0a50"",""environment"":""35a62989-f226-4922-a94f-05b71577983e"",""service"":""edd77b6a-44ec-4dd0-bb6b-129583c5e8f4"",""deployment"":""65be7d91-a0e8-40d7-8fa9-14aa89a4add1"",""replica"":""a840cb83-51a9-4b35-8087-f3b0edb637f4""}",2026-02-24T16:57:46.125774209Z
"  File ""/usr/local/lib/python3.11/site-packages/sqlalchemy/dialects/postgresql/asyncpg.py"", line 1240, in connect","{""level"":""error""}","{""project"":""82a60368-a35f-407d-b91c-fda7c4df0a50"",""environment"":""35a62989-f226-4922-a94f-05b71577983e"",""service"":""edd77b6a-44ec-4dd0-bb6b-129583c5e8f4"",""deployment"":""65be7d91-a0e8-40d7-8fa9-14aa89a4add1"",""replica"":""a840cb83-51a9-4b35-8087-f3b0edb637f4""}",2026-02-24T16:57:46.125783496Z
    conn.await_(self.setup_asyncpg_json_codec(conn)),"{""level"":""error""}","{""project"":""82a60368-a35f-407d-b91c-fda7c4df0a50"",""environment"":""35a62989-f226-4922-a94f-05b71577983e"",""service"":""edd77b6a-44ec-4dd0-bb6b-129583c5e8f4"",""deployment"":""65be7d91-a0e8-40d7-8fa9-14aa89a4add1"",""replica"":""a840cb83-51a9-4b35-8087-f3b0edb637f4""}",2026-02-24T16:57:46.125789009Z
"  File ""/usr/local/lib/python3.11/site-packages/sqlalchemy/util/_concurrency_py3k.py"", line 125, in await_only","{""level"":""error""}","{""project"":""82a60368-a35f-407d-b91c-fda7c4df0a50"",""environment"":""35a62989-f226-4922-a94f-05b71577983e"",""service"":""edd77b6a-44ec-4dd0-bb6b-129583c5e8f4"",""deployment"":""65be7d91-a0e8-40d7-8fa9-14aa89a4add1"",""replica"":""a840cb83-51a9-4b35-8087-f3b0edb637f4""}",2026-02-24T16:57:46.125794122Z
    return current.driver.switch(awaitable)  # type: ignore[no-any-return],"{""level"":""error""}","{""project"":""82a60368-a35f-407d-b91c-fda7c4df0a50"",""environment"":""35a62989-f226-4922-a94f-05b71577983e"",""service"":""edd77b6a-44ec-4dd0-bb6b-129583c5e8f4"",""deployment"":""65be7d91-a0e8-40d7-8fa9-14aa89a4add1"",""replica"":""a840cb83-51a9-4b35-8087-f3b0edb637f4""}",2026-02-24T16:57:46.125799843Z
           ^^^^^^^^^^^^^^^^^^^^^^^^^^^^^^^^,"{""level"":""error""}","{""project"":""82a60368-a35f-407d-b91c-fda7c4df0a50"",""environment"":""35a62989-f226-4922-a94f-05b71577983e"",""service"":""edd77b6a-44ec-4dd0-bb6b-129583c5e8f4"",""deployment"":""65be7d91-a0e8-40d7-8fa9-14aa89a4add1"",""replica"":""a840cb83-51a9-4b35-8087-f3b0edb637f4""}",2026-02-24T16:57:46.125804869Z
"  File ""/usr/local/lib/python3.11/site-packages/sqlalchemy/util/_concurrency_py3k.py"", line 185, in greenlet_spawn","{""level"":""error""}","{""project"":""82a60368-a35f-407d-b91c-fda7c4df0a50"",""environment"":""35a62989-f226-4922-a94f-05b71577983e"",""service"":""edd77b6a-44ec-4dd0-bb6b-129583c5e8f4"",""deployment"":""65be7d91-a0e8-40d7-8fa9-14aa89a4add1"",""replica"":""a840cb83-51a9-4b35-8087-f3b0edb637f4""}",2026-02-24T16:57:46.125809458Z
    value = await result,"{""level"":""error""}","{""project"":""82a60368-a35f-407d-b91c-fda7c4df0a50"",""environment"":""35a62989-f226-4922-a94f-05b71577983e"",""service"":""edd77b6a-44ec-4dd0-bb6b-129583c5e8f4"",""deployment"":""65be7d91-a0e8-40d7-8fa9-14aa89a4add1"",""replica"":""a840cb83-51a9-4b35-8087-f3b0edb637f4""}",2026-02-24T16:57:46.125814222Z
"    typeinfo = await self._introspect_type(typename, schema)","{""level"":""error""}","{""project"":""82a60368-a35f-407d-b91c-fda7c4df0a50"",""environment"":""35a62989-f226-4922-a94f-05b71577983e"",""service"":""edd77b6a-44ec-4dd0-bb6b-129583c5e8f4"",""deployment"":""65be7d91-a0e8-40d7-8fa9-14aa89a4add1"",""replica"":""a840cb83-51a9-4b35-8087-f3b0edb637f4""}",2026-02-24T16:57:46.126904722Z
"  File ""/usr/local/lib/python3.11/site-packages/asyncpg/connection.py"", line 397, in _get_statement","{""level"":""error""}","{""project"":""82a60368-a35f-407d-b91c-fda7c4df0a50"",""environment"":""35a62989-f226-4922-a94f-05b71577983e"",""service"":""edd77b6a-44ec-4dd0-bb6b-129583c5e8f4"",""deployment"":""65be7d91-a0e8-40d7-8fa9-14aa89a4add1"",""replica"":""a840cb83-51a9-4b35-8087-f3b0edb637f4""}",2026-02-24T16:57:46.126910474Z
               ^^^^^^^^^^^^^^^^^^^^^^^^^^^^^^^^^^^^^^^^^^^^^,"{""level"":""error""}","{""project"":""82a60368-a35f-407d-b91c-fda7c4df0a50"",""environment"":""35a62989-f226-4922-a94f-05b71577983e"",""service"":""edd77b6a-44ec-4dd0-bb6b-129583c5e8f4"",""deployment"":""65be7d91-a0e8-40d7-8fa9-14aa89a4add1"",""replica"":""a840cb83-51a9-4b35-8087-f3b0edb637f4""}",2026-02-24T16:57:46.126915289Z
    statement = await self._protocol.prepare(,"{""level"":""error""}","{""project"":""82a60368-a35f-407d-b91c-fda7c4df0a50"",""environment"":""35a62989-f226-4922-a94f-05b71577983e"",""service"":""edd77b6a-44ec-4dd0-bb6b-129583c5e8f4"",""deployment"":""65be7d91-a0e8-40d7-8fa9-14aa89a4add1"",""replica"":""a840cb83-51a9-4b35-8087-f3b0edb637f4""}",2026-02-24T16:57:46.126920190Z
"  File ""/usr/local/lib/python3.11/site-packages/asyncpg/connection.py"", line 472, in _introspect_type","{""level"":""error""}","{""project"":""82a60368-a35f-407d-b91c-fda7c4df0a50"",""environment"":""35a62989-f226-4922-a94f-05b71577983e"",""service"":""edd77b6a-44ec-4dd0-bb6b-129583c5e8f4"",""deployment"":""65be7d91-a0e8-40d7-8fa9-14aa89a4add1"",""replica"":""a840cb83-51a9-4b35-8087-f3b0edb637f4""}",2026-02-24T16:57:46.126923155Z
    rows = await self._execute(,"{""level"":""error""}","{""project"":""82a60368-a35f-407d-b91c-fda7c4df0a50"",""environment"":""35a62989-f226-4922-a94f-05b71577983e"",""service"":""edd77b6a-44ec-4dd0-bb6b-129583c5e8f4"",""deployment"":""65be7d91-a0e8-40d7-8fa9-14aa89a4add1"",""replica"":""a840cb83-51a9-4b35-8087-f3b0edb637f4""}",2026-02-24T16:57:46.126927271Z
           ^^^^^^^^^^^^^^^^^^^^,"{""level"":""error""}","{""project"":""82a60368-a35f-407d-b91c-fda7c4df0a50"",""environment"":""35a62989-f226-4922-a94f-05b71577983e"",""service"":""edd77b6a-44ec-4dd0-bb6b-129583c5e8f4"",""deployment"":""65be7d91-a0e8-40d7-8fa9-14aa89a4add1"",""replica"":""a840cb83-51a9-4b35-8087-f3b0edb637f4""}",2026-02-24T16:57:46.126930900Z
                ^^^^^^^^^^^^^^^^^^^^^^^^^^^^^,"{""level"":""error""}","{""project"":""82a60368-a35f-407d-b91c-fda7c4df0a50"",""environment"":""35a62989-f226-4922-a94f-05b71577983e"",""service"":""edd77b6a-44ec-4dd0-bb6b-129583c5e8f4"",""deployment"":""65be7d91-a0e8-40d7-8fa9-14aa89a4add1"",""replica"":""a840cb83-51a9-4b35-8087-f3b0edb637f4""}",2026-02-24T16:57:46.126938014Z
"  File ""asyncpg/protocol/protocol.pyx"", line 168, in prepare","{""level"":""error""}","{""project"":""82a60368-a35f-407d-b91c-fda7c4df0a50"",""environment"":""35a62989-f226-4922-a94f-05b71577983e"",""service"":""edd77b6a-44ec-4dd0-bb6b-129583c5e8f4"",""deployment"":""65be7d91-a0e8-40d7-8fa9-14aa89a4add1"",""replica"":""a840cb83-51a9-4b35-8087-f3b0edb637f4""}",2026-02-24T16:57:46.126943614Z
"asyncpg.exceptions.DuplicatePreparedStatementError: prepared statement ""__asyncpg_stmt_4__"" already exists","{""level"":""error""}","{""project"":""82a60368-a35f-407d-b91c-fda7c4df0a50"",""environment"":""35a62989-f226-4922-a94f-05b71577983e"",""service"":""edd77b6a-44ec-4dd0-bb6b-129583c5e8f4"",""deployment"":""65be7d91-a0e8-40d7-8fa9-14aa89a4add1"",""replica"":""a840cb83-51a9-4b35-8087-f3b0edb637f4""}",2026-02-24T16:57:46.126949676Z
HINT:  ,"{""level"":""error""}","{""project"":""82a60368-a35f-407d-b91c-fda7c4df0a50"",""environment"":""35a62989-f226-4922-a94f-05b71577983e"",""service"":""edd77b6a-44ec-4dd0-bb6b-129583c5e8f4"",""deployment"":""65be7d91-a0e8-40d7-8fa9-14aa89a4add1"",""replica"":""a840cb83-51a9-4b35-8087-f3b0edb637f4""}",2026-02-24T16:57:46.126955656Z
"NOTE: pgbouncer with pool_mode set to ""transaction"" or","{""level"":""error""}","{""project"":""82a60368-a35f-407d-b91c-fda7c4df0a50"",""environment"":""35a62989-f226-4922-a94f-05b71577983e"",""service"":""edd77b6a-44ec-4dd0-bb6b-129583c5e8f4"",""deployment"":""65be7d91-a0e8-40d7-8fa9-14aa89a4add1"",""replica"":""a840cb83-51a9-4b35-8087-f3b0edb637f4""}",2026-02-24T16:57:46.126966054Z
"  File ""/usr/local/lib/python3.11/site-packages/asyncpg/connection.py"", line 1659, in _execute","{""level"":""error""}","{""project"":""82a60368-a35f-407d-b91c-fda7c4df0a50"",""environment"":""35a62989-f226-4922-a94f-05b71577983e"",""service"":""edd77b6a-44ec-4dd0-bb6b-129583c5e8f4"",""deployment"":""65be7d91-a0e8-40d7-8fa9-14aa89a4add1"",""replica"":""a840cb83-51a9-4b35-8087-f3b0edb637f4""}",2026-02-24T16:57:46.126974532Z
"    result, _ = await self.__execute(","{""level"":""error""}","{""project"":""82a60368-a35f-407d-b91c-fda7c4df0a50"",""environment"":""35a62989-f226-4922-a94f-05b71577983e"",""service"":""edd77b6a-44ec-4dd0-bb6b-129583c5e8f4"",""deployment"":""65be7d91-a0e8-40d7-8fa9-14aa89a4add1"",""replica"":""a840cb83-51a9-4b35-8087-f3b0edb637f4""}",2026-02-24T16:57:46.126982458Z
                ^^^^^^^^^^^^^^^^^^^^^,"{""level"":""error""}","{""project"":""82a60368-a35f-407d-b91c-fda7c4df0a50"",""environment"":""35a62989-f226-4922-a94f-05b71577983e"",""service"":""edd77b6a-44ec-4dd0-bb6b-129583c5e8f4"",""deployment"":""65be7d91-a0e8-40d7-8fa9-14aa89a4add1"",""replica"":""a840cb83-51a9-4b35-8087-f3b0edb637f4""}",2026-02-24T16:57:46.126986249Z
"  File ""/usr/local/lib/python3.11/site-packages/asyncpg/connection.py"", line 1684, in __execute","{""level"":""error""}","{""project"":""82a60368-a35f-407d-b91c-fda7c4df0a50"",""environment"":""35a62989-f226-4922-a94f-05b71577983e"",""service"":""edd77b6a-44ec-4dd0-bb6b-129583c5e8f4"",""deployment"":""65be7d91-a0e8-40d7-8fa9-14aa89a4add1"",""replica"":""a840cb83-51a9-4b35-8087-f3b0edb637f4""}",2026-02-24T16:57:46.126990377Z
    return await self._do_execute(,"{""level"":""error""}","{""project"":""82a60368-a35f-407d-b91c-fda7c4df0a50"",""environment"":""35a62989-f226-4922-a94f-05b71577983e"",""service"":""edd77b6a-44ec-4dd0-bb6b-129583c5e8f4"",""deployment"":""65be7d91-a0e8-40d7-8fa9-14aa89a4add1"",""replica"":""a840cb83-51a9-4b35-8087-f3b0edb637f4""}",2026-02-24T16:57:46.126994010Z
           ^^^^^^^^^^^^^^^^^^^^^^^,"{""level"":""error""}","{""project"":""82a60368-a35f-407d-b91c-fda7c4df0a50"",""environment"":""35a62989-f226-4922-a94f-05b71577983e"",""service"":""edd77b6a-44ec-4dd0-bb6b-129583c5e8f4"",""deployment"":""65be7d91-a0e8-40d7-8fa9-14aa89a4add1"",""replica"":""a840cb83-51a9-4b35-8087-f3b0edb637f4""}",2026-02-24T16:57:46.126997842Z
"  File ""/usr/local/lib/python3.11/site-packages/asyncpg/connection.py"", line 1711, in _do_execute","{""level"":""error""}","{""project"":""82a60368-a35f-407d-b91c-fda7c4df0a50"",""environment"":""35a62989-f226-4922-a94f-05b71577983e"",""service"":""edd77b6a-44ec-4dd0-bb6b-129583c5e8f4"",""deployment"":""65be7d91-a0e8-40d7-8fa9-14aa89a4add1"",""replica"":""a840cb83-51a9-4b35-8087-f3b0edb637f4""}",2026-02-24T16:57:46.127001139Z
    stmt = await self._get_statement(,"{""level"":""error""}","{""project"":""82a60368-a35f-407d-b91c-fda7c4df0a50"",""environment"":""35a62989-f226-4922-a94f-05b71577983e"",""service"":""edd77b6a-44ec-4dd0-bb6b-129583c5e8f4"",""deployment"":""65be7d91-a0e8-40d7-8fa9-14aa89a4add1"",""replica"":""a840cb83-51a9-4b35-8087-f3b0edb637f4""}",2026-02-24T16:57:46.127004684Z
           ^^^^^^^^^^^^^^^^^^^^^^^^^^,"{""level"":""error""}","{""project"":""82a60368-a35f-407d-b91c-fda7c4df0a50"",""environment"":""35a62989-f226-4922-a94f-05b71577983e"",""service"":""edd77b6a-44ec-4dd0-bb6b-129583c5e8f4"",""deployment"":""65be7d91-a0e8-40d7-8fa9-14aa89a4add1"",""replica"":""a840cb83-51a9-4b35-8087-f3b0edb637f4""}",2026-02-24T16:57:46.127008400Z
"""statement"" does not support prepared statements properly.","{""level"":""error""}","{""project"":""82a60368-a35f-407d-b91c-fda7c4df0a50"",""environment"":""35a62989-f226-4922-a94f-05b71577983e"",""service"":""edd77b6a-44ec-4dd0-bb6b-129583c5e8f4"",""deployment"":""65be7d91-a0e8-40d7-8fa9-14aa89a4add1"",""replica"":""a840cb83-51a9-4b35-8087-f3b0edb637f4""}",2026-02-24T16:57:46.128245160Z
You have two options:,"{""level"":""error""}","{""project"":""82a60368-a35f-407d-b91c-fda7c4df0a50"",""environment"":""35a62989-f226-4922-a94f-05b71577983e"",""service"":""edd77b6a-44ec-4dd0-bb6b-129583c5e8f4"",""deployment"":""65be7d91-a0e8-40d7-8fa9-14aa89a4add1"",""replica"":""a840cb83-51a9-4b35-8087-f3b0edb637f4""}",2026-02-24T16:57:46.128250542Z
,"{""level"":""error""}","{""project"":""82a60368-a35f-407d-b91c-fda7c4df0a50"",""environment"":""35a62989-f226-4922-a94f-05b71577983e"",""service"":""edd77b6a-44ec-4dd0-bb6b-129583c5e8f4"",""deployment"":""65be7d91-a0e8-40d7-8fa9-14aa89a4add1"",""replica"":""a840cb83-51a9-4b35-8087-f3b0edb637f4""}",2026-02-24T16:57:46.128255670Z
* if you are using pgbouncer for connection pooling to a,"{""level"":""error""}","{""project"":""82a60368-a35f-407d-b91c-fda7c4df0a50"",""environment"":""35a62989-f226-4922-a94f-05b71577983e"",""service"":""edd77b6a-44ec-4dd0-bb6b-129583c5e8f4"",""deployment"":""65be7d91-a0e8-40d7-8fa9-14aa89a4add1"",""replica"":""a840cb83-51a9-4b35-8087-f3b0edb637f4""}",2026-02-24T16:57:46.128260770Z
"  single server, switch to the connection pool functionality","{""level"":""error""}","{""project"":""82a60368-a35f-407d-b91c-fda7c4df0a50"",""environment"":""35a62989-f226-4922-a94f-05b71577983e"",""service"":""edd77b6a-44ec-4dd0-bb6b-129583c5e8f4"",""deployment"":""65be7d91-a0e8-40d7-8fa9-14aa89a4add1"",""replica"":""a840cb83-51a9-4b35-8087-f3b0edb637f4""}",2026-02-24T16:57:46.128265500Z
"  provided by asyncpg, it is a much better option for this","{""level"":""error""}","{""project"":""82a60368-a35f-407d-b91c-fda7c4df0a50"",""environment"":""35a62989-f226-4922-a94f-05b71577983e"",""service"":""edd77b6a-44ec-4dd0-bb6b-129583c5e8f4"",""deployment"":""65be7d91-a0e8-40d7-8fa9-14aa89a4add1"",""replica"":""a840cb83-51a9-4b35-8087-f3b0edb637f4""}",2026-02-24T16:57:46.128270454Z
  purpose;,"{""level"":""error""}","{""project"":""82a60368-a35f-407d-b91c-fda7c4df0a50"",""environment"":""35a62989-f226-4922-a94f-05b71577983e"",""service"":""edd77b6a-44ec-4dd0-bb6b-129583c5e8f4"",""deployment"":""65be7d91-a0e8-40d7-8fa9-14aa89a4add1"",""replica"":""a840cb83-51a9-4b35-8087-f3b0edb637f4""}",2026-02-24T16:57:46.128274316Z
,"{""level"":""error""}","{""project"":""82a60368-a35f-407d-b91c-fda7c4df0a50"",""environment"":""35a62989-f226-4922-a94f-05b71577983e"",""service"":""edd77b6a-44ec-4dd0-bb6b-129583c5e8f4"",""deployment"":""65be7d91-a0e8-40d7-8fa9-14aa89a4add1"",""replica"":""a840cb83-51a9-4b35-8087-f3b0edb637f4""}",2026-02-24T16:57:46.128278540Z
"* if you have no option of avoiding the use of pgbouncer,","{""level"":""error""}","{""project"":""82a60368-a35f-407d-b91c-fda7c4df0a50"",""environment"":""35a62989-f226-4922-a94f-05b71577983e"",""service"":""edd77b6a-44ec-4dd0-bb6b-129583c5e8f4"",""deployment"":""65be7d91-a0e8-40d7-8fa9-14aa89a4add1"",""replica"":""a840cb83-51a9-4b35-8087-f3b0edb637f4""}",2026-02-24T16:57:46.128281822Z
  then you can set statement_cache_size to 0 when creating,"{""level"":""error""}","{""project"":""82a60368-a35f-407d-b91c-fda7c4df0a50"",""environment"":""35a62989-f226-4922-a94f-05b71577983e"",""service"":""edd77b6a-44ec-4dd0-bb6b-129583c5e8f4"",""deployment"":""65be7d91-a0e8-40d7-8fa9-14aa89a4add1"",""replica"":""a840cb83-51a9-4b35-8087-f3b0edb637f4""}",2026-02-24T16:57:46.128286402Z
  the asyncpg connection object.,"{""level"":""error""}","{""project"":""82a60368-a35f-407d-b91c-fda7c4df0a50"",""environment"":""35a62989-f226-4922-a94f-05b71577983e"",""service"":""edd77b6a-44ec-4dd0-bb6b-129583c5e8f4"",""deployment"":""65be7d91-a0e8-40d7-8fa9-14aa89a4add1"",""replica"":""a840cb83-51a9-4b35-8087-f3b0edb637f4""}",2026-02-24T16:57:46.128289809Z
,"{""level"":""error""}","{""project"":""82a60368-a35f-407d-b91c-fda7c4df0a50"",""environment"":""35a62989-f226-4922-a94f-05b71577983e"",""service"":""edd77b6a-44ec-4dd0-bb6b-129583c5e8f4"",""deployment"":""65be7d91-a0e8-40d7-8fa9-14aa89a4add1"",""replica"":""a840cb83-51a9-4b35-8087-f3b0edb637f4""}",2026-02-24T16:57:46.128294064Z
"INFO:     100.64.0.2:54974 - ""OPTIONS /api/v1/clients/ HTTP/1.1"" 200 OK","{""level"":""info""}","{""project"":""82a60368-a35f-407d-b91c-fda7c4df0a50"",""environment"":""35a62989-f226-4922-a94f-05b71577983e"",""service"":""edd77b6a-44ec-4dd0-bb6b-129583c5e8f4"",""deployment"":""65be7d91-a0e8-40d7-8fa9-14aa89a4add1"",""replica"":""a840cb83-51a9-4b35-8087-f3b0edb637f4""}",2026-02-24T16:57:50.546062428Z
"INFO:     100.64.0.2:54974 - ""GET /api/v1/clients/ HTTP/1.1"" 404 Not Found","{""level"":""info""}","{""project"":""82a60368-a35f-407d-b91c-fda7c4df0a50"",""environment"":""35a62989-f226-4922-a94f-05b71577983e"",""service"":""edd77b6a-44ec-4dd0-bb6b-129583c5e8f4"",""deployment"":""65be7d91-a0e8-40d7-8fa9-14aa89a4add1"",""replica"":""a840cb83-51a9-4b35-8087-f3b0edb637f4""}",2026-02-24T16:57:50.886874983Z
"INFO:     100.64.0.2:54974 - ""GET /api/v1/clients/ HTTP/1.1"" 404 Not Found","{""level"":""info""}","{""project"":""82a60368-a35f-407d-b91c-fda7c4df0a50"",""environment"":""35a62989-f226-4922-a94f-05b71577983e"",""service"":""edd77b6a-44ec-4dd0-bb6b-129583c5e8f4"",""deployment"":""65be7d91-a0e8-40d7-8fa9-14aa89a4add1"",""replica"":""a840cb83-51a9-4b35-8087-f3b0edb637f4""}",2026-02-24T16:57:54.092667620Z
Received token: eyJhbGciOiJFUzI1NiIs... (scheme: Bearer),"{""timestamp"":""2026-02-24T16:58:01.006980Z"",""source"":{""file"":""/app/core/auth.py"",""line"":501,""function"":""get_current_user""},""logger"":""core.auth"",""level"":""info""}","{""project"":""82a60368-a35f-407d-b91c-fda7c4df0a50"",""environment"":""35a62989-f226-4922-a94f-05b71577983e"",""service"":""edd77b6a-44ec-4dd0-bb6b-129583c5e8f4"",""deployment"":""65be7d91-a0e8-40d7-8fa9-14aa89a4add1"",""replica"":""a840cb83-51a9-4b35-8087-f3b0edb637f4""}",2026-02-24T16:58:01.015962247Z
"Validating token. JWT_SECRET configured: True, SUPABASE_URL configured: True","{""timestamp"":""2026-02-24T16:58:01.007066Z"",""source"":{""file"":""/app/core/auth.py"",""line"":319,""function"":""_validate_token_with_supabase""},""logger"":""core.auth"",""level"":""info""}","{""project"":""82a60368-a35f-407d-b91c-fda7c4df0a50"",""environment"":""35a62989-f226-4922-a94f-05b71577983e"",""service"":""edd77b6a-44ec-4dd0-bb6b-129583c5e8f4"",""deployment"":""65be7d91-a0e8-40d7-8fa9-14aa89a4add1"",""replica"":""a840cb83-51a9-4b35-8087-f3b0edb637f4""}",2026-02-24T16:58:01.015968270Z
Token preview: eyJhbGciOiJFUzI1NiIsImtpZCI6Ij...,"{""timestamp"":""2026-02-24T16:58:01.007137Z"",""source"":{""file"":""/app/core/auth.py"",""line"":327,""function"":""_validate_token_with_supabase""},""logger"":""core.auth"",""level"":""info""}","{""project"":""82a60368-a35f-407d-b91c-fda7c4df0a50"",""environment"":""35a62989-f226-4922-a94f-05b71577983e"",""service"":""edd77b6a-44ec-4dd0-bb6b-129583c5e8f4"",""deployment"":""65be7d91-a0e8-40d7-8fa9-14aa89a4add1"",""replica"":""a840cb83-51a9-4b35-8087-f3b0edb637f4""}",2026-02-24T16:58:01.015971753Z
"Token algorithm: ES256, Key ID: 26bd5c72-1304-4d3b-afb0-15dad4da7f6a","{""timestamp"":""2026-02-24T16:58:01.007157Z"",""source"":{""file"":""/app/core/auth.py"",""line"":328,""function"":""_validate_token_with_supabase""},""logger"":""core.auth"",""level"":""info""}","{""project"":""82a60368-a35f-407d-b91c-fda7c4df0a50"",""environment"":""35a62989-f226-4922-a94f-05b71577983e"",""service"":""edd77b6a-44ec-4dd0-bb6b-129583c5e8f4"",""deployment"":""65be7d91-a0e8-40d7-8fa9-14aa89a4add1"",""replica"":""a840cb83-51a9-4b35-8087-f3b0edb637f4""}",2026-02-24T16:58:01.015974958Z
Token valid for 2581 more seconds,"{""timestamp"":""2026-02-24T16:58:01.007190Z"",""source"":{""file"":""/app/core/auth.py"",""line"":338,""function"":""_validate_token_with_supabase""},""logger"":""core.auth"",""level"":""info""}","{""project"":""82a60368-a35f-407d-b91c-fda7c4df0a50"",""environment"":""35a62989-f226-4922-a94f-05b71577983e"",""service"":""edd77b6a-44ec-4dd0-bb6b-129583c5e8f4"",""deployment"":""65be7d91-a0e8-40d7-8fa9-14aa89a4add1"",""replica"":""a840cb83-51a9-4b35-8087-f3b0edb637f4""}",2026-02-24T16:58:01.015977976Z
Token uses ES256 - attempting JWKS validation,"{""timestamp"":""2026-02-24T16:58:01.007213Z"",""source"":{""file"":""/app/core/auth.py"",""line"":344,""function"":""_validate_token_with_supabase""},""logger"":""core.auth"",""level"":""info""}","{""project"":""82a60368-a35f-407d-b91c-fda7c4df0a50"",""environment"":""35a62989-f226-4922-a94f-05b71577983e"",""service"":""edd77b6a-44ec-4dd0-bb6b-129583c5e8f4"",""deployment"":""65be7d91-a0e8-40d7-8fa9-14aa89a4add1"",""replica"":""a840cb83-51a9-4b35-8087-f3b0edb637f4""}",2026-02-24T16:58:01.015981714Z
JWKS fetched successfully with 1 keys,"{""timestamp"":""2026-02-24T16:58:01.007259Z"",""source"":{""file"":""/app/core/auth.py"",""line"":348,""function"":""_validate_token_with_supabase""},""logger"":""core.auth"",""level"":""info""}","{""project"":""82a60368-a35f-407d-b91c-fda7c4df0a50"",""environment"":""35a62989-f226-4922-a94f-05b71577983e"",""service"":""edd77b6a-44ec-4dd0-bb6b-129583c5e8f4"",""deployment"":""65be7d91-a0e8-40d7-8fa9-14aa89a4add1"",""replica"":""a840cb83-51a9-4b35-8087-f3b0edb637f4""}",2026-02-24T16:58:01.015985291Z
"Found matching key with kid '26bd5c72-1304-4d3b-afb0-15dad4da7f6a', type 'EC'","{""timestamp"":""2026-02-24T16:58:01.007283Z"",""source"":{""file"":""/app/core/auth.py"",""line"":192,""function"":""_get_public_key_from_jwks""},""logger"":""core.auth"",""level"":""info""}","{""project"":""82a60368-a35f-407d-b91c-fda7c4df0a50"",""environment"":""35a62989-f226-4922-a94f-05b71577983e"",""service"":""edd77b6a-44ec-4dd0-bb6b-129583c5e8f4"",""deployment"":""65be7d91-a0e8-40d7-8fa9-14aa89a4add1"",""replica"":""a840cb83-51a9-4b35-8087-f3b0edb637f4""}",2026-02-24T16:58:01.017464780Z
✅ Token validated locally using JWKS public key (ES256),"{""timestamp"":""2026-02-24T16:58:01.008257Z"",""source"":{""file"":""/app/core/auth.py"",""line"":360,""function"":""_validate_token_with_supabase""},""logger"":""core.auth"",""level"":""info""}","{""project"":""82a60368-a35f-407d-b91c-fda7c4df0a50"",""environment"":""35a62989-f226-4922-a94f-05b71577983e"",""service"":""edd77b6a-44ec-4dd0-bb6b-129583c5e8f4"",""deployment"":""65be7d91-a0e8-40d7-8fa9-14aa89a4add1"",""replica"":""a840cb83-51a9-4b35-8087-f3b0edb637f4""}",2026-02-24T16:58:01.017472850Z
Token validated successfully for user: hunor.lazar@datarevolt.agency,"{""timestamp"":""2026-02-24T16:58:01.008319Z"",""source"":{""file"":""/app/core/auth.py"",""line"":513,""function"":""get_current_user""},""logger"":""core.auth"",""level"":""info""}","{""project"":""82a60368-a35f-407d-b91c-fda7c4df0a50"",""environment"":""35a62989-f226-4922-a94f-05b71577983e"",""service"":""edd77b6a-44ec-4dd0-bb6b-129583c5e8f4"",""deployment"":""65be7d91-a0e8-40d7-8fa9-14aa89a4add1"",""replica"":""a840cb83-51a9-4b35-8087-f3b0edb637f4""}",2026-02-24T16:58:01.017478749Z
"INFO:     100.64.0.2:26746 - ""GET /api/v1/admin/stats HTTP/1.1"" 500 Internal Server Error","{""level"":""info""}","{""project"":""82a60368-a35f-407d-b91c-fda7c4df0a50"",""environment"":""35a62989-f226-4922-a94f-05b71577983e"",""service"":""edd77b6a-44ec-4dd0-bb6b-129583c5e8f4"",""deployment"":""65be7d91-a0e8-40d7-8fa9-14aa89a4add1"",""replica"":""a840cb83-51a9-4b35-8087-f3b0edb637f4""}",2026-02-24T16:58:01.743665017Z
ERROR:    Exception in ASGI application,"{""level"":""error""}","{""project"":""82a60368-a35f-407d-b91c-fda7c4df0a50"",""environment"":""35a62989-f226-4922-a94f-05b71577983e"",""service"":""edd77b6a-44ec-4dd0-bb6b-129583c5e8f4"",""deployment"":""65be7d91-a0e8-40d7-8fa9-14aa89a4add1"",""replica"":""a840cb83-51a9-4b35-8087-f3b0edb637f4""}",2026-02-24T16:58:01.749876639Z
  + Exception Group Traceback (most recent call last):,"{""level"":""error""}","{""project"":""82a60368-a35f-407d-b91c-fda7c4df0a50"",""environment"":""35a62989-f226-4922-a94f-05b71577983e"",""service"":""edd77b6a-44ec-4dd0-bb6b-129583c5e8f4"",""deployment"":""65be7d91-a0e8-40d7-8fa9-14aa89a4add1"",""replica"":""a840cb83-51a9-4b35-8087-f3b0edb637f4""}",2026-02-24T16:58:01.749883935Z
"  |   File ""/usr/local/lib/python3.11/site-packages/starlette/_utils.py"", line 85, in collapse_excgroups","{""level"":""error""}","{""project"":""82a60368-a35f-407d-b91c-fda7c4df0a50"",""environment"":""35a62989-f226-4922-a94f-05b71577983e"",""service"":""edd77b6a-44ec-4dd0-bb6b-129583c5e8f4"",""deployment"":""65be7d91-a0e8-40d7-8fa9-14aa89a4add1"",""replica"":""a840cb83-51a9-4b35-8087-f3b0edb637f4""}",2026-02-24T16:58:01.749890198Z
  |     yield,"{""level"":""error""}","{""project"":""82a60368-a35f-407d-b91c-fda7c4df0a50"",""environment"":""35a62989-f226-4922-a94f-05b71577983e"",""service"":""edd77b6a-44ec-4dd0-bb6b-129583c5e8f4"",""deployment"":""65be7d91-a0e8-40d7-8fa9-14aa89a4add1"",""replica"":""a840cb83-51a9-4b35-8087-f3b0edb637f4""}",2026-02-24T16:58:01.749894322Z
"  |   File ""/usr/local/lib/python3.11/site-packages/starlette/middleware/base.py"", line 190, in __call__","{""level"":""error""}","{""project"":""82a60368-a35f-407d-b91c-fda7c4df0a50"",""environment"":""35a62989-f226-4922-a94f-05b71577983e"",""service"":""edd77b6a-44ec-4dd0-bb6b-129583c5e8f4"",""deployment"":""65be7d91-a0e8-40d7-8fa9-14aa89a4add1"",""replica"":""a840cb83-51a9-4b35-8087-f3b0edb637f4""}",2026-02-24T16:58:01.749898076Z
  |     async with anyio.create_task_group() as task_group:,"{""level"":""error""}","{""project"":""82a60368-a35f-407d-b91c-fda7c4df0a50"",""environment"":""35a62989-f226-4922-a94f-05b71577983e"",""service"":""edd77b6a-44ec-4dd0-bb6b-129583c5e8f4"",""deployment"":""65be7d91-a0e8-40d7-8fa9-14aa89a4add1"",""replica"":""a840cb83-51a9-4b35-8087-f3b0edb637f4""}",2026-02-24T16:58:01.749902461Z
"  |   File ""/usr/local/lib/python3.11/site-packages/anyio/_backends/_asyncio.py"", line 783, in __aexit__","{""level"":""error""}","{""project"":""82a60368-a35f-407d-b91c-fda7c4df0a50"",""environment"":""35a62989-f226-4922-a94f-05b71577983e"",""service"":""edd77b6a-44ec-4dd0-bb6b-129583c5e8f4"",""deployment"":""65be7d91-a0e8-40d7-8fa9-14aa89a4add1"",""replica"":""a840cb83-51a9-4b35-8087-f3b0edb637f4""}",2026-02-24T16:58:01.749906691Z
  |     raise BaseExceptionGroup(,"{""level"":""error""}","{""project"":""82a60368-a35f-407d-b91c-fda7c4df0a50"",""environment"":""35a62989-f226-4922-a94f-05b71577983e"",""service"":""edd77b6a-44ec-4dd0-bb6b-129583c5e8f4"",""deployment"":""65be7d91-a0e8-40d7-8fa9-14aa89a4add1"",""replica"":""a840cb83-51a9-4b35-8087-f3b0edb637f4""}",2026-02-24T16:58:01.749910665Z
  | ExceptionGroup: unhandled errors in a TaskGroup (1 sub-exception),"{""level"":""error""}","{""project"":""82a60368-a35f-407d-b91c-fda7c4df0a50"",""environment"":""35a62989-f226-4922-a94f-05b71577983e"",""service"":""edd77b6a-44ec-4dd0-bb6b-129583c5e8f4"",""deployment"":""65be7d91-a0e8-40d7-8fa9-14aa89a4add1"",""replica"":""a840cb83-51a9-4b35-8087-f3b0edb637f4""}",2026-02-24T16:58:01.749914424Z
  +-+---------------- 1 ----------------,"{""level"":""error""}","{""project"":""82a60368-a35f-407d-b91c-fda7c4df0a50"",""environment"":""35a62989-f226-4922-a94f-05b71577983e"",""service"":""edd77b6a-44ec-4dd0-bb6b-129583c5e8f4"",""deployment"":""65be7d91-a0e8-40d7-8fa9-14aa89a4add1"",""replica"":""a840cb83-51a9-4b35-8087-f3b0edb637f4""}",2026-02-24T16:58:01.749918000Z
    | Traceback (most recent call last):,"{""level"":""error""}","{""project"":""82a60368-a35f-407d-b91c-fda7c4df0a50"",""environment"":""35a62989-f226-4922-a94f-05b71577983e"",""service"":""edd77b6a-44ec-4dd0-bb6b-129583c5e8f4"",""deployment"":""65be7d91-a0e8-40d7-8fa9-14aa89a4add1"",""replica"":""a840cb83-51a9-4b35-8087-f3b0edb637f4""}",2026-02-24T16:58:01.749927106Z
"    |   File ""/usr/local/lib/python3.11/site-packages/uvicorn/protocols/http/h11_impl.py"", line 408, in run_asgi","{""level"":""error""}","{""project"":""82a60368-a35f-407d-b91c-fda7c4df0a50"",""environment"":""35a62989-f226-4922-a94f-05b71577983e"",""service"":""edd77b6a-44ec-4dd0-bb6b-129583c5e8f4"",""deployment"":""65be7d91-a0e8-40d7-8fa9-14aa89a4add1"",""replica"":""a840cb83-51a9-4b35-8087-f3b0edb637f4""}",2026-02-24T16:58:01.749931114Z
    |     result = await app(  # type: ignore[func-returns-value],"{""level"":""error""}","{""project"":""82a60368-a35f-407d-b91c-fda7c4df0a50"",""environment"":""35a62989-f226-4922-a94f-05b71577983e"",""service"":""edd77b6a-44ec-4dd0-bb6b-129583c5e8f4"",""deployment"":""65be7d91-a0e8-40d7-8fa9-14aa89a4add1"",""replica"":""a840cb83-51a9-4b35-8087-f3b0edb637f4""}",2026-02-24T16:58:01.749934883Z
    |              ^^^^^^^^^^^^^^^^^^^^^^^^^^^^^^^^^^^^^^^^^^^^^^,"{""level"":""error""}","{""project"":""82a60368-a35f-407d-b91c-fda7c4df0a50"",""environment"":""35a62989-f226-4922-a94f-05b71577983e"",""service"":""edd77b6a-44ec-4dd0-bb6b-129583c5e8f4"",""deployment"":""65be7d91-a0e8-40d7-8fa9-14aa89a4add1"",""replica"":""a840cb83-51a9-4b35-8087-f3b0edb637f4""}",2026-02-24T16:58:01.749939163Z
"    |   File ""/usr/local/lib/python3.11/site-packages/uvicorn/middleware/proxy_headers.py"", line 84, in __call__","{""level"":""error""}","{""project"":""82a60368-a35f-407d-b91c-fda7c4df0a50"",""environment"":""35a62989-f226-4922-a94f-05b71577983e"",""service"":""edd77b6a-44ec-4dd0-bb6b-129583c5e8f4"",""deployment"":""65be7d91-a0e8-40d7-8fa9-14aa89a4add1"",""replica"":""a840cb83-51a9-4b35-8087-f3b0edb637f4""}",2026-02-24T16:58:01.749942767Z
"    |     return await self.app(scope, receive, send)","{""level"":""error""}","{""project"":""82a60368-a35f-407d-b91c-fda7c4df0a50"",""environment"":""35a62989-f226-4922-a94f-05b71577983e"",""service"":""edd77b6a-44ec-4dd0-bb6b-129583c5e8f4"",""deployment"":""65be7d91-a0e8-40d7-8fa9-14aa89a4add1"",""replica"":""a840cb83-51a9-4b35-8087-f3b0edb637f4""}",2026-02-24T16:58:01.749946684Z
    |            ^^^^^^^^^^^^^^^^^^^^^^^^^^^^^^^^^^^^,"{""level"":""error""}","{""project"":""82a60368-a35f-407d-b91c-fda7c4df0a50"",""environment"":""35a62989-f226-4922-a94f-05b71577983e"",""service"":""edd77b6a-44ec-4dd0-bb6b-129583c5e8f4"",""deployment"":""65be7d91-a0e8-40d7-8fa9-14aa89a4add1"",""replica"":""a840cb83-51a9-4b35-8087-f3b0edb637f4""}",2026-02-24T16:58:01.749950205Z
"    |   File ""/usr/local/lib/python3.11/site-packages/fastapi/applications.py"", line 1054, in __call__","{""level"":""error""}","{""project"":""82a60368-a35f-407d-b91c-fda7c4df0a50"",""environment"":""35a62989-f226-4922-a94f-05b71577983e"",""service"":""edd77b6a-44ec-4dd0-bb6b-129583c5e8f4"",""deployment"":""65be7d91-a0e8-40d7-8fa9-14aa89a4add1"",""replica"":""a840cb83-51a9-4b35-8087-f3b0edb637f4""}",2026-02-24T16:58:01.749954318Z
"    |     await super().__call__(scope, receive, send)","{""level"":""error""}","{""project"":""82a60368-a35f-407d-b91c-fda7c4df0a50"",""environment"":""35a62989-f226-4922-a94f-05b71577983e"",""service"":""edd77b6a-44ec-4dd0-bb6b-129583c5e8f4"",""deployment"":""65be7d91-a0e8-40d7-8fa9-14aa89a4add1"",""replica"":""a840cb83-51a9-4b35-8087-f3b0edb637f4""}",2026-02-24T16:58:01.749957621Z
"    |   File ""/usr/local/lib/python3.11/site-packages/starlette/applications.py"", line 123, in __call__","{""level"":""error""}","{""project"":""82a60368-a35f-407d-b91c-fda7c4df0a50"",""environment"":""35a62989-f226-4922-a94f-05b71577983e"",""service"":""edd77b6a-44ec-4dd0-bb6b-129583c5e8f4"",""deployment"":""65be7d91-a0e8-40d7-8fa9-14aa89a4add1"",""replica"":""a840cb83-51a9-4b35-8087-f3b0edb637f4""}",2026-02-24T16:58:01.751123339Z
"    |     await self.middleware_stack(scope, receive, send)","{""level"":""error""}","{""project"":""82a60368-a35f-407d-b91c-fda7c4df0a50"",""environment"":""35a62989-f226-4922-a94f-05b71577983e"",""service"":""edd77b6a-44ec-4dd0-bb6b-129583c5e8f4"",""deployment"":""65be7d91-a0e8-40d7-8fa9-14aa89a4add1"",""replica"":""a840cb83-51a9-4b35-8087-f3b0edb637f4""}",2026-02-24T16:58:01.751130947Z
"    |   File ""/usr/local/lib/python3.11/site-packages/starlette/middleware/errors.py"", line 186, in __call__","{""level"":""error""}","{""project"":""82a60368-a35f-407d-b91c-fda7c4df0a50"",""environment"":""35a62989-f226-4922-a94f-05b71577983e"",""service"":""edd77b6a-44ec-4dd0-bb6b-129583c5e8f4"",""deployment"":""65be7d91-a0e8-40d7-8fa9-14aa89a4add1"",""replica"":""a840cb83-51a9-4b35-8087-f3b0edb637f4""}",2026-02-24T16:58:01.751136656Z
    |     raise exc,"{""level"":""error""}","{""project"":""82a60368-a35f-407d-b91c-fda7c4df0a50"",""environment"":""35a62989-f226-4922-a94f-05b71577983e"",""service"":""edd77b6a-44ec-4dd0-bb6b-129583c5e8f4"",""deployment"":""65be7d91-a0e8-40d7-8fa9-14aa89a4add1"",""replica"":""a840cb83-51a9-4b35-8087-f3b0edb637f4""}",2026-02-24T16:58:01.751140419Z
"    |   File ""/usr/local/lib/python3.11/site-packages/starlette/middleware/errors.py"", line 164, in __call__","{""level"":""error""}","{""project"":""82a60368-a35f-407d-b91c-fda7c4df0a50"",""environment"":""35a62989-f226-4922-a94f-05b71577983e"",""service"":""edd77b6a-44ec-4dd0-bb6b-129583c5e8f4"",""deployment"":""65be7d91-a0e8-40d7-8fa9-14aa89a4add1"",""replica"":""a840cb83-51a9-4b35-8087-f3b0edb637f4""}",2026-02-24T16:58:01.751144011Z
"    |     await self.app(scope, receive, _send)","{""level"":""error""}","{""project"":""82a60368-a35f-407d-b91c-fda7c4df0a50"",""environment"":""35a62989-f226-4922-a94f-05b71577983e"",""service"":""edd77b6a-44ec-4dd0-bb6b-129583c5e8f4"",""deployment"":""65be7d91-a0e8-40d7-8fa9-14aa89a4add1"",""replica"":""a840cb83-51a9-4b35-8087-f3b0edb637f4""}",2026-02-24T16:58:01.751148676Z
"    |   File ""/usr/local/lib/python3.11/site-packages/starlette/middleware/base.py"", line 189, in __call__","{""level"":""error""}","{""project"":""82a60368-a35f-407d-b91c-fda7c4df0a50"",""environment"":""35a62989-f226-4922-a94f-05b71577983e"",""service"":""edd77b6a-44ec-4dd0-bb6b-129583c5e8f4"",""deployment"":""65be7d91-a0e8-40d7-8fa9-14aa89a4add1"",""replica"":""a840cb83-51a9-4b35-8087-f3b0edb637f4""}",2026-02-24T16:58:01.751152362Z
    |     with collapse_excgroups():,"{""level"":""error""}","{""project"":""82a60368-a35f-407d-b91c-fda7c4df0a50"",""environment"":""35a62989-f226-4922-a94f-05b71577983e"",""service"":""edd77b6a-44ec-4dd0-bb6b-129583c5e8f4"",""deployment"":""65be7d91-a0e8-40d7-8fa9-14aa89a4add1"",""replica"":""a840cb83-51a9-4b35-8087-f3b0edb637f4""}",2026-02-24T16:58:01.751156146Z
"    |   File ""/usr/local/lib/python3.11/contextlib.py"", line 158, in __exit__","{""level"":""error""}","{""project"":""82a60368-a35f-407d-b91c-fda7c4df0a50"",""environment"":""35a62989-f226-4922-a94f-05b71577983e"",""service"":""edd77b6a-44ec-4dd0-bb6b-129583c5e8f4"",""deployment"":""65be7d91-a0e8-40d7-8fa9-14aa89a4add1"",""replica"":""a840cb83-51a9-4b35-8087-f3b0edb637f4""}",2026-02-24T16:58:01.751159741Z
"    |     self.gen.throw(typ, value, traceback)","{""level"":""error""}","{""project"":""82a60368-a35f-407d-b91c-fda7c4df0a50"",""environment"":""35a62989-f226-4922-a94f-05b71577983e"",""service"":""edd77b6a-44ec-4dd0-bb6b-129583c5e8f4"",""deployment"":""65be7d91-a0e8-40d7-8fa9-14aa89a4add1"",""replica"":""a840cb83-51a9-4b35-8087-f3b0edb637f4""}",2026-02-24T16:58:01.751164987Z
"    |   File ""/usr/local/lib/python3.11/site-packages/starlette/_utils.py"", line 91, in collapse_excgroups","{""level"":""error""}","{""project"":""82a60368-a35f-407d-b91c-fda7c4df0a50"",""environment"":""35a62989-f226-4922-a94f-05b71577983e"",""service"":""edd77b6a-44ec-4dd0-bb6b-129583c5e8f4"",""deployment"":""65be7d91-a0e8-40d7-8fa9-14aa89a4add1"",""replica"":""a840cb83-51a9-4b35-8087-f3b0edb637f4""}",2026-02-24T16:58:01.751168700Z
    |     raise exc,"{""level"":""error""}","{""project"":""82a60368-a35f-407d-b91c-fda7c4df0a50"",""environment"":""35a62989-f226-4922-a94f-05b71577983e"",""service"":""edd77b6a-44ec-4dd0-bb6b-129583c5e8f4"",""deployment"":""65be7d91-a0e8-40d7-8fa9-14aa89a4add1"",""replica"":""a840cb83-51a9-4b35-8087-f3b0edb637f4""}",2026-02-24T16:58:01.751173590Z
"    |   File ""/usr/local/lib/python3.11/site-packages/starlette/middleware/base.py"", line 191, in __call__","{""level"":""error""}","{""project"":""82a60368-a35f-407d-b91c-fda7c4df0a50"",""environment"":""35a62989-f226-4922-a94f-05b71577983e"",""service"":""edd77b6a-44ec-4dd0-bb6b-129583c5e8f4"",""deployment"":""65be7d91-a0e8-40d7-8fa9-14aa89a4add1"",""replica"":""a840cb83-51a9-4b35-8087-f3b0edb637f4""}",2026-02-24T16:58:01.751177720Z
"    |     response = await self.dispatch_func(request, call_next)","{""level"":""error""}","{""project"":""82a60368-a35f-407d-b91c-fda7c4df0a50"",""environment"":""35a62989-f226-4922-a94f-05b71577983e"",""service"":""edd77b6a-44ec-4dd0-bb6b-129583c5e8f4"",""deployment"":""65be7d91-a0e8-40d7-8fa9-14aa89a4add1"",""replica"":""a840cb83-51a9-4b35-8087-f3b0edb637f4""}",2026-02-24T16:58:01.751181134Z
    |                ^^^^^^^^^^^^^^^^^^^^^^^^^^^^^^^^^^^^^^^^^^^^,"{""level"":""error""}","{""project"":""82a60368-a35f-407d-b91c-fda7c4df0a50"",""environment"":""35a62989-f226-4922-a94f-05b71577983e"",""service"":""edd77b6a-44ec-4dd0-bb6b-129583c5e8f4"",""deployment"":""65be7d91-a0e8-40d7-8fa9-14aa89a4add1"",""replica"":""a840cb83-51a9-4b35-8087-f3b0edb637f4""}",2026-02-24T16:58:01.751184299Z
"    |   File ""/app/main.py"", line 113, in handle_forwarded_proto","{""level"":""error""}","{""project"":""82a60368-a35f-407d-b91c-fda7c4df0a50"",""environment"":""35a62989-f226-4922-a94f-05b71577983e"",""service"":""edd77b6a-44ec-4dd0-bb6b-129583c5e8f4"",""deployment"":""65be7d91-a0e8-40d7-8fa9-14aa89a4add1"",""replica"":""a840cb83-51a9-4b35-8087-f3b0edb637f4""}",2026-02-24T16:58:01.751187678Z
    |     response = await call_next(request),"{""level"":""error""}","{""project"":""82a60368-a35f-407d-b91c-fda7c4df0a50"",""environment"":""35a62989-f226-4922-a94f-05b71577983e"",""service"":""edd77b6a-44ec-4dd0-bb6b-129583c5e8f4"",""deployment"":""65be7d91-a0e8-40d7-8fa9-14aa89a4add1"",""replica"":""a840cb83-51a9-4b35-8087-f3b0edb637f4""}",2026-02-24T16:58:01.751191411Z
    |                ^^^^^^^^^^^^^^^^^^^^^^^^,"{""level"":""error""}","{""project"":""82a60368-a35f-407d-b91c-fda7c4df0a50"",""environment"":""35a62989-f226-4922-a94f-05b71577983e"",""service"":""edd77b6a-44ec-4dd0-bb6b-129583c5e8f4"",""deployment"":""65be7d91-a0e8-40d7-8fa9-14aa89a4add1"",""replica"":""a840cb83-51a9-4b35-8087-f3b0edb637f4""}",2026-02-24T16:58:01.751196695Z
"    |   File ""/usr/local/lib/python3.11/site-packages/starlette/middleware/base.py"", line 165, in call_next","{""level"":""error""}","{""project"":""82a60368-a35f-407d-b91c-fda7c4df0a50"",""environment"":""35a62989-f226-4922-a94f-05b71577983e"",""service"":""edd77b6a-44ec-4dd0-bb6b-129583c5e8f4"",""deployment"":""65be7d91-a0e8-40d7-8fa9-14aa89a4add1"",""replica"":""a840cb83-51a9-4b35-8087-f3b0edb637f4""}",2026-02-24T16:58:01.751200305Z
    |     raise app_exc,"{""level"":""error""}","{""project"":""82a60368-a35f-407d-b91c-fda7c4df0a50"",""environment"":""35a62989-f226-4922-a94f-05b71577983e"",""service"":""edd77b6a-44ec-4dd0-bb6b-129583c5e8f4"",""deployment"":""65be7d91-a0e8-40d7-8fa9-14aa89a4add1"",""replica"":""a840cb83-51a9-4b35-8087-f3b0edb637f4""}",2026-02-24T16:58:01.752501144Z
"    |   File ""/usr/local/lib/python3.11/site-packages/starlette/middleware/base.py"", line 151, in coro","{""level"":""error""}","{""project"":""82a60368-a35f-407d-b91c-fda7c4df0a50"",""environment"":""35a62989-f226-4922-a94f-05b71577983e"",""service"":""edd77b6a-44ec-4dd0-bb6b-129583c5e8f4"",""deployment"":""65be7d91-a0e8-40d7-8fa9-14aa89a4add1"",""replica"":""a840cb83-51a9-4b35-8087-f3b0edb637f4""}",2026-02-24T16:58:01.752510416Z
"    |     await self.app(scope, receive_or_disconnect, send_no_error)","{""level"":""error""}","{""project"":""82a60368-a35f-407d-b91c-fda7c4df0a50"",""environment"":""35a62989-f226-4922-a94f-05b71577983e"",""service"":""edd77b6a-44ec-4dd0-bb6b-129583c5e8f4"",""deployment"":""65be7d91-a0e8-40d7-8fa9-14aa89a4add1"",""replica"":""a840cb83-51a9-4b35-8087-f3b0edb637f4""}",2026-02-24T16:58:01.752519519Z
"    |   File ""/usr/local/lib/python3.11/site-packages/starlette/middleware/cors.py"", line 91, in __call__","{""level"":""error""}","{""project"":""82a60368-a35f-407d-b91c-fda7c4df0a50"",""environment"":""35a62989-f226-4922-a94f-05b71577983e"",""service"":""edd77b6a-44ec-4dd0-bb6b-129583c5e8f4"",""deployment"":""65be7d91-a0e8-40d7-8fa9-14aa89a4add1"",""replica"":""a840cb83-51a9-4b35-8087-f3b0edb637f4""}",2026-02-24T16:58:01.752525091Z
"    |     await self.simple_response(scope, receive, send, request_headers=headers)","{""level"":""error""}","{""project"":""82a60368-a35f-407d-b91c-fda7c4df0a50"",""environment"":""35a62989-f226-4922-a94f-05b71577983e"",""service"":""edd77b6a-44ec-4dd0-bb6b-129583c5e8f4"",""deployment"":""65be7d91-a0e8-40d7-8fa9-14aa89a4add1"",""replica"":""a840cb83-51a9-4b35-8087-f3b0edb637f4""}",2026-02-24T16:58:01.752529821Z
"    |   File ""/usr/local/lib/python3.11/site-packages/starlette/middleware/cors.py"", line 146, in simple_response","{""level"":""error""}","{""project"":""82a60368-a35f-407d-b91c-fda7c4df0a50"",""environment"":""35a62989-f226-4922-a94f-05b71577983e"",""service"":""edd77b6a-44ec-4dd0-bb6b-129583c5e8f4"",""deployment"":""65be7d91-a0e8-40d7-8fa9-14aa89a4add1"",""replica"":""a840cb83-51a9-4b35-8087-f3b0edb637f4""}",2026-02-24T16:58:01.752535551Z
"    |     await self.app(scope, receive, send)","{""level"":""error""}","{""project"":""82a60368-a35f-407d-b91c-fda7c4df0a50"",""environment"":""35a62989-f226-4922-a94f-05b71577983e"",""service"":""edd77b6a-44ec-4dd0-bb6b-129583c5e8f4"",""deployment"":""65be7d91-a0e8-40d7-8fa9-14aa89a4add1"",""replica"":""a840cb83-51a9-4b35-8087-f3b0edb637f4""}",2026-02-24T16:58:01.752540661Z
"    |   File ""/usr/local/lib/python3.11/site-packages/starlette/middleware/exceptions.py"", line 62, in __call__","{""level"":""error""}","{""project"":""82a60368-a35f-407d-b91c-fda7c4df0a50"",""environment"":""35a62989-f226-4922-a94f-05b71577983e"",""service"":""edd77b6a-44ec-4dd0-bb6b-129583c5e8f4"",""deployment"":""65be7d91-a0e8-40d7-8fa9-14aa89a4add1"",""replica"":""a840cb83-51a9-4b35-8087-f3b0edb637f4""}",2026-02-24T16:58:01.752545007Z
"    |     await wrap_app_handling_exceptions(self.app, conn)(scope, receive, send)","{""level"":""error""}","{""project"":""82a60368-a35f-407d-b91c-fda7c4df0a50"",""environment"":""35a62989-f226-4922-a94f-05b71577983e"",""service"":""edd77b6a-44ec-4dd0-bb6b-129583c5e8f4"",""deployment"":""65be7d91-a0e8-40d7-8fa9-14aa89a4add1"",""replica"":""a840cb83-51a9-4b35-8087-f3b0edb637f4""}",2026-02-24T16:58:01.752549861Z
"    |   File ""/usr/local/lib/python3.11/site-packages/starlette/_exception_handler.py"", line 64, in wrapped_app","{""level"":""error""}","{""project"":""82a60368-a35f-407d-b91c-fda7c4df0a50"",""environment"":""35a62989-f226-4922-a94f-05b71577983e"",""service"":""edd77b6a-44ec-4dd0-bb6b-129583c5e8f4"",""deployment"":""65be7d91-a0e8-40d7-8fa9-14aa89a4add1"",""replica"":""a840cb83-51a9-4b35-8087-f3b0edb637f4""}",2026-02-24T16:58:01.752554821Z
    |     raise exc,"{""level"":""error""}","{""project"":""82a60368-a35f-407d-b91c-fda7c4df0a50"",""environment"":""35a62989-f226-4922-a94f-05b71577983e"",""service"":""edd77b6a-44ec-4dd0-bb6b-129583c5e8f4"",""deployment"":""65be7d91-a0e8-40d7-8fa9-14aa89a4add1"",""replica"":""a840cb83-51a9-4b35-8087-f3b0edb637f4""}",2026-02-24T16:58:01.752559858Z
"    |   File ""/usr/local/lib/python3.11/site-packages/starlette/_exception_handler.py"", line 53, in wrapped_app","{""level"":""error""}","{""project"":""82a60368-a35f-407d-b91c-fda7c4df0a50"",""environment"":""35a62989-f226-4922-a94f-05b71577983e"",""service"":""edd77b6a-44ec-4dd0-bb6b-129583c5e8f4"",""deployment"":""65be7d91-a0e8-40d7-8fa9-14aa89a4add1"",""replica"":""a840cb83-51a9-4b35-8087-f3b0edb637f4""}",2026-02-24T16:58:01.752565783Z
"    |     await app(scope, receive, sender)","{""level"":""error""}","{""project"":""82a60368-a35f-407d-b91c-fda7c4df0a50"",""environment"":""35a62989-f226-4922-a94f-05b71577983e"",""service"":""edd77b6a-44ec-4dd0-bb6b-129583c5e8f4"",""deployment"":""65be7d91-a0e8-40d7-8fa9-14aa89a4add1"",""replica"":""a840cb83-51a9-4b35-8087-f3b0edb637f4""}",2026-02-24T16:58:01.752570581Z
"    |   File ""/usr/local/lib/python3.11/site-packages/starlette/routing.py"", line 762, in __call__","{""level"":""error""}","{""project"":""82a60368-a35f-407d-b91c-fda7c4df0a50"",""environment"":""35a62989-f226-4922-a94f-05b71577983e"",""service"":""edd77b6a-44ec-4dd0-bb6b-129583c5e8f4"",""deployment"":""65be7d91-a0e8-40d7-8fa9-14aa89a4add1"",""replica"":""a840cb83-51a9-4b35-8087-f3b0edb637f4""}",2026-02-24T16:58:01.752574782Z
"    |     await self.middleware_stack(scope, receive, send)","{""level"":""error""}","{""project"":""82a60368-a35f-407d-b91c-fda7c4df0a50"",""environment"":""35a62989-f226-4922-a94f-05b71577983e"",""service"":""edd77b6a-44ec-4dd0-bb6b-129583c5e8f4"",""deployment"":""65be7d91-a0e8-40d7-8fa9-14aa89a4add1"",""replica"":""a840cb83-51a9-4b35-8087-f3b0edb637f4""}",2026-02-24T16:58:01.752579287Z
"    |   File ""/usr/local/lib/python3.11/site-packages/starlette/routing.py"", line 782, in app","{""level"":""error""}","{""project"":""82a60368-a35f-407d-b91c-fda7c4df0a50"",""environment"":""35a62989-f226-4922-a94f-05b71577983e"",""service"":""edd77b6a-44ec-4dd0-bb6b-129583c5e8f4"",""deployment"":""65be7d91-a0e8-40d7-8fa9-14aa89a4add1"",""replica"":""a840cb83-51a9-4b35-8087-f3b0edb637f4""}",2026-02-24T16:58:01.752583782Z
"    |     await route.handle(scope, receive, send)","{""level"":""error""}","{""project"":""82a60368-a35f-407d-b91c-fda7c4df0a50"",""environment"":""35a62989-f226-4922-a94f-05b71577983e"",""service"":""edd77b6a-44ec-4dd0-bb6b-129583c5e8f4"",""deployment"":""65be7d91-a0e8-40d7-8fa9-14aa89a4add1"",""replica"":""a840cb83-51a9-4b35-8087-f3b0edb637f4""}",2026-02-24T16:58:01.752587676Z
"    |   File ""/usr/local/lib/python3.11/site-packages/starlette/routing.py"", line 297, in handle","{""level"":""error""}","{""project"":""82a60368-a35f-407d-b91c-fda7c4df0a50"",""environment"":""35a62989-f226-4922-a94f-05b71577983e"",""service"":""edd77b6a-44ec-4dd0-bb6b-129583c5e8f4"",""deployment"":""65be7d91-a0e8-40d7-8fa9-14aa89a4add1"",""replica"":""a840cb83-51a9-4b35-8087-f3b0edb637f4""}",2026-02-24T16:58:01.754049049Z
    |     response = await func(request),"{""level"":""error""}","{""project"":""82a60368-a35f-407d-b91c-fda7c4df0a50"",""environment"":""35a62989-f226-4922-a94f-05b71577983e"",""service"":""edd77b6a-44ec-4dd0-bb6b-129583c5e8f4"",""deployment"":""65be7d91-a0e8-40d7-8fa9-14aa89a4add1"",""replica"":""a840cb83-51a9-4b35-8087-f3b0edb637f4""}",2026-02-24T16:58:01.754049111Z
"    |     await self.app(scope, receive, send)","{""level"":""error""}","{""project"":""82a60368-a35f-407d-b91c-fda7c4df0a50"",""environment"":""35a62989-f226-4922-a94f-05b71577983e"",""service"":""edd77b6a-44ec-4dd0-bb6b-129583c5e8f4"",""deployment"":""65be7d91-a0e8-40d7-8fa9-14aa89a4add1"",""replica"":""a840cb83-51a9-4b35-8087-f3b0edb637f4""}",2026-02-24T16:58:01.754053895Z
    |                ^^^^^^^^^^^^^^^^^^^,"{""level"":""error""}","{""project"":""82a60368-a35f-407d-b91c-fda7c4df0a50"",""environment"":""35a62989-f226-4922-a94f-05b71577983e"",""service"":""edd77b6a-44ec-4dd0-bb6b-129583c5e8f4"",""deployment"":""65be7d91-a0e8-40d7-8fa9-14aa89a4add1"",""replica"":""a840cb83-51a9-4b35-8087-f3b0edb637f4""}",2026-02-24T16:58:01.754061413Z
"    |   File ""/usr/local/lib/python3.11/site-packages/starlette/routing.py"", line 77, in app","{""level"":""error""}","{""project"":""82a60368-a35f-407d-b91c-fda7c4df0a50"",""environment"":""35a62989-f226-4922-a94f-05b71577983e"",""service"":""edd77b6a-44ec-4dd0-bb6b-129583c5e8f4"",""deployment"":""65be7d91-a0e8-40d7-8fa9-14aa89a4add1"",""replica"":""a840cb83-51a9-4b35-8087-f3b0edb637f4""}",2026-02-24T16:58:01.754061935Z
"    |     await wrap_app_handling_exceptions(app, request)(scope, receive, send)","{""level"":""error""}","{""project"":""82a60368-a35f-407d-b91c-fda7c4df0a50"",""environment"":""35a62989-f226-4922-a94f-05b71577983e"",""service"":""edd77b6a-44ec-4dd0-bb6b-129583c5e8f4"",""deployment"":""65be7d91-a0e8-40d7-8fa9-14aa89a4add1"",""replica"":""a840cb83-51a9-4b35-8087-f3b0edb637f4""}",2026-02-24T16:58:01.754071355Z
"    |   File ""/usr/local/lib/python3.11/site-packages/fastapi/routing.py"", line 299, in app","{""level"":""error""}","{""project"":""82a60368-a35f-407d-b91c-fda7c4df0a50"",""environment"":""35a62989-f226-4922-a94f-05b71577983e"",""service"":""edd77b6a-44ec-4dd0-bb6b-129583c5e8f4"",""deployment"":""65be7d91-a0e8-40d7-8fa9-14aa89a4add1"",""replica"":""a840cb83-51a9-4b35-8087-f3b0edb637f4""}",2026-02-24T16:58:01.754074286Z
"    |   File ""/usr/local/lib/python3.11/site-packages/starlette/_exception_handler.py"", line 64, in wrapped_app","{""level"":""error""}","{""project"":""82a60368-a35f-407d-b91c-fda7c4df0a50"",""environment"":""35a62989-f226-4922-a94f-05b71577983e"",""service"":""edd77b6a-44ec-4dd0-bb6b-129583c5e8f4"",""deployment"":""65be7d91-a0e8-40d7-8fa9-14aa89a4add1"",""replica"":""a840cb83-51a9-4b35-8087-f3b0edb637f4""}",2026-02-24T16:58:01.754081298Z
    |     raise e,"{""level"":""error""}","{""project"":""82a60368-a35f-407d-b91c-fda7c4df0a50"",""environment"":""35a62989-f226-4922-a94f-05b71577983e"",""service"":""edd77b6a-44ec-4dd0-bb6b-129583c5e8f4"",""deployment"":""65be7d91-a0e8-40d7-8fa9-14aa89a4add1"",""replica"":""a840cb83-51a9-4b35-8087-f3b0edb637f4""}",2026-02-24T16:58:01.754085069Z
    |     raise exc,"{""level"":""error""}","{""project"":""82a60368-a35f-407d-b91c-fda7c4df0a50"",""environment"":""35a62989-f226-4922-a94f-05b71577983e"",""service"":""edd77b6a-44ec-4dd0-bb6b-129583c5e8f4"",""deployment"":""65be7d91-a0e8-40d7-8fa9-14aa89a4add1"",""replica"":""a840cb83-51a9-4b35-8087-f3b0edb637f4""}",2026-02-24T16:58:01.754089148Z
"    |   File ""/usr/local/lib/python3.11/site-packages/fastapi/routing.py"", line 294, in app","{""level"":""error""}","{""project"":""82a60368-a35f-407d-b91c-fda7c4df0a50"",""environment"":""35a62989-f226-4922-a94f-05b71577983e"",""service"":""edd77b6a-44ec-4dd0-bb6b-129583c5e8f4"",""deployment"":""65be7d91-a0e8-40d7-8fa9-14aa89a4add1"",""replica"":""a840cb83-51a9-4b35-8087-f3b0edb637f4""}",2026-02-24T16:58:01.754097459Z
"    |   File ""/usr/local/lib/python3.11/site-packages/starlette/_exception_handler.py"", line 53, in wrapped_app","{""level"":""error""}","{""project"":""82a60368-a35f-407d-b91c-fda7c4df0a50"",""environment"":""35a62989-f226-4922-a94f-05b71577983e"",""service"":""edd77b6a-44ec-4dd0-bb6b-129583c5e8f4"",""deployment"":""65be7d91-a0e8-40d7-8fa9-14aa89a4add1"",""replica"":""a840cb83-51a9-4b35-8087-f3b0edb637f4""}",2026-02-24T16:58:01.754097617Z
"    |     await app(scope, receive, sender)","{""level"":""error""}","{""project"":""82a60368-a35f-407d-b91c-fda7c4df0a50"",""environment"":""35a62989-f226-4922-a94f-05b71577983e"",""service"":""edd77b6a-44ec-4dd0-bb6b-129583c5e8f4"",""deployment"":""65be7d91-a0e8-40d7-8fa9-14aa89a4add1"",""replica"":""a840cb83-51a9-4b35-8087-f3b0edb637f4""}",2026-02-24T16:58:01.754107177Z
    |     raw_response = await run_endpoint_function(,"{""level"":""error""}","{""project"":""82a60368-a35f-407d-b91c-fda7c4df0a50"",""environment"":""35a62989-f226-4922-a94f-05b71577983e"",""service"":""edd77b6a-44ec-4dd0-bb6b-129583c5e8f4"",""deployment"":""65be7d91-a0e8-40d7-8fa9-14aa89a4add1"",""replica"":""a840cb83-51a9-4b35-8087-f3b0edb637f4""}",2026-02-24T16:58:01.754109475Z
"    |   File ""/usr/local/lib/python3.11/site-packages/starlette/routing.py"", line 72, in app","{""level"":""error""}","{""project"":""82a60368-a35f-407d-b91c-fda7c4df0a50"",""environment"":""35a62989-f226-4922-a94f-05b71577983e"",""service"":""edd77b6a-44ec-4dd0-bb6b-129583c5e8f4"",""deployment"":""65be7d91-a0e8-40d7-8fa9-14aa89a4add1"",""replica"":""a840cb83-51a9-4b35-8087-f3b0edb637f4""}",2026-02-24T16:58:01.754117116Z
    |                    ^^^^^^^^^^^^^^^^^^^^^^^^^^^^,"{""level"":""error""}","{""project"":""82a60368-a35f-407d-b91c-fda7c4df0a50"",""environment"":""35a62989-f226-4922-a94f-05b71577983e"",""service"":""edd77b6a-44ec-4dd0-bb6b-129583c5e8f4"",""deployment"":""65be7d91-a0e8-40d7-8fa9-14aa89a4add1"",""replica"":""a840cb83-51a9-4b35-8087-f3b0edb637f4""}",2026-02-24T16:58:01.754120318Z
"    |   File ""/usr/local/lib/python3.11/site-packages/fastapi/routing.py"", line 191, in run_endpoint_function","{""level"":""error""}","{""project"":""82a60368-a35f-407d-b91c-fda7c4df0a50"",""environment"":""35a62989-f226-4922-a94f-05b71577983e"",""service"":""edd77b6a-44ec-4dd0-bb6b-129583c5e8f4"",""deployment"":""65be7d91-a0e8-40d7-8fa9-14aa89a4add1"",""replica"":""a840cb83-51a9-4b35-8087-f3b0edb637f4""}",2026-02-24T16:58:01.754124704Z
    |     return await dependant.call(**values),"{""level"":""error""}","{""project"":""82a60368-a35f-407d-b91c-fda7c4df0a50"",""environment"":""35a62989-f226-4922-a94f-05b71577983e"",""service"":""edd77b6a-44ec-4dd0-bb6b-129583c5e8f4"",""deployment"":""65be7d91-a0e8-40d7-8fa9-14aa89a4add1"",""replica"":""a840cb83-51a9-4b35-8087-f3b0edb637f4""}",2026-02-24T16:58:01.754130344Z
    |            ^^^^^^^^^^^^^^^^^^^^^^^^^^^^^^,"{""level"":""error""}","{""project"":""82a60368-a35f-407d-b91c-fda7c4df0a50"",""environment"":""35a62989-f226-4922-a94f-05b71577983e"",""service"":""edd77b6a-44ec-4dd0-bb6b-129583c5e8f4"",""deployment"":""65be7d91-a0e8-40d7-8fa9-14aa89a4add1"",""replica"":""a840cb83-51a9-4b35-8087-f3b0edb637f4""}",2026-02-24T16:58:01.754137416Z
"    |   File ""/app/api/v1/endpoints/admin.py"", line 32, in get_admin_stats","{""level"":""error""}","{""project"":""82a60368-a35f-407d-b91c-fda7c4df0a50"",""environment"":""35a62989-f226-4922-a94f-05b71577983e"",""service"":""edd77b6a-44ec-4dd0-bb6b-129583c5e8f4"",""deployment"":""65be7d91-a0e8-40d7-8fa9-14aa89a4add1"",""replica"":""a840cb83-51a9-4b35-8087-f3b0edb637f4""}",2026-02-24T16:58:01.755227634Z
    |     result = await db.execute(select(func.count(Client.id))),"{""level"":""error""}","{""project"":""82a60368-a35f-407d-b91c-fda7c4df0a50"",""environment"":""35a62989-f226-4922-a94f-05b71577983e"",""service"":""edd77b6a-44ec-4dd0-bb6b-129583c5e8f4"",""deployment"":""65be7d91-a0e8-40d7-8fa9-14aa89a4add1"",""replica"":""a840cb83-51a9-4b35-8087-f3b0edb637f4""}",2026-02-24T16:58:01.755240640Z
    |              ^^^^^^^^^^^^^^^^^^^^^^^^^^^^^^^^^^^^^^^^^^^^^^^,"{""level"":""error""}","{""project"":""82a60368-a35f-407d-b91c-fda7c4df0a50"",""environment"":""35a62989-f226-4922-a94f-05b71577983e"",""service"":""edd77b6a-44ec-4dd0-bb6b-129583c5e8f4"",""deployment"":""65be7d91-a0e8-40d7-8fa9-14aa89a4add1"",""replica"":""a840cb83-51a9-4b35-8087-f3b0edb637f4""}",2026-02-24T16:58:01.755247746Z
"    |   File ""/usr/local/lib/python3.11/site-packages/sqlalchemy/ext/asyncio/session.py"", line 454, in execute","{""level"":""error""}","{""project"":""82a60368-a35f-407d-b91c-fda7c4df0a50"",""environment"":""35a62989-f226-4922-a94f-05b71577983e"",""service"":""edd77b6a-44ec-4dd0-bb6b-129583c5e8f4"",""deployment"":""65be7d91-a0e8-40d7-8fa9-14aa89a4add1"",""replica"":""a840cb83-51a9-4b35-8087-f3b0edb637f4""}",2026-02-24T16:58:01.755254215Z
    |     result = await greenlet_spawn(,"{""level"":""error""}","{""project"":""82a60368-a35f-407d-b91c-fda7c4df0a50"",""environment"":""35a62989-f226-4922-a94f-05b71577983e"",""service"":""edd77b6a-44ec-4dd0-bb6b-129583c5e8f4"",""deployment"":""65be7d91-a0e8-40d7-8fa9-14aa89a4add1"",""replica"":""a840cb83-51a9-4b35-8087-f3b0edb637f4""}",2026-02-24T16:58:01.755259909Z
    |              ^^^^^^^^^^^^^^^^^^^^^,"{""level"":""error""}","{""project"":""82a60368-a35f-407d-b91c-fda7c4df0a50"",""environment"":""35a62989-f226-4922-a94f-05b71577983e"",""service"":""edd77b6a-44ec-4dd0-bb6b-129583c5e8f4"",""deployment"":""65be7d91-a0e8-40d7-8fa9-14aa89a4add1"",""replica"":""a840cb83-51a9-4b35-8087-f3b0edb637f4""}",2026-02-24T16:58:01.755266082Z
"    |   File ""/usr/local/lib/python3.11/site-packages/sqlalchemy/util/_concurrency_py3k.py"", line 190, in greenlet_spawn","{""level"":""error""}","{""project"":""82a60368-a35f-407d-b91c-fda7c4df0a50"",""environment"":""35a62989-f226-4922-a94f-05b71577983e"",""service"":""edd77b6a-44ec-4dd0-bb6b-129583c5e8f4"",""deployment"":""65be7d91-a0e8-40d7-8fa9-14aa89a4add1"",""replica"":""a840cb83-51a9-4b35-8087-f3b0edb637f4""}",2026-02-24T16:58:01.755270897Z
    |     result = context.throw(*sys.exc_info()),"{""level"":""error""}","{""project"":""82a60368-a35f-407d-b91c-fda7c4df0a50"",""environment"":""35a62989-f226-4922-a94f-05b71577983e"",""service"":""edd77b6a-44ec-4dd0-bb6b-129583c5e8f4"",""deployment"":""65be7d91-a0e8-40d7-8fa9-14aa89a4add1"",""replica"":""a840cb83-51a9-4b35-8087-f3b0edb637f4""}",2026-02-24T16:58:01.755276366Z
    |              ^^^^^^^^^^^^^^^^^^^^^^^^^^^^^^,"{""level"":""error""}","{""project"":""82a60368-a35f-407d-b91c-fda7c4df0a50"",""environment"":""35a62989-f226-4922-a94f-05b71577983e"",""service"":""edd77b6a-44ec-4dd0-bb6b-129583c5e8f4"",""deployment"":""65be7d91-a0e8-40d7-8fa9-14aa89a4add1"",""replica"":""a840cb83-51a9-4b35-8087-f3b0edb637f4""}",2026-02-24T16:58:01.755280928Z
"    |   File ""/usr/local/lib/python3.11/site-packages/sqlalchemy/orm/session.py"", line 2262, in execute","{""level"":""error""}","{""project"":""82a60368-a35f-407d-b91c-fda7c4df0a50"",""environment"":""35a62989-f226-4922-a94f-05b71577983e"",""service"":""edd77b6a-44ec-4dd0-bb6b-129583c5e8f4"",""deployment"":""65be7d91-a0e8-40d7-8fa9-14aa89a4add1"",""replica"":""a840cb83-51a9-4b35-8087-f3b0edb637f4""}",2026-02-24T16:58:01.755285904Z
    |     return self._execute_internal(,"{""level"":""error""}","{""project"":""82a60368-a35f-407d-b91c-fda7c4df0a50"",""environment"":""35a62989-f226-4922-a94f-05b71577983e"",""service"":""edd77b6a-44ec-4dd0-bb6b-129583c5e8f4"",""deployment"":""65be7d91-a0e8-40d7-8fa9-14aa89a4add1"",""replica"":""a840cb83-51a9-4b35-8087-f3b0edb637f4""}",2026-02-24T16:58:01.755289988Z
    |            ^^^^^^^^^^^^^^^^^^^^^^^,"{""level"":""error""}","{""project"":""82a60368-a35f-407d-b91c-fda7c4df0a50"",""environment"":""35a62989-f226-4922-a94f-05b71577983e"",""service"":""edd77b6a-44ec-4dd0-bb6b-129583c5e8f4"",""deployment"":""65be7d91-a0e8-40d7-8fa9-14aa89a4add1"",""replica"":""a840cb83-51a9-4b35-8087-f3b0edb637f4""}",2026-02-24T16:58:01.755294198Z
"    |   File ""/usr/local/lib/python3.11/site-packages/sqlalchemy/orm/session.py"", line 2134, in _execute_internal","{""level"":""error""}","{""project"":""82a60368-a35f-407d-b91c-fda7c4df0a50"",""environment"":""35a62989-f226-4922-a94f-05b71577983e"",""service"":""edd77b6a-44ec-4dd0-bb6b-129583c5e8f4"",""deployment"":""65be7d91-a0e8-40d7-8fa9-14aa89a4add1"",""replica"":""a840cb83-51a9-4b35-8087-f3b0edb637f4""}",2026-02-24T16:58:01.755299590Z
    |     conn = self._connection_for_bind(bind),"{""level"":""error""}","{""project"":""82a60368-a35f-407d-b91c-fda7c4df0a50"",""environment"":""35a62989-f226-4922-a94f-05b71577983e"",""service"":""edd77b6a-44ec-4dd0-bb6b-129583c5e8f4"",""deployment"":""65be7d91-a0e8-40d7-8fa9-14aa89a4add1"",""replica"":""a840cb83-51a9-4b35-8087-f3b0edb637f4""}",2026-02-24T16:58:01.755303129Z
    |            ^^^^^^^^^^^^^^^^^^^^^^^^^^^^^^^,"{""level"":""error""}","{""project"":""82a60368-a35f-407d-b91c-fda7c4df0a50"",""environment"":""35a62989-f226-4922-a94f-05b71577983e"",""service"":""edd77b6a-44ec-4dd0-bb6b-129583c5e8f4"",""deployment"":""65be7d91-a0e8-40d7-8fa9-14aa89a4add1"",""replica"":""a840cb83-51a9-4b35-8087-f3b0edb637f4""}",2026-02-24T16:58:01.755306951Z
"    |   File ""/usr/local/lib/python3.11/site-packages/sqlalchemy/orm/session.py"", line 2001, in _connection_for_bind","{""level"":""error""}","{""project"":""82a60368-a35f-407d-b91c-fda7c4df0a50"",""environment"":""35a62989-f226-4922-a94f-05b71577983e"",""service"":""edd77b6a-44ec-4dd0-bb6b-129583c5e8f4"",""deployment"":""65be7d91-a0e8-40d7-8fa9-14aa89a4add1"",""replica"":""a840cb83-51a9-4b35-8087-f3b0edb637f4""}",2026-02-24T16:58:01.755310814Z
"    |     return trans._connection_for_bind(engine, execution_options)","{""level"":""error""}","{""project"":""82a60368-a35f-407d-b91c-fda7c4df0a50"",""environment"":""35a62989-f226-4922-a94f-05b71577983e"",""service"":""edd77b6a-44ec-4dd0-bb6b-129583c5e8f4"",""deployment"":""65be7d91-a0e8-40d7-8fa9-14aa89a4add1"",""replica"":""a840cb83-51a9-4b35-8087-f3b0edb637f4""}",2026-02-24T16:58:01.755315060Z
    |            ^^^^^^^^^^^^^^^^^^^^^^^^^^^^^^^^^^^^^^^^^^^^^^^^^^^^^,"{""level"":""error""}","{""project"":""82a60368-a35f-407d-b91c-fda7c4df0a50"",""environment"":""35a62989-f226-4922-a94f-05b71577983e"",""service"":""edd77b6a-44ec-4dd0-bb6b-129583c5e8f4"",""deployment"":""65be7d91-a0e8-40d7-8fa9-14aa89a4add1"",""replica"":""a840cb83-51a9-4b35-8087-f3b0edb637f4""}",2026-02-24T16:58:01.755318945Z
"    |   File ""<string>"", line 2, in _connection_for_bind","{""level"":""error""}","{""project"":""82a60368-a35f-407d-b91c-fda7c4df0a50"",""environment"":""35a62989-f226-4922-a94f-05b71577983e"",""service"":""edd77b6a-44ec-4dd0-bb6b-129583c5e8f4"",""deployment"":""65be7d91-a0e8-40d7-8fa9-14aa89a4add1"",""replica"":""a840cb83-51a9-4b35-8087-f3b0edb637f4""}",2026-02-24T16:58:01.756581136Z
"    |   File ""/usr/local/lib/python3.11/site-packages/sqlalchemy/orm/state_changes.py"", line 139, in _go","{""level"":""error""}","{""project"":""82a60368-a35f-407d-b91c-fda7c4df0a50"",""environment"":""35a62989-f226-4922-a94f-05b71577983e"",""service"":""edd77b6a-44ec-4dd0-bb6b-129583c5e8f4"",""deployment"":""65be7d91-a0e8-40d7-8fa9-14aa89a4add1"",""replica"":""a840cb83-51a9-4b35-8087-f3b0edb637f4""}",2026-02-24T16:58:01.756589647Z
"    |     ret_value = fn(self, *arg, **kw)","{""level"":""error""}","{""project"":""82a60368-a35f-407d-b91c-fda7c4df0a50"",""environment"":""35a62989-f226-4922-a94f-05b71577983e"",""service"":""edd77b6a-44ec-4dd0-bb6b-129583c5e8f4"",""deployment"":""65be7d91-a0e8-40d7-8fa9-14aa89a4add1"",""replica"":""a840cb83-51a9-4b35-8087-f3b0edb637f4""}",2026-02-24T16:58:01.756595495Z
    |                 ^^^^^^^^^^^^^^^^^^^^,"{""level"":""error""}","{""project"":""82a60368-a35f-407d-b91c-fda7c4df0a50"",""environment"":""35a62989-f226-4922-a94f-05b71577983e"",""service"":""edd77b6a-44ec-4dd0-bb6b-129583c5e8f4"",""deployment"":""65be7d91-a0e8-40d7-8fa9-14aa89a4add1"",""replica"":""a840cb83-51a9-4b35-8087-f3b0edb637f4""}",2026-02-24T16:58:01.756600657Z
"    |   File ""/usr/local/lib/python3.11/site-packages/sqlalchemy/orm/session.py"", line 1126, in _connection_for_bind","{""level"":""error""}","{""project"":""82a60368-a35f-407d-b91c-fda7c4df0a50"",""environment"":""35a62989-f226-4922-a94f-05b71577983e"",""service"":""edd77b6a-44ec-4dd0-bb6b-129583c5e8f4"",""deployment"":""65be7d91-a0e8-40d7-8fa9-14aa89a4add1"",""replica"":""a840cb83-51a9-4b35-8087-f3b0edb637f4""}",2026-02-24T16:58:01.756605950Z
    |     conn = bind.connect(),"{""level"":""error""}","{""project"":""82a60368-a35f-407d-b91c-fda7c4df0a50"",""environment"":""35a62989-f226-4922-a94f-05b71577983e"",""service"":""edd77b6a-44ec-4dd0-bb6b-129583c5e8f4"",""deployment"":""65be7d91-a0e8-40d7-8fa9-14aa89a4add1"",""replica"":""a840cb83-51a9-4b35-8087-f3b0edb637f4""}",2026-02-24T16:58:01.756611660Z
    |            ^^^^^^^^^^^^^^,"{""level"":""error""}","{""project"":""82a60368-a35f-407d-b91c-fda7c4df0a50"",""environment"":""35a62989-f226-4922-a94f-05b71577983e"",""service"":""edd77b6a-44ec-4dd0-bb6b-129583c5e8f4"",""deployment"":""65be7d91-a0e8-40d7-8fa9-14aa89a4add1"",""replica"":""a840cb83-51a9-4b35-8087-f3b0edb637f4""}",2026-02-24T16:58:01.756616143Z
"    |   File ""/usr/local/lib/python3.11/site-packages/sqlalchemy/engine/base.py"", line 3264, in connect","{""level"":""error""}","{""project"":""82a60368-a35f-407d-b91c-fda7c4df0a50"",""environment"":""35a62989-f226-4922-a94f-05b71577983e"",""service"":""edd77b6a-44ec-4dd0-bb6b-129583c5e8f4"",""deployment"":""65be7d91-a0e8-40d7-8fa9-14aa89a4add1"",""replica"":""a840cb83-51a9-4b35-8087-f3b0edb637f4""}",2026-02-24T16:58:01.756620837Z
    |     return self._connection_cls(self),"{""level"":""error""}","{""project"":""82a60368-a35f-407d-b91c-fda7c4df0a50"",""environment"":""35a62989-f226-4922-a94f-05b71577983e"",""service"":""edd77b6a-44ec-4dd0-bb6b-129583c5e8f4"",""deployment"":""65be7d91-a0e8-40d7-8fa9-14aa89a4add1"",""replica"":""a840cb83-51a9-4b35-8087-f3b0edb637f4""}",2026-02-24T16:58:01.756625838Z
    |            ^^^^^^^^^^^^^^^^^^^^^^^^^^,"{""level"":""error""}","{""project"":""82a60368-a35f-407d-b91c-fda7c4df0a50"",""environment"":""35a62989-f226-4922-a94f-05b71577983e"",""service"":""edd77b6a-44ec-4dd0-bb6b-129583c5e8f4"",""deployment"":""65be7d91-a0e8-40d7-8fa9-14aa89a4add1"",""replica"":""a840cb83-51a9-4b35-8087-f3b0edb637f4""}",2026-02-24T16:58:01.756629977Z
"    |   File ""/usr/local/lib/python3.11/site-packages/sqlalchemy/engine/base.py"", line 145, in __init__","{""level"":""error""}","{""project"":""82a60368-a35f-407d-b91c-fda7c4df0a50"",""environment"":""35a62989-f226-4922-a94f-05b71577983e"",""service"":""edd77b6a-44ec-4dd0-bb6b-129583c5e8f4"",""deployment"":""65be7d91-a0e8-40d7-8fa9-14aa89a4add1"",""replica"":""a840cb83-51a9-4b35-8087-f3b0edb637f4""}",2026-02-24T16:58:01.756633871Z
    |     self._dbapi_connection = engine.raw_connection(),"{""level"":""error""}","{""project"":""82a60368-a35f-407d-b91c-fda7c4df0a50"",""environment"":""35a62989-f226-4922-a94f-05b71577983e"",""service"":""edd77b6a-44ec-4dd0-bb6b-129583c5e8f4"",""deployment"":""65be7d91-a0e8-40d7-8fa9-14aa89a4add1"",""replica"":""a840cb83-51a9-4b35-8087-f3b0edb637f4""}",2026-02-24T16:58:01.756637965Z
    |                              ^^^^^^^^^^^^^^^^^^^^^^^,"{""level"":""error""}","{""project"":""82a60368-a35f-407d-b91c-fda7c4df0a50"",""environment"":""35a62989-f226-4922-a94f-05b71577983e"",""service"":""edd77b6a-44ec-4dd0-bb6b-129583c5e8f4"",""deployment"":""65be7d91-a0e8-40d7-8fa9-14aa89a4add1"",""replica"":""a840cb83-51a9-4b35-8087-f3b0edb637f4""}",2026-02-24T16:58:01.756642415Z
"    |   File ""/usr/local/lib/python3.11/site-packages/sqlalchemy/engine/base.py"", line 3288, in raw_connection","{""level"":""error""}","{""project"":""82a60368-a35f-407d-b91c-fda7c4df0a50"",""environment"":""35a62989-f226-4922-a94f-05b71577983e"",""service"":""edd77b6a-44ec-4dd0-bb6b-129583c5e8f4"",""deployment"":""65be7d91-a0e8-40d7-8fa9-14aa89a4add1"",""replica"":""a840cb83-51a9-4b35-8087-f3b0edb637f4""}",2026-02-24T16:58:01.756646460Z
    |     return self.pool.connect(),"{""level"":""error""}","{""project"":""82a60368-a35f-407d-b91c-fda7c4df0a50"",""environment"":""35a62989-f226-4922-a94f-05b71577983e"",""service"":""edd77b6a-44ec-4dd0-bb6b-129583c5e8f4"",""deployment"":""65be7d91-a0e8-40d7-8fa9-14aa89a4add1"",""replica"":""a840cb83-51a9-4b35-8087-f3b0edb637f4""}",2026-02-24T16:58:01.756650332Z
    |            ^^^^^^^^^^^^^^^^^^^,"{""level"":""error""}","{""project"":""82a60368-a35f-407d-b91c-fda7c4df0a50"",""environment"":""35a62989-f226-4922-a94f-05b71577983e"",""service"":""edd77b6a-44ec-4dd0-bb6b-129583c5e8f4"",""deployment"":""65be7d91-a0e8-40d7-8fa9-14aa89a4add1"",""replica"":""a840cb83-51a9-4b35-8087-f3b0edb637f4""}",2026-02-24T16:58:01.756654369Z
"    |   File ""/usr/local/lib/python3.11/site-packages/sqlalchemy/pool/base.py"", line 452, in connect","{""level"":""error""}","{""project"":""82a60368-a35f-407d-b91c-fda7c4df0a50"",""environment"":""35a62989-f226-4922-a94f-05b71577983e"",""service"":""edd77b6a-44ec-4dd0-bb6b-129583c5e8f4"",""deployment"":""65be7d91-a0e8-40d7-8fa9-14aa89a4add1"",""replica"":""a840cb83-51a9-4b35-8087-f3b0edb637f4""}",2026-02-24T16:58:01.756658080Z
    |     return _ConnectionFairy._checkout(self),"{""level"":""error""}","{""project"":""82a60368-a35f-407d-b91c-fda7c4df0a50"",""environment"":""35a62989-f226-4922-a94f-05b71577983e"",""service"":""edd77b6a-44ec-4dd0-bb6b-129583c5e8f4"",""deployment"":""65be7d91-a0e8-40d7-8fa9-14aa89a4add1"",""replica"":""a840cb83-51a9-4b35-8087-f3b0edb637f4""}",2026-02-24T16:58:01.756662154Z
    |            ^^^^^^^^^^^^^^^^^^^^^^^^^^^^^^^^,"{""level"":""error""}","{""project"":""82a60368-a35f-407d-b91c-fda7c4df0a50"",""environment"":""35a62989-f226-4922-a94f-05b71577983e"",""service"":""edd77b6a-44ec-4dd0-bb6b-129583c5e8f4"",""deployment"":""65be7d91-a0e8-40d7-8fa9-14aa89a4add1"",""replica"":""a840cb83-51a9-4b35-8087-f3b0edb637f4""}",2026-02-24T16:58:01.756667367Z
"    |   File ""/usr/local/lib/python3.11/site-packages/sqlalchemy/pool/base.py"", line 1267, in _checkout","{""level"":""error""}","{""project"":""82a60368-a35f-407d-b91c-fda7c4df0a50"",""environment"":""35a62989-f226-4922-a94f-05b71577983e"",""service"":""edd77b6a-44ec-4dd0-bb6b-129583c5e8f4"",""deployment"":""65be7d91-a0e8-40d7-8fa9-14aa89a4add1"",""replica"":""a840cb83-51a9-4b35-8087-f3b0edb637f4""}",2026-02-24T16:58:01.757952176Z
    |     return _ConnectionRecord(self),"{""level"":""error""}","{""project"":""82a60368-a35f-407d-b91c-fda7c4df0a50"",""environment"":""35a62989-f226-4922-a94f-05b71577983e"",""service"":""edd77b6a-44ec-4dd0-bb6b-129583c5e8f4"",""deployment"":""65be7d91-a0e8-40d7-8fa9-14aa89a4add1"",""replica"":""a840cb83-51a9-4b35-8087-f3b0edb637f4""}",2026-02-24T16:58:01.757956534Z
    |     fairy = _ConnectionRecord.checkout(pool),"{""level"":""error""}","{""project"":""82a60368-a35f-407d-b91c-fda7c4df0a50"",""environment"":""35a62989-f226-4922-a94f-05b71577983e"",""service"":""edd77b6a-44ec-4dd0-bb6b-129583c5e8f4"",""deployment"":""65be7d91-a0e8-40d7-8fa9-14aa89a4add1"",""replica"":""a840cb83-51a9-4b35-8087-f3b0edb637f4""}",2026-02-24T16:58:01.757957750Z
    |             ^^^^^^^^^^^^^^^^^^^^^^^^^^^^^^^^,"{""level"":""error""}","{""project"":""82a60368-a35f-407d-b91c-fda7c4df0a50"",""environment"":""35a62989-f226-4922-a94f-05b71577983e"",""service"":""edd77b6a-44ec-4dd0-bb6b-129583c5e8f4"",""deployment"":""65be7d91-a0e8-40d7-8fa9-14aa89a4add1"",""replica"":""a840cb83-51a9-4b35-8087-f3b0edb637f4""}",2026-02-24T16:58:01.757962180Z
    |            ^^^^^^^^^^^^^^^^^^^^^^^,"{""level"":""error""}","{""project"":""82a60368-a35f-407d-b91c-fda7c4df0a50"",""environment"":""35a62989-f226-4922-a94f-05b71577983e"",""service"":""edd77b6a-44ec-4dd0-bb6b-129583c5e8f4"",""deployment"":""65be7d91-a0e8-40d7-8fa9-14aa89a4add1"",""replica"":""a840cb83-51a9-4b35-8087-f3b0edb637f4""}",2026-02-24T16:58:01.757965729Z
"    |   File ""/usr/local/lib/python3.11/site-packages/sqlalchemy/pool/base.py"", line 716, in checkout","{""level"":""error""}","{""project"":""82a60368-a35f-407d-b91c-fda7c4df0a50"",""environment"":""35a62989-f226-4922-a94f-05b71577983e"",""service"":""edd77b6a-44ec-4dd0-bb6b-129583c5e8f4"",""deployment"":""65be7d91-a0e8-40d7-8fa9-14aa89a4add1"",""replica"":""a840cb83-51a9-4b35-8087-f3b0edb637f4""}",2026-02-24T16:58:01.757967715Z
"    |   File ""/usr/local/lib/python3.11/site-packages/sqlalchemy/pool/base.py"", line 678, in __init__","{""level"":""error""}","{""project"":""82a60368-a35f-407d-b91c-fda7c4df0a50"",""environment"":""35a62989-f226-4922-a94f-05b71577983e"",""service"":""edd77b6a-44ec-4dd0-bb6b-129583c5e8f4"",""deployment"":""65be7d91-a0e8-40d7-8fa9-14aa89a4add1"",""replica"":""a840cb83-51a9-4b35-8087-f3b0edb637f4""}",2026-02-24T16:58:01.757972444Z
    |     rec = pool._do_get(),"{""level"":""error""}","{""project"":""82a60368-a35f-407d-b91c-fda7c4df0a50"",""environment"":""35a62989-f226-4922-a94f-05b71577983e"",""service"":""edd77b6a-44ec-4dd0-bb6b-129583c5e8f4"",""deployment"":""65be7d91-a0e8-40d7-8fa9-14aa89a4add1"",""replica"":""a840cb83-51a9-4b35-8087-f3b0edb637f4""}",2026-02-24T16:58:01.757975010Z
"    |   File ""/usr/local/lib/python3.11/site-packages/sqlalchemy/pool/impl.py"", line 169, in _do_get","{""level"":""error""}","{""project"":""82a60368-a35f-407d-b91c-fda7c4df0a50"",""environment"":""35a62989-f226-4922-a94f-05b71577983e"",""service"":""edd77b6a-44ec-4dd0-bb6b-129583c5e8f4"",""deployment"":""65be7d91-a0e8-40d7-8fa9-14aa89a4add1"",""replica"":""a840cb83-51a9-4b35-8087-f3b0edb637f4""}",2026-02-24T16:58:01.757975920Z
    |     self.__connect(),"{""level"":""error""}","{""project"":""82a60368-a35f-407d-b91c-fda7c4df0a50"",""environment"":""35a62989-f226-4922-a94f-05b71577983e"",""service"":""edd77b6a-44ec-4dd0-bb6b-129583c5e8f4"",""deployment"":""65be7d91-a0e8-40d7-8fa9-14aa89a4add1"",""replica"":""a840cb83-51a9-4b35-8087-f3b0edb637f4""}",2026-02-24T16:58:01.757980264Z
    |           ^^^^^^^^^^^^^^,"{""level"":""error""}","{""project"":""82a60368-a35f-407d-b91c-fda7c4df0a50"",""environment"":""35a62989-f226-4922-a94f-05b71577983e"",""service"":""edd77b6a-44ec-4dd0-bb6b-129583c5e8f4"",""deployment"":""65be7d91-a0e8-40d7-8fa9-14aa89a4add1"",""replica"":""a840cb83-51a9-4b35-8087-f3b0edb637f4""}",2026-02-24T16:58:01.757981874Z
    |     with util.safe_reraise():,"{""level"":""error""}","{""project"":""82a60368-a35f-407d-b91c-fda7c4df0a50"",""environment"":""35a62989-f226-4922-a94f-05b71577983e"",""service"":""edd77b6a-44ec-4dd0-bb6b-129583c5e8f4"",""deployment"":""65be7d91-a0e8-40d7-8fa9-14aa89a4add1"",""replica"":""a840cb83-51a9-4b35-8087-f3b0edb637f4""}",2026-02-24T16:58:01.757986922Z
"    |   File ""/usr/local/lib/python3.11/site-packages/sqlalchemy/pool/base.py"", line 916, in __connect","{""level"":""error""}","{""project"":""82a60368-a35f-407d-b91c-fda7c4df0a50"",""environment"":""35a62989-f226-4922-a94f-05b71577983e"",""service"":""edd77b6a-44ec-4dd0-bb6b-129583c5e8f4"",""deployment"":""65be7d91-a0e8-40d7-8fa9-14aa89a4add1"",""replica"":""a840cb83-51a9-4b35-8087-f3b0edb637f4""}",2026-02-24T16:58:01.757989588Z
"    |   File ""/usr/local/lib/python3.11/site-packages/sqlalchemy/util/langhelpers.py"", line 146, in __exit__","{""level"":""error""}","{""project"":""82a60368-a35f-407d-b91c-fda7c4df0a50"",""environment"":""35a62989-f226-4922-a94f-05b71577983e"",""service"":""edd77b6a-44ec-4dd0-bb6b-129583c5e8f4"",""deployment"":""65be7d91-a0e8-40d7-8fa9-14aa89a4add1"",""replica"":""a840cb83-51a9-4b35-8087-f3b0edb637f4""}",2026-02-24T16:58:01.757995939Z
    |     raise exc_value.with_traceback(exc_tb),"{""level"":""error""}","{""project"":""82a60368-a35f-407d-b91c-fda7c4df0a50"",""environment"":""35a62989-f226-4922-a94f-05b71577983e"",""service"":""edd77b6a-44ec-4dd0-bb6b-129583c5e8f4"",""deployment"":""65be7d91-a0e8-40d7-8fa9-14aa89a4add1"",""replica"":""a840cb83-51a9-4b35-8087-f3b0edb637f4""}",2026-02-24T16:58:01.758000798Z
"    |   File ""/usr/local/lib/python3.11/site-packages/sqlalchemy/pool/impl.py"", line 167, in _do_get","{""level"":""error""}","{""project"":""82a60368-a35f-407d-b91c-fda7c4df0a50"",""environment"":""35a62989-f226-4922-a94f-05b71577983e"",""service"":""edd77b6a-44ec-4dd0-bb6b-129583c5e8f4"",""deployment"":""65be7d91-a0e8-40d7-8fa9-14aa89a4add1"",""replica"":""a840cb83-51a9-4b35-8087-f3b0edb637f4""}",2026-02-24T16:58:01.758005126Z
    |     return self._create_connection(),"{""level"":""error""}","{""project"":""82a60368-a35f-407d-b91c-fda7c4df0a50"",""environment"":""35a62989-f226-4922-a94f-05b71577983e"",""service"":""edd77b6a-44ec-4dd0-bb6b-129583c5e8f4"",""deployment"":""65be7d91-a0e8-40d7-8fa9-14aa89a4add1"",""replica"":""a840cb83-51a9-4b35-8087-f3b0edb637f4""}",2026-02-24T16:58:01.758009462Z
    |            ^^^^^^^^^^^^^^^^^^^^^^^^^,"{""level"":""error""}","{""project"":""82a60368-a35f-407d-b91c-fda7c4df0a50"",""environment"":""35a62989-f226-4922-a94f-05b71577983e"",""service"":""edd77b6a-44ec-4dd0-bb6b-129583c5e8f4"",""deployment"":""65be7d91-a0e8-40d7-8fa9-14aa89a4add1"",""replica"":""a840cb83-51a9-4b35-8087-f3b0edb637f4""}",2026-02-24T16:58:01.758013546Z
"    |   File ""/usr/local/lib/python3.11/site-packages/sqlalchemy/pool/base.py"", line 393, in _create_connection","{""level"":""error""}","{""project"":""82a60368-a35f-407d-b91c-fda7c4df0a50"",""environment"":""35a62989-f226-4922-a94f-05b71577983e"",""service"":""edd77b6a-44ec-4dd0-bb6b-129583c5e8f4"",""deployment"":""65be7d91-a0e8-40d7-8fa9-14aa89a4add1"",""replica"":""a840cb83-51a9-4b35-8087-f3b0edb637f4""}",2026-02-24T16:58:01.758017360Z
"    |     )._exec_w_sync_on_first_run(self.dbapi_connection, self)","{""level"":""error""}","{""project"":""82a60368-a35f-407d-b91c-fda7c4df0a50"",""environment"":""35a62989-f226-4922-a94f-05b71577983e"",""service"":""edd77b6a-44ec-4dd0-bb6b-129583c5e8f4"",""deployment"":""65be7d91-a0e8-40d7-8fa9-14aa89a4add1"",""replica"":""a840cb83-51a9-4b35-8087-f3b0edb637f4""}",2026-02-24T16:58:01.759167543Z
    |       ^^^^^^^^^^^^^^^^^^^^^^^^^^^^^^^^^^^^^^^^^^^^^^^^^^^^^^,"{""level"":""error""}","{""project"":""82a60368-a35f-407d-b91c-fda7c4df0a50"",""environment"":""35a62989-f226-4922-a94f-05b71577983e"",""service"":""edd77b6a-44ec-4dd0-bb6b-129583c5e8f4"",""deployment"":""65be7d91-a0e8-40d7-8fa9-14aa89a4add1"",""replica"":""a840cb83-51a9-4b35-8087-f3b0edb637f4""}",2026-02-24T16:58:01.759173368Z
"    |   File ""/usr/local/lib/python3.11/site-packages/sqlalchemy/event/attr.py"", line 473, in _exec_w_sync_on_first_run","{""level"":""error""}","{""project"":""82a60368-a35f-407d-b91c-fda7c4df0a50"",""environment"":""35a62989-f226-4922-a94f-05b71577983e"",""service"":""edd77b6a-44ec-4dd0-bb6b-129583c5e8f4"",""deployment"":""65be7d91-a0e8-40d7-8fa9-14aa89a4add1"",""replica"":""a840cb83-51a9-4b35-8087-f3b0edb637f4""}",2026-02-24T16:58:01.759177708Z
"    |     self(*args, **kw)","{""level"":""error""}","{""project"":""82a60368-a35f-407d-b91c-fda7c4df0a50"",""environment"":""35a62989-f226-4922-a94f-05b71577983e"",""service"":""edd77b6a-44ec-4dd0-bb6b-129583c5e8f4"",""deployment"":""65be7d91-a0e8-40d7-8fa9-14aa89a4add1"",""replica"":""a840cb83-51a9-4b35-8087-f3b0edb637f4""}",2026-02-24T16:58:01.759182242Z
"    |   File ""/usr/local/lib/python3.11/site-packages/sqlalchemy/event/attr.py"", line 487, in __call__","{""level"":""error""}","{""project"":""82a60368-a35f-407d-b91c-fda7c4df0a50"",""environment"":""35a62989-f226-4922-a94f-05b71577983e"",""service"":""edd77b6a-44ec-4dd0-bb6b-129583c5e8f4"",""deployment"":""65be7d91-a0e8-40d7-8fa9-14aa89a4add1"",""replica"":""a840cb83-51a9-4b35-8087-f3b0edb637f4""}",2026-02-24T16:58:01.759186366Z
"    |     fn(*args, **kw)","{""level"":""error""}","{""project"":""82a60368-a35f-407d-b91c-fda7c4df0a50"",""environment"":""35a62989-f226-4922-a94f-05b71577983e"",""service"":""edd77b6a-44ec-4dd0-bb6b-129583c5e8f4"",""deployment"":""65be7d91-a0e8-40d7-8fa9-14aa89a4add1"",""replica"":""a840cb83-51a9-4b35-8087-f3b0edb637f4""}",2026-02-24T16:58:01.759190337Z
"    |   File ""/usr/local/lib/python3.11/site-packages/sqlalchemy/engine/create.py"", line 704, in on_connect","{""level"":""error""}","{""project"":""82a60368-a35f-407d-b91c-fda7c4df0a50"",""environment"":""35a62989-f226-4922-a94f-05b71577983e"",""service"":""edd77b6a-44ec-4dd0-bb6b-129583c5e8f4"",""deployment"":""65be7d91-a0e8-40d7-8fa9-14aa89a4add1"",""replica"":""a840cb83-51a9-4b35-8087-f3b0edb637f4""}",2026-02-24T16:58:01.759194225Z
    |     do_on_connect(dbapi_connection),"{""level"":""error""}","{""project"":""82a60368-a35f-407d-b91c-fda7c4df0a50"",""environment"":""35a62989-f226-4922-a94f-05b71577983e"",""service"":""edd77b6a-44ec-4dd0-bb6b-129583c5e8f4"",""deployment"":""65be7d91-a0e8-40d7-8fa9-14aa89a4add1"",""replica"":""a840cb83-51a9-4b35-8087-f3b0edb637f4""}",2026-02-24T16:58:01.759198972Z
"    |   File ""/usr/local/lib/python3.11/site-packages/sqlalchemy/dialects/postgresql/asyncpg.py"", line 1240, in connect","{""level"":""error""}","{""project"":""82a60368-a35f-407d-b91c-fda7c4df0a50"",""environment"":""35a62989-f226-4922-a94f-05b71577983e"",""service"":""edd77b6a-44ec-4dd0-bb6b-129583c5e8f4"",""deployment"":""65be7d91-a0e8-40d7-8fa9-14aa89a4add1"",""replica"":""a840cb83-51a9-4b35-8087-f3b0edb637f4""}",2026-02-24T16:58:01.759204861Z
    |     conn.await_(self.setup_asyncpg_json_codec(conn)),"{""level"":""error""}","{""project"":""82a60368-a35f-407d-b91c-fda7c4df0a50"",""environment"":""35a62989-f226-4922-a94f-05b71577983e"",""service"":""edd77b6a-44ec-4dd0-bb6b-129583c5e8f4"",""deployment"":""65be7d91-a0e8-40d7-8fa9-14aa89a4add1"",""replica"":""a840cb83-51a9-4b35-8087-f3b0edb637f4""}",2026-02-24T16:58:01.759208723Z
"    |   File ""/usr/local/lib/python3.11/site-packages/sqlalchemy/util/_concurrency_py3k.py"", line 125, in await_only","{""level"":""error""}","{""project"":""82a60368-a35f-407d-b91c-fda7c4df0a50"",""environment"":""35a62989-f226-4922-a94f-05b71577983e"",""service"":""edd77b6a-44ec-4dd0-bb6b-129583c5e8f4"",""deployment"":""65be7d91-a0e8-40d7-8fa9-14aa89a4add1"",""replica"":""a840cb83-51a9-4b35-8087-f3b0edb637f4""}",2026-02-24T16:58:01.759212458Z
    |     return current.driver.switch(awaitable)  # type: ignore[no-any-return],"{""level"":""error""}","{""project"":""82a60368-a35f-407d-b91c-fda7c4df0a50"",""environment"":""35a62989-f226-4922-a94f-05b71577983e"",""service"":""edd77b6a-44ec-4dd0-bb6b-129583c5e8f4"",""deployment"":""65be7d91-a0e8-40d7-8fa9-14aa89a4add1"",""replica"":""a840cb83-51a9-4b35-8087-f3b0edb637f4""}",2026-02-24T16:58:01.759216737Z
    |            ^^^^^^^^^^^^^^^^^^^^^^^^^^^^^^^^,"{""level"":""error""}","{""project"":""82a60368-a35f-407d-b91c-fda7c4df0a50"",""environment"":""35a62989-f226-4922-a94f-05b71577983e"",""service"":""edd77b6a-44ec-4dd0-bb6b-129583c5e8f4"",""deployment"":""65be7d91-a0e8-40d7-8fa9-14aa89a4add1"",""replica"":""a840cb83-51a9-4b35-8087-f3b0edb637f4""}",2026-02-24T16:58:01.759220379Z
"    |   File ""/usr/local/lib/python3.11/site-packages/sqlalchemy/util/_concurrency_py3k.py"", line 185, in greenlet_spawn","{""level"":""error""}","{""project"":""82a60368-a35f-407d-b91c-fda7c4df0a50"",""environment"":""35a62989-f226-4922-a94f-05b71577983e"",""service"":""edd77b6a-44ec-4dd0-bb6b-129583c5e8f4"",""deployment"":""65be7d91-a0e8-40d7-8fa9-14aa89a4add1"",""replica"":""a840cb83-51a9-4b35-8087-f3b0edb637f4""}",2026-02-24T16:58:01.759223840Z
    |     value = await result,"{""level"":""error""}","{""project"":""82a60368-a35f-407d-b91c-fda7c4df0a50"",""environment"":""35a62989-f226-4922-a94f-05b71577983e"",""service"":""edd77b6a-44ec-4dd0-bb6b-129583c5e8f4"",""deployment"":""65be7d91-a0e8-40d7-8fa9-14aa89a4add1"",""replica"":""a840cb83-51a9-4b35-8087-f3b0edb637f4""}",2026-02-24T16:58:01.759227759Z
    |             ^^^^^^^^^^^^,"{""level"":""error""}","{""project"":""82a60368-a35f-407d-b91c-fda7c4df0a50"",""environment"":""35a62989-f226-4922-a94f-05b71577983e"",""service"":""edd77b6a-44ec-4dd0-bb6b-129583c5e8f4"",""deployment"":""65be7d91-a0e8-40d7-8fa9-14aa89a4add1"",""replica"":""a840cb83-51a9-4b35-8087-f3b0edb637f4""}",2026-02-24T16:58:01.759231107Z
"    |   File ""/usr/local/lib/python3.11/site-packages/sqlalchemy/dialects/postgresql/asyncpg.py"", line 1166, in setup_asyncpg_json_codec","{""level"":""error""}","{""project"":""82a60368-a35f-407d-b91c-fda7c4df0a50"",""environment"":""35a62989-f226-4922-a94f-05b71577983e"",""service"":""edd77b6a-44ec-4dd0-bb6b-129583c5e8f4"",""deployment"":""65be7d91-a0e8-40d7-8fa9-14aa89a4add1"",""replica"":""a840cb83-51a9-4b35-8087-f3b0edb637f4""}",2026-02-24T16:58:01.759234845Z
    |     await asyncpg_connection.set_type_codec(,"{""level"":""error""}","{""project"":""82a60368-a35f-407d-b91c-fda7c4df0a50"",""environment"":""35a62989-f226-4922-a94f-05b71577983e"",""service"":""edd77b6a-44ec-4dd0-bb6b-129583c5e8f4"",""deployment"":""65be7d91-a0e8-40d7-8fa9-14aa89a4add1"",""replica"":""a840cb83-51a9-4b35-8087-f3b0edb637f4""}",2026-02-24T16:58:01.760506120Z
"    |   File ""/usr/local/lib/python3.11/site-packages/asyncpg/connection.py"", line 1221, in set_type_codec","{""level"":""error""}","{""project"":""82a60368-a35f-407d-b91c-fda7c4df0a50"",""environment"":""35a62989-f226-4922-a94f-05b71577983e"",""service"":""edd77b6a-44ec-4dd0-bb6b-129583c5e8f4"",""deployment"":""65be7d91-a0e8-40d7-8fa9-14aa89a4add1"",""replica"":""a840cb83-51a9-4b35-8087-f3b0edb637f4""}",2026-02-24T16:58:01.760512071Z
"    |     typeinfo = await self._introspect_type(typename, schema)","{""level"":""error""}","{""project"":""82a60368-a35f-407d-b91c-fda7c4df0a50"",""environment"":""35a62989-f226-4922-a94f-05b71577983e"",""service"":""edd77b6a-44ec-4dd0-bb6b-129583c5e8f4"",""deployment"":""65be7d91-a0e8-40d7-8fa9-14aa89a4add1"",""replica"":""a840cb83-51a9-4b35-8087-f3b0edb637f4""}",2026-02-24T16:58:01.760519374Z
    |                ^^^^^^^^^^^^^^^^^^^^^^^^^^^^^^^^^^^^^^^^^^^^^,"{""level"":""error""}","{""project"":""82a60368-a35f-407d-b91c-fda7c4df0a50"",""environment"":""35a62989-f226-4922-a94f-05b71577983e"",""service"":""edd77b6a-44ec-4dd0-bb6b-129583c5e8f4"",""deployment"":""65be7d91-a0e8-40d7-8fa9-14aa89a4add1"",""replica"":""a840cb83-51a9-4b35-8087-f3b0edb637f4""}",2026-02-24T16:58:01.760523359Z
"    |   File ""/usr/local/lib/python3.11/site-packages/asyncpg/connection.py"", line 472, in _introspect_type","{""level"":""error""}","{""project"":""82a60368-a35f-407d-b91c-fda7c4df0a50"",""environment"":""35a62989-f226-4922-a94f-05b71577983e"",""service"":""edd77b6a-44ec-4dd0-bb6b-129583c5e8f4"",""deployment"":""65be7d91-a0e8-40d7-8fa9-14aa89a4add1"",""replica"":""a840cb83-51a9-4b35-8087-f3b0edb637f4""}",2026-02-24T16:58:01.760527230Z
    |     rows = await self._execute(,"{""level"":""error""}","{""project"":""82a60368-a35f-407d-b91c-fda7c4df0a50"",""environment"":""35a62989-f226-4922-a94f-05b71577983e"",""service"":""edd77b6a-44ec-4dd0-bb6b-129583c5e8f4"",""deployment"":""65be7d91-a0e8-40d7-8fa9-14aa89a4add1"",""replica"":""a840cb83-51a9-4b35-8087-f3b0edb637f4""}",2026-02-24T16:58:01.760531218Z
    |            ^^^^^^^^^^^^^^^^^^^^,"{""level"":""error""}","{""project"":""82a60368-a35f-407d-b91c-fda7c4df0a50"",""environment"":""35a62989-f226-4922-a94f-05b71577983e"",""service"":""edd77b6a-44ec-4dd0-bb6b-129583c5e8f4"",""deployment"":""65be7d91-a0e8-40d7-8fa9-14aa89a4add1"",""replica"":""a840cb83-51a9-4b35-8087-f3b0edb637f4""}",2026-02-24T16:58:01.760534910Z
"    |   File ""/usr/local/lib/python3.11/site-packages/asyncpg/connection.py"", line 1659, in _execute","{""level"":""error""}","{""project"":""82a60368-a35f-407d-b91c-fda7c4df0a50"",""environment"":""35a62989-f226-4922-a94f-05b71577983e"",""service"":""edd77b6a-44ec-4dd0-bb6b-129583c5e8f4"",""deployment"":""65be7d91-a0e8-40d7-8fa9-14aa89a4add1"",""replica"":""a840cb83-51a9-4b35-8087-f3b0edb637f4""}",2026-02-24T16:58:01.760538819Z
"    |     result, _ = await self.__execute(","{""level"":""error""}","{""project"":""82a60368-a35f-407d-b91c-fda7c4df0a50"",""environment"":""35a62989-f226-4922-a94f-05b71577983e"",""service"":""edd77b6a-44ec-4dd0-bb6b-129583c5e8f4"",""deployment"":""65be7d91-a0e8-40d7-8fa9-14aa89a4add1"",""replica"":""a840cb83-51a9-4b35-8087-f3b0edb637f4""}",2026-02-24T16:58:01.760542370Z
    |                 ^^^^^^^^^^^^^^^^^^^^^,"{""level"":""error""}","{""project"":""82a60368-a35f-407d-b91c-fda7c4df0a50"",""environment"":""35a62989-f226-4922-a94f-05b71577983e"",""service"":""edd77b6a-44ec-4dd0-bb6b-129583c5e8f4"",""deployment"":""65be7d91-a0e8-40d7-8fa9-14aa89a4add1"",""replica"":""a840cb83-51a9-4b35-8087-f3b0edb637f4""}",2026-02-24T16:58:01.760545906Z
"    |   File ""/usr/local/lib/python3.11/site-packages/asyncpg/connection.py"", line 1684, in __execute","{""level"":""error""}","{""project"":""82a60368-a35f-407d-b91c-fda7c4df0a50"",""environment"":""35a62989-f226-4922-a94f-05b71577983e"",""service"":""edd77b6a-44ec-4dd0-bb6b-129583c5e8f4"",""deployment"":""65be7d91-a0e8-40d7-8fa9-14aa89a4add1"",""replica"":""a840cb83-51a9-4b35-8087-f3b0edb637f4""}",2026-02-24T16:58:01.760549632Z
    |     return await self._do_execute(,"{""level"":""error""}","{""project"":""82a60368-a35f-407d-b91c-fda7c4df0a50"",""environment"":""35a62989-f226-4922-a94f-05b71577983e"",""service"":""edd77b6a-44ec-4dd0-bb6b-129583c5e8f4"",""deployment"":""65be7d91-a0e8-40d7-8fa9-14aa89a4add1"",""replica"":""a840cb83-51a9-4b35-8087-f3b0edb637f4""}",2026-02-24T16:58:01.760553420Z
    |            ^^^^^^^^^^^^^^^^^^^^^^^,"{""level"":""error""}","{""project"":""82a60368-a35f-407d-b91c-fda7c4df0a50"",""environment"":""35a62989-f226-4922-a94f-05b71577983e"",""service"":""edd77b6a-44ec-4dd0-bb6b-129583c5e8f4"",""deployment"":""65be7d91-a0e8-40d7-8fa9-14aa89a4add1"",""replica"":""a840cb83-51a9-4b35-8087-f3b0edb637f4""}",2026-02-24T16:58:01.760557321Z
"    |   File ""/usr/local/lib/python3.11/site-packages/asyncpg/connection.py"", line 1711, in _do_execute","{""level"":""error""}","{""project"":""82a60368-a35f-407d-b91c-fda7c4df0a50"",""environment"":""35a62989-f226-4922-a94f-05b71577983e"",""service"":""edd77b6a-44ec-4dd0-bb6b-129583c5e8f4"",""deployment"":""65be7d91-a0e8-40d7-8fa9-14aa89a4add1"",""replica"":""a840cb83-51a9-4b35-8087-f3b0edb637f4""}",2026-02-24T16:58:01.760560430Z
    |     stmt = await self._get_statement(,"{""level"":""error""}","{""project"":""82a60368-a35f-407d-b91c-fda7c4df0a50"",""environment"":""35a62989-f226-4922-a94f-05b71577983e"",""service"":""edd77b6a-44ec-4dd0-bb6b-129583c5e8f4"",""deployment"":""65be7d91-a0e8-40d7-8fa9-14aa89a4add1"",""replica"":""a840cb83-51a9-4b35-8087-f3b0edb637f4""}",2026-02-24T16:58:01.760563990Z
    |            ^^^^^^^^^^^^^^^^^^^^^^^^^^,"{""level"":""error""}","{""project"":""82a60368-a35f-407d-b91c-fda7c4df0a50"",""environment"":""35a62989-f226-4922-a94f-05b71577983e"",""service"":""edd77b6a-44ec-4dd0-bb6b-129583c5e8f4"",""deployment"":""65be7d91-a0e8-40d7-8fa9-14aa89a4add1"",""replica"":""a840cb83-51a9-4b35-8087-f3b0edb637f4""}",2026-02-24T16:58:01.760567690Z
"    |   File ""/usr/local/lib/python3.11/site-packages/asyncpg/connection.py"", line 397, in _get_statement","{""level"":""error""}","{""project"":""82a60368-a35f-407d-b91c-fda7c4df0a50"",""environment"":""35a62989-f226-4922-a94f-05b71577983e"",""service"":""edd77b6a-44ec-4dd0-bb6b-129583c5e8f4"",""deployment"":""65be7d91-a0e8-40d7-8fa9-14aa89a4add1"",""replica"":""a840cb83-51a9-4b35-8087-f3b0edb637f4""}",2026-02-24T16:58:01.760571513Z
    |     statement = await self._protocol.prepare(,"{""level"":""error""}","{""project"":""82a60368-a35f-407d-b91c-fda7c4df0a50"",""environment"":""35a62989-f226-4922-a94f-05b71577983e"",""service"":""edd77b6a-44ec-4dd0-bb6b-129583c5e8f4"",""deployment"":""65be7d91-a0e8-40d7-8fa9-14aa89a4add1"",""replica"":""a840cb83-51a9-4b35-8087-f3b0edb637f4""}",2026-02-24T16:58:01.760575516Z
    |                 ^^^^^^^^^^^^^^^^^^^^^^^^^^^^^,"{""level"":""error""}","{""project"":""82a60368-a35f-407d-b91c-fda7c4df0a50"",""environment"":""35a62989-f226-4922-a94f-05b71577983e"",""service"":""edd77b6a-44ec-4dd0-bb6b-129583c5e8f4"",""deployment"":""65be7d91-a0e8-40d7-8fa9-14aa89a4add1"",""replica"":""a840cb83-51a9-4b35-8087-f3b0edb637f4""}",2026-02-24T16:58:01.760578804Z
    result = await app(  # type: ignore[func-returns-value],"{""level"":""error""}","{""project"":""82a60368-a35f-407d-b91c-fda7c4df0a50"",""environment"":""35a62989-f226-4922-a94f-05b71577983e"",""service"":""edd77b6a-44ec-4dd0-bb6b-129583c5e8f4"",""deployment"":""65be7d91-a0e8-40d7-8fa9-14aa89a4add1"",""replica"":""a840cb83-51a9-4b35-8087-f3b0edb637f4""}",2026-02-24T16:58:01.762005269Z
"    |   File ""asyncpg/protocol/protocol.pyx"", line 168, in prepare","{""level"":""error""}","{""project"":""82a60368-a35f-407d-b91c-fda7c4df0a50"",""environment"":""35a62989-f226-4922-a94f-05b71577983e"",""service"":""edd77b6a-44ec-4dd0-bb6b-129583c5e8f4"",""deployment"":""65be7d91-a0e8-40d7-8fa9-14aa89a4add1"",""replica"":""a840cb83-51a9-4b35-8087-f3b0edb637f4""}",2026-02-24T16:58:01.762019550Z
"    | asyncpg.exceptions.DuplicatePreparedStatementError: prepared statement ""__asyncpg_stmt_5__"" already exists","{""level"":""error""}","{""project"":""82a60368-a35f-407d-b91c-fda7c4df0a50"",""environment"":""35a62989-f226-4922-a94f-05b71577983e"",""service"":""edd77b6a-44ec-4dd0-bb6b-129583c5e8f4"",""deployment"":""65be7d91-a0e8-40d7-8fa9-14aa89a4add1"",""replica"":""a840cb83-51a9-4b35-8087-f3b0edb637f4""}",2026-02-24T16:58:01.762025604Z
    | HINT:  ,"{""level"":""error""}","{""project"":""82a60368-a35f-407d-b91c-fda7c4df0a50"",""environment"":""35a62989-f226-4922-a94f-05b71577983e"",""service"":""edd77b6a-44ec-4dd0-bb6b-129583c5e8f4"",""deployment"":""65be7d91-a0e8-40d7-8fa9-14aa89a4add1"",""replica"":""a840cb83-51a9-4b35-8087-f3b0edb637f4""}",2026-02-24T16:58:01.762031562Z
"    | NOTE: pgbouncer with pool_mode set to ""transaction"" or","{""level"":""error""}","{""project"":""82a60368-a35f-407d-b91c-fda7c4df0a50"",""environment"":""35a62989-f226-4922-a94f-05b71577983e"",""service"":""edd77b6a-44ec-4dd0-bb6b-129583c5e8f4"",""deployment"":""65be7d91-a0e8-40d7-8fa9-14aa89a4add1"",""replica"":""a840cb83-51a9-4b35-8087-f3b0edb637f4""}",2026-02-24T16:58:01.762038256Z
"    | ""statement"" does not support prepared statements properly.","{""level"":""error""}","{""project"":""82a60368-a35f-407d-b91c-fda7c4df0a50"",""environment"":""35a62989-f226-4922-a94f-05b71577983e"",""service"":""edd77b6a-44ec-4dd0-bb6b-129583c5e8f4"",""deployment"":""65be7d91-a0e8-40d7-8fa9-14aa89a4add1"",""replica"":""a840cb83-51a9-4b35-8087-f3b0edb637f4""}",2026-02-24T16:58:01.762042838Z
    | You have two options:,"{""level"":""error""}","{""project"":""82a60368-a35f-407d-b91c-fda7c4df0a50"",""environment"":""35a62989-f226-4922-a94f-05b71577983e"",""service"":""edd77b6a-44ec-4dd0-bb6b-129583c5e8f4"",""deployment"":""65be7d91-a0e8-40d7-8fa9-14aa89a4add1"",""replica"":""a840cb83-51a9-4b35-8087-f3b0edb637f4""}",2026-02-24T16:58:01.762046967Z
    | ,"{""level"":""error""}","{""project"":""82a60368-a35f-407d-b91c-fda7c4df0a50"",""environment"":""35a62989-f226-4922-a94f-05b71577983e"",""service"":""edd77b6a-44ec-4dd0-bb6b-129583c5e8f4"",""deployment"":""65be7d91-a0e8-40d7-8fa9-14aa89a4add1"",""replica"":""a840cb83-51a9-4b35-8087-f3b0edb637f4""}",2026-02-24T16:58:01.762051493Z
    | * if you are using pgbouncer for connection pooling to a,"{""level"":""error""}","{""project"":""82a60368-a35f-407d-b91c-fda7c4df0a50"",""environment"":""35a62989-f226-4922-a94f-05b71577983e"",""service"":""edd77b6a-44ec-4dd0-bb6b-129583c5e8f4"",""deployment"":""65be7d91-a0e8-40d7-8fa9-14aa89a4add1"",""replica"":""a840cb83-51a9-4b35-8087-f3b0edb637f4""}",2026-02-24T16:58:01.762056115Z
"    |   single server, switch to the connection pool functionality","{""level"":""error""}","{""project"":""82a60368-a35f-407d-b91c-fda7c4df0a50"",""environment"":""35a62989-f226-4922-a94f-05b71577983e"",""service"":""edd77b6a-44ec-4dd0-bb6b-129583c5e8f4"",""deployment"":""65be7d91-a0e8-40d7-8fa9-14aa89a4add1"",""replica"":""a840cb83-51a9-4b35-8087-f3b0edb637f4""}",2026-02-24T16:58:01.762060671Z
"    |   provided by asyncpg, it is a much better option for this","{""level"":""error""}","{""project"":""82a60368-a35f-407d-b91c-fda7c4df0a50"",""environment"":""35a62989-f226-4922-a94f-05b71577983e"",""service"":""edd77b6a-44ec-4dd0-bb6b-129583c5e8f4"",""deployment"":""65be7d91-a0e8-40d7-8fa9-14aa89a4add1"",""replica"":""a840cb83-51a9-4b35-8087-f3b0edb637f4""}",2026-02-24T16:58:01.762066416Z
    |   purpose;,"{""level"":""error""}","{""project"":""82a60368-a35f-407d-b91c-fda7c4df0a50"",""environment"":""35a62989-f226-4922-a94f-05b71577983e"",""service"":""edd77b6a-44ec-4dd0-bb6b-129583c5e8f4"",""deployment"":""65be7d91-a0e8-40d7-8fa9-14aa89a4add1"",""replica"":""a840cb83-51a9-4b35-8087-f3b0edb637f4""}",2026-02-24T16:58:01.762081089Z
    | ,"{""level"":""error""}","{""project"":""82a60368-a35f-407d-b91c-fda7c4df0a50"",""environment"":""35a62989-f226-4922-a94f-05b71577983e"",""service"":""edd77b6a-44ec-4dd0-bb6b-129583c5e8f4"",""deployment"":""65be7d91-a0e8-40d7-8fa9-14aa89a4add1"",""replica"":""a840cb83-51a9-4b35-8087-f3b0edb637f4""}",2026-02-24T16:58:01.762086665Z
"    | * if you have no option of avoiding the use of pgbouncer,","{""level"":""error""}","{""project"":""82a60368-a35f-407d-b91c-fda7c4df0a50"",""environment"":""35a62989-f226-4922-a94f-05b71577983e"",""service"":""edd77b6a-44ec-4dd0-bb6b-129583c5e8f4"",""deployment"":""65be7d91-a0e8-40d7-8fa9-14aa89a4add1"",""replica"":""a840cb83-51a9-4b35-8087-f3b0edb637f4""}",2026-02-24T16:58:01.762091159Z
    |   then you can set statement_cache_size to 0 when creating,"{""level"":""error""}","{""project"":""82a60368-a35f-407d-b91c-fda7c4df0a50"",""environment"":""35a62989-f226-4922-a94f-05b71577983e"",""service"":""edd77b6a-44ec-4dd0-bb6b-129583c5e8f4"",""deployment"":""65be7d91-a0e8-40d7-8fa9-14aa89a4add1"",""replica"":""a840cb83-51a9-4b35-8087-f3b0edb637f4""}",2026-02-24T16:58:01.762095174Z
    |   the asyncpg connection object.,"{""level"":""error""}","{""project"":""82a60368-a35f-407d-b91c-fda7c4df0a50"",""environment"":""35a62989-f226-4922-a94f-05b71577983e"",""service"":""edd77b6a-44ec-4dd0-bb6b-129583c5e8f4"",""deployment"":""65be7d91-a0e8-40d7-8fa9-14aa89a4add1"",""replica"":""a840cb83-51a9-4b35-8087-f3b0edb637f4""}",2026-02-24T16:58:01.762099539Z
    | ,"{""level"":""error""}","{""project"":""82a60368-a35f-407d-b91c-fda7c4df0a50"",""environment"":""35a62989-f226-4922-a94f-05b71577983e"",""service"":""edd77b6a-44ec-4dd0-bb6b-129583c5e8f4"",""deployment"":""65be7d91-a0e8-40d7-8fa9-14aa89a4add1"",""replica"":""a840cb83-51a9-4b35-8087-f3b0edb637f4""}",2026-02-24T16:58:01.762103701Z
    +------------------------------------,"{""level"":""error""}","{""project"":""82a60368-a35f-407d-b91c-fda7c4df0a50"",""environment"":""35a62989-f226-4922-a94f-05b71577983e"",""service"":""edd77b6a-44ec-4dd0-bb6b-129583c5e8f4"",""deployment"":""65be7d91-a0e8-40d7-8fa9-14aa89a4add1"",""replica"":""a840cb83-51a9-4b35-8087-f3b0edb637f4""}",2026-02-24T16:58:01.762107514Z
,"{""level"":""error""}","{""project"":""82a60368-a35f-407d-b91c-fda7c4df0a50"",""environment"":""35a62989-f226-4922-a94f-05b71577983e"",""service"":""edd77b6a-44ec-4dd0-bb6b-129583c5e8f4"",""deployment"":""65be7d91-a0e8-40d7-8fa9-14aa89a4add1"",""replica"":""a840cb83-51a9-4b35-8087-f3b0edb637f4""}",2026-02-24T16:58:01.762112101Z
"During handling of the above exception, another exception occurred:","{""level"":""error""}","{""project"":""82a60368-a35f-407d-b91c-fda7c4df0a50"",""environment"":""35a62989-f226-4922-a94f-05b71577983e"",""service"":""edd77b6a-44ec-4dd0-bb6b-129583c5e8f4"",""deployment"":""65be7d91-a0e8-40d7-8fa9-14aa89a4add1"",""replica"":""a840cb83-51a9-4b35-8087-f3b0edb637f4""}",2026-02-24T16:58:01.762116196Z
,"{""level"":""error""}","{""project"":""82a60368-a35f-407d-b91c-fda7c4df0a50"",""environment"":""35a62989-f226-4922-a94f-05b71577983e"",""service"":""edd77b6a-44ec-4dd0-bb6b-129583c5e8f4"",""deployment"":""65be7d91-a0e8-40d7-8fa9-14aa89a4add1"",""replica"":""a840cb83-51a9-4b35-8087-f3b0edb637f4""}",2026-02-24T16:58:01.762121227Z
Traceback (most recent call last):,"{""level"":""error""}","{""project"":""82a60368-a35f-407d-b91c-fda7c4df0a50"",""environment"":""35a62989-f226-4922-a94f-05b71577983e"",""service"":""edd77b6a-44ec-4dd0-bb6b-129583c5e8f4"",""deployment"":""65be7d91-a0e8-40d7-8fa9-14aa89a4add1"",""replica"":""a840cb83-51a9-4b35-8087-f3b0edb637f4""}",2026-02-24T16:58:01.762124764Z
"  File ""/usr/local/lib/python3.11/site-packages/uvicorn/protocols/http/h11_impl.py"", line 408, in run_asgi","{""level"":""error""}","{""project"":""82a60368-a35f-407d-b91c-fda7c4df0a50"",""environment"":""35a62989-f226-4922-a94f-05b71577983e"",""service"":""edd77b6a-44ec-4dd0-bb6b-129583c5e8f4"",""deployment"":""65be7d91-a0e8-40d7-8fa9-14aa89a4add1"",""replica"":""a840cb83-51a9-4b35-8087-f3b0edb637f4""}",2026-02-24T16:58:01.762128731Z
"  File ""/usr/local/lib/python3.11/site-packages/starlette/middleware/base.py"", line 191, in __call__","{""level"":""error""}","{""project"":""82a60368-a35f-407d-b91c-fda7c4df0a50"",""environment"":""35a62989-f226-4922-a94f-05b71577983e"",""service"":""edd77b6a-44ec-4dd0-bb6b-129583c5e8f4"",""deployment"":""65be7d91-a0e8-40d7-8fa9-14aa89a4add1"",""replica"":""a840cb83-51a9-4b35-8087-f3b0edb637f4""}",2026-02-24T16:58:01.763329985Z
             ^^^^^^^^^^^^^^^^^^^^^^^^^^^^^^^^^^^^^^^^^^^^^^,"{""level"":""error""}","{""project"":""82a60368-a35f-407d-b91c-fda7c4df0a50"",""environment"":""35a62989-f226-4922-a94f-05b71577983e"",""service"":""edd77b6a-44ec-4dd0-bb6b-129583c5e8f4"",""deployment"":""65be7d91-a0e8-40d7-8fa9-14aa89a4add1"",""replica"":""a840cb83-51a9-4b35-8087-f3b0edb637f4""}",2026-02-24T16:58:01.763354144Z
"  File ""/usr/local/lib/python3.11/site-packages/uvicorn/middleware/proxy_headers.py"", line 84, in __call__","{""level"":""error""}","{""project"":""82a60368-a35f-407d-b91c-fda7c4df0a50"",""environment"":""35a62989-f226-4922-a94f-05b71577983e"",""service"":""edd77b6a-44ec-4dd0-bb6b-129583c5e8f4"",""deployment"":""65be7d91-a0e8-40d7-8fa9-14aa89a4add1"",""replica"":""a840cb83-51a9-4b35-8087-f3b0edb637f4""}",2026-02-24T16:58:01.763362769Z
"    return await self.app(scope, receive, send)","{""level"":""error""}","{""project"":""82a60368-a35f-407d-b91c-fda7c4df0a50"",""environment"":""35a62989-f226-4922-a94f-05b71577983e"",""service"":""edd77b6a-44ec-4dd0-bb6b-129583c5e8f4"",""deployment"":""65be7d91-a0e8-40d7-8fa9-14aa89a4add1"",""replica"":""a840cb83-51a9-4b35-8087-f3b0edb637f4""}",2026-02-24T16:58:01.763367856Z
           ^^^^^^^^^^^^^^^^^^^^^^^^^^^^^^^^^^^^,"{""level"":""error""}","{""project"":""82a60368-a35f-407d-b91c-fda7c4df0a50"",""environment"":""35a62989-f226-4922-a94f-05b71577983e"",""service"":""edd77b6a-44ec-4dd0-bb6b-129583c5e8f4"",""deployment"":""65be7d91-a0e8-40d7-8fa9-14aa89a4add1"",""replica"":""a840cb83-51a9-4b35-8087-f3b0edb637f4""}",2026-02-24T16:58:01.763372598Z
"  File ""/usr/local/lib/python3.11/site-packages/fastapi/applications.py"", line 1054, in __call__","{""level"":""error""}","{""project"":""82a60368-a35f-407d-b91c-fda7c4df0a50"",""environment"":""35a62989-f226-4922-a94f-05b71577983e"",""service"":""edd77b6a-44ec-4dd0-bb6b-129583c5e8f4"",""deployment"":""65be7d91-a0e8-40d7-8fa9-14aa89a4add1"",""replica"":""a840cb83-51a9-4b35-8087-f3b0edb637f4""}",2026-02-24T16:58:01.763378017Z
"    await super().__call__(scope, receive, send)","{""level"":""error""}","{""project"":""82a60368-a35f-407d-b91c-fda7c4df0a50"",""environment"":""35a62989-f226-4922-a94f-05b71577983e"",""service"":""edd77b6a-44ec-4dd0-bb6b-129583c5e8f4"",""deployment"":""65be7d91-a0e8-40d7-8fa9-14aa89a4add1"",""replica"":""a840cb83-51a9-4b35-8087-f3b0edb637f4""}",2026-02-24T16:58:01.763384243Z
"  File ""/usr/local/lib/python3.11/site-packages/starlette/applications.py"", line 123, in __call__","{""level"":""error""}","{""project"":""82a60368-a35f-407d-b91c-fda7c4df0a50"",""environment"":""35a62989-f226-4922-a94f-05b71577983e"",""service"":""edd77b6a-44ec-4dd0-bb6b-129583c5e8f4"",""deployment"":""65be7d91-a0e8-40d7-8fa9-14aa89a4add1"",""replica"":""a840cb83-51a9-4b35-8087-f3b0edb637f4""}",2026-02-24T16:58:01.763389459Z
"    await self.middleware_stack(scope, receive, send)","{""level"":""error""}","{""project"":""82a60368-a35f-407d-b91c-fda7c4df0a50"",""environment"":""35a62989-f226-4922-a94f-05b71577983e"",""service"":""edd77b6a-44ec-4dd0-bb6b-129583c5e8f4"",""deployment"":""65be7d91-a0e8-40d7-8fa9-14aa89a4add1"",""replica"":""a840cb83-51a9-4b35-8087-f3b0edb637f4""}",2026-02-24T16:58:01.763395010Z
"  File ""/usr/local/lib/python3.11/site-packages/starlette/middleware/errors.py"", line 186, in __call__","{""level"":""error""}","{""project"":""82a60368-a35f-407d-b91c-fda7c4df0a50"",""environment"":""35a62989-f226-4922-a94f-05b71577983e"",""service"":""edd77b6a-44ec-4dd0-bb6b-129583c5e8f4"",""deployment"":""65be7d91-a0e8-40d7-8fa9-14aa89a4add1"",""replica"":""a840cb83-51a9-4b35-8087-f3b0edb637f4""}",2026-02-24T16:58:01.763399569Z
    raise exc,"{""level"":""error""}","{""project"":""82a60368-a35f-407d-b91c-fda7c4df0a50"",""environment"":""35a62989-f226-4922-a94f-05b71577983e"",""service"":""edd77b6a-44ec-4dd0-bb6b-129583c5e8f4"",""deployment"":""65be7d91-a0e8-40d7-8fa9-14aa89a4add1"",""replica"":""a840cb83-51a9-4b35-8087-f3b0edb637f4""}",2026-02-24T16:58:01.763403610Z
"  File ""/usr/local/lib/python3.11/site-packages/starlette/middleware/errors.py"", line 164, in __call__","{""level"":""error""}","{""project"":""82a60368-a35f-407d-b91c-fda7c4df0a50"",""environment"":""35a62989-f226-4922-a94f-05b71577983e"",""service"":""edd77b6a-44ec-4dd0-bb6b-129583c5e8f4"",""deployment"":""65be7d91-a0e8-40d7-8fa9-14aa89a4add1"",""replica"":""a840cb83-51a9-4b35-8087-f3b0edb637f4""}",2026-02-24T16:58:01.763407622Z
"    await self.app(scope, receive, _send)","{""level"":""error""}","{""project"":""82a60368-a35f-407d-b91c-fda7c4df0a50"",""environment"":""35a62989-f226-4922-a94f-05b71577983e"",""service"":""edd77b6a-44ec-4dd0-bb6b-129583c5e8f4"",""deployment"":""65be7d91-a0e8-40d7-8fa9-14aa89a4add1"",""replica"":""a840cb83-51a9-4b35-8087-f3b0edb637f4""}",2026-02-24T16:58:01.763411458Z
"  File ""/usr/local/lib/python3.11/site-packages/starlette/middleware/base.py"", line 189, in __call__","{""level"":""error""}","{""project"":""82a60368-a35f-407d-b91c-fda7c4df0a50"",""environment"":""35a62989-f226-4922-a94f-05b71577983e"",""service"":""edd77b6a-44ec-4dd0-bb6b-129583c5e8f4"",""deployment"":""65be7d91-a0e8-40d7-8fa9-14aa89a4add1"",""replica"":""a840cb83-51a9-4b35-8087-f3b0edb637f4""}",2026-02-24T16:58:01.763416726Z
    with collapse_excgroups():,"{""level"":""error""}","{""project"":""82a60368-a35f-407d-b91c-fda7c4df0a50"",""environment"":""35a62989-f226-4922-a94f-05b71577983e"",""service"":""edd77b6a-44ec-4dd0-bb6b-129583c5e8f4"",""deployment"":""65be7d91-a0e8-40d7-8fa9-14aa89a4add1"",""replica"":""a840cb83-51a9-4b35-8087-f3b0edb637f4""}",2026-02-24T16:58:01.763421226Z
"  File ""/usr/local/lib/python3.11/contextlib.py"", line 158, in __exit__","{""level"":""error""}","{""project"":""82a60368-a35f-407d-b91c-fda7c4df0a50"",""environment"":""35a62989-f226-4922-a94f-05b71577983e"",""service"":""edd77b6a-44ec-4dd0-bb6b-129583c5e8f4"",""deployment"":""65be7d91-a0e8-40d7-8fa9-14aa89a4add1"",""replica"":""a840cb83-51a9-4b35-8087-f3b0edb637f4""}",2026-02-24T16:58:01.763425781Z
"    self.gen.throw(typ, value, traceback)","{""level"":""error""}","{""project"":""82a60368-a35f-407d-b91c-fda7c4df0a50"",""environment"":""35a62989-f226-4922-a94f-05b71577983e"",""service"":""edd77b6a-44ec-4dd0-bb6b-129583c5e8f4"",""deployment"":""65be7d91-a0e8-40d7-8fa9-14aa89a4add1"",""replica"":""a840cb83-51a9-4b35-8087-f3b0edb637f4""}",2026-02-24T16:58:01.763429940Z
"  File ""/usr/local/lib/python3.11/site-packages/starlette/_utils.py"", line 91, in collapse_excgroups","{""level"":""error""}","{""project"":""82a60368-a35f-407d-b91c-fda7c4df0a50"",""environment"":""35a62989-f226-4922-a94f-05b71577983e"",""service"":""edd77b6a-44ec-4dd0-bb6b-129583c5e8f4"",""deployment"":""65be7d91-a0e8-40d7-8fa9-14aa89a4add1"",""replica"":""a840cb83-51a9-4b35-8087-f3b0edb637f4""}",2026-02-24T16:58:01.763434339Z
    raise exc,"{""level"":""error""}","{""project"":""82a60368-a35f-407d-b91c-fda7c4df0a50"",""environment"":""35a62989-f226-4922-a94f-05b71577983e"",""service"":""edd77b6a-44ec-4dd0-bb6b-129583c5e8f4"",""deployment"":""65be7d91-a0e8-40d7-8fa9-14aa89a4add1"",""replica"":""a840cb83-51a9-4b35-8087-f3b0edb637f4""}",2026-02-24T16:58:01.763438873Z
"    response = await self.dispatch_func(request, call_next)","{""level"":""error""}","{""project"":""82a60368-a35f-407d-b91c-fda7c4df0a50"",""environment"":""35a62989-f226-4922-a94f-05b71577983e"",""service"":""edd77b6a-44ec-4dd0-bb6b-129583c5e8f4"",""deployment"":""65be7d91-a0e8-40d7-8fa9-14aa89a4add1"",""replica"":""a840cb83-51a9-4b35-8087-f3b0edb637f4""}",2026-02-24T16:58:01.764692662Z
               ^^^^^^^^^^^^^^^^^^^^^^^^^^^^^^^^^^^^^^^^^^^^,"{""level"":""error""}","{""project"":""82a60368-a35f-407d-b91c-fda7c4df0a50"",""environment"":""35a62989-f226-4922-a94f-05b71577983e"",""service"":""edd77b6a-44ec-4dd0-bb6b-129583c5e8f4"",""deployment"":""65be7d91-a0e8-40d7-8fa9-14aa89a4add1"",""replica"":""a840cb83-51a9-4b35-8087-f3b0edb637f4""}",2026-02-24T16:58:01.764698529Z
"  File ""/app/main.py"", line 113, in handle_forwarded_proto","{""level"":""error""}","{""project"":""82a60368-a35f-407d-b91c-fda7c4df0a50"",""environment"":""35a62989-f226-4922-a94f-05b71577983e"",""service"":""edd77b6a-44ec-4dd0-bb6b-129583c5e8f4"",""deployment"":""65be7d91-a0e8-40d7-8fa9-14aa89a4add1"",""replica"":""a840cb83-51a9-4b35-8087-f3b0edb637f4""}",2026-02-24T16:58:01.764704300Z
    response = await call_next(request),"{""level"":""error""}","{""project"":""82a60368-a35f-407d-b91c-fda7c4df0a50"",""environment"":""35a62989-f226-4922-a94f-05b71577983e"",""service"":""edd77b6a-44ec-4dd0-bb6b-129583c5e8f4"",""deployment"":""65be7d91-a0e8-40d7-8fa9-14aa89a4add1"",""replica"":""a840cb83-51a9-4b35-8087-f3b0edb637f4""}",2026-02-24T16:58:01.764708485Z
               ^^^^^^^^^^^^^^^^^^^^^^^^,"{""level"":""error""}","{""project"":""82a60368-a35f-407d-b91c-fda7c4df0a50"",""environment"":""35a62989-f226-4922-a94f-05b71577983e"",""service"":""edd77b6a-44ec-4dd0-bb6b-129583c5e8f4"",""deployment"":""65be7d91-a0e8-40d7-8fa9-14aa89a4add1"",""replica"":""a840cb83-51a9-4b35-8087-f3b0edb637f4""}",2026-02-24T16:58:01.764712880Z
"  File ""/usr/local/lib/python3.11/site-packages/starlette/middleware/base.py"", line 165, in call_next","{""level"":""error""}","{""project"":""82a60368-a35f-407d-b91c-fda7c4df0a50"",""environment"":""35a62989-f226-4922-a94f-05b71577983e"",""service"":""edd77b6a-44ec-4dd0-bb6b-129583c5e8f4"",""deployment"":""65be7d91-a0e8-40d7-8fa9-14aa89a4add1"",""replica"":""a840cb83-51a9-4b35-8087-f3b0edb637f4""}",2026-02-24T16:58:01.764717275Z
    raise app_exc,"{""level"":""error""}","{""project"":""82a60368-a35f-407d-b91c-fda7c4df0a50"",""environment"":""35a62989-f226-4922-a94f-05b71577983e"",""service"":""edd77b6a-44ec-4dd0-bb6b-129583c5e8f4"",""deployment"":""65be7d91-a0e8-40d7-8fa9-14aa89a4add1"",""replica"":""a840cb83-51a9-4b35-8087-f3b0edb637f4""}",2026-02-24T16:58:01.764721225Z
"  File ""/usr/local/lib/python3.11/site-packages/starlette/middleware/base.py"", line 151, in coro","{""level"":""error""}","{""project"":""82a60368-a35f-407d-b91c-fda7c4df0a50"",""environment"":""35a62989-f226-4922-a94f-05b71577983e"",""service"":""edd77b6a-44ec-4dd0-bb6b-129583c5e8f4"",""deployment"":""65be7d91-a0e8-40d7-8fa9-14aa89a4add1"",""replica"":""a840cb83-51a9-4b35-8087-f3b0edb637f4""}",2026-02-24T16:58:01.764725313Z
"    await self.app(scope, receive_or_disconnect, send_no_error)","{""level"":""error""}","{""project"":""82a60368-a35f-407d-b91c-fda7c4df0a50"",""environment"":""35a62989-f226-4922-a94f-05b71577983e"",""service"":""edd77b6a-44ec-4dd0-bb6b-129583c5e8f4"",""deployment"":""65be7d91-a0e8-40d7-8fa9-14aa89a4add1"",""replica"":""a840cb83-51a9-4b35-8087-f3b0edb637f4""}",2026-02-24T16:58:01.764729393Z
"  File ""/usr/local/lib/python3.11/site-packages/starlette/middleware/cors.py"", line 91, in __call__","{""level"":""error""}","{""project"":""82a60368-a35f-407d-b91c-fda7c4df0a50"",""environment"":""35a62989-f226-4922-a94f-05b71577983e"",""service"":""edd77b6a-44ec-4dd0-bb6b-129583c5e8f4"",""deployment"":""65be7d91-a0e8-40d7-8fa9-14aa89a4add1"",""replica"":""a840cb83-51a9-4b35-8087-f3b0edb637f4""}",2026-02-24T16:58:01.764733359Z
"    await self.simple_response(scope, receive, send, request_headers=headers)","{""level"":""error""}","{""project"":""82a60368-a35f-407d-b91c-fda7c4df0a50"",""environment"":""35a62989-f226-4922-a94f-05b71577983e"",""service"":""edd77b6a-44ec-4dd0-bb6b-129583c5e8f4"",""deployment"":""65be7d91-a0e8-40d7-8fa9-14aa89a4add1"",""replica"":""a840cb83-51a9-4b35-8087-f3b0edb637f4""}",2026-02-24T16:58:01.764739691Z
"  File ""/usr/local/lib/python3.11/site-packages/starlette/middleware/cors.py"", line 146, in simple_response","{""level"":""error""}","{""project"":""82a60368-a35f-407d-b91c-fda7c4df0a50"",""environment"":""35a62989-f226-4922-a94f-05b71577983e"",""service"":""edd77b6a-44ec-4dd0-bb6b-129583c5e8f4"",""deployment"":""65be7d91-a0e8-40d7-8fa9-14aa89a4add1"",""replica"":""a840cb83-51a9-4b35-8087-f3b0edb637f4""}",2026-02-24T16:58:01.764743698Z
"    await self.app(scope, receive, send)","{""level"":""error""}","{""project"":""82a60368-a35f-407d-b91c-fda7c4df0a50"",""environment"":""35a62989-f226-4922-a94f-05b71577983e"",""service"":""edd77b6a-44ec-4dd0-bb6b-129583c5e8f4"",""deployment"":""65be7d91-a0e8-40d7-8fa9-14aa89a4add1"",""replica"":""a840cb83-51a9-4b35-8087-f3b0edb637f4""}",2026-02-24T16:58:01.764747648Z
"  File ""/usr/local/lib/python3.11/site-packages/starlette/middleware/exceptions.py"", line 62, in __call__","{""level"":""error""}","{""project"":""82a60368-a35f-407d-b91c-fda7c4df0a50"",""environment"":""35a62989-f226-4922-a94f-05b71577983e"",""service"":""edd77b6a-44ec-4dd0-bb6b-129583c5e8f4"",""deployment"":""65be7d91-a0e8-40d7-8fa9-14aa89a4add1"",""replica"":""a840cb83-51a9-4b35-8087-f3b0edb637f4""}",2026-02-24T16:58:01.764751569Z
"    await wrap_app_handling_exceptions(self.app, conn)(scope, receive, send)","{""level"":""error""}","{""project"":""82a60368-a35f-407d-b91c-fda7c4df0a50"",""environment"":""35a62989-f226-4922-a94f-05b71577983e"",""service"":""edd77b6a-44ec-4dd0-bb6b-129583c5e8f4"",""deployment"":""65be7d91-a0e8-40d7-8fa9-14aa89a4add1"",""replica"":""a840cb83-51a9-4b35-8087-f3b0edb637f4""}",2026-02-24T16:58:01.764755616Z
"  File ""/usr/local/lib/python3.11/site-packages/starlette/_exception_handler.py"", line 64, in wrapped_app","{""level"":""error""}","{""project"":""82a60368-a35f-407d-b91c-fda7c4df0a50"",""environment"":""35a62989-f226-4922-a94f-05b71577983e"",""service"":""edd77b6a-44ec-4dd0-bb6b-129583c5e8f4"",""deployment"":""65be7d91-a0e8-40d7-8fa9-14aa89a4add1"",""replica"":""a840cb83-51a9-4b35-8087-f3b0edb637f4""}",2026-02-24T16:58:01.764759675Z
    raise exc,"{""level"":""error""}","{""project"":""82a60368-a35f-407d-b91c-fda7c4df0a50"",""environment"":""35a62989-f226-4922-a94f-05b71577983e"",""service"":""edd77b6a-44ec-4dd0-bb6b-129583c5e8f4"",""deployment"":""65be7d91-a0e8-40d7-8fa9-14aa89a4add1"",""replica"":""a840cb83-51a9-4b35-8087-f3b0edb637f4""}",2026-02-24T16:58:01.764763864Z
"  File ""/usr/local/lib/python3.11/site-packages/starlette/_exception_handler.py"", line 53, in wrapped_app","{""level"":""error""}","{""project"":""82a60368-a35f-407d-b91c-fda7c4df0a50"",""environment"":""35a62989-f226-4922-a94f-05b71577983e"",""service"":""edd77b6a-44ec-4dd0-bb6b-129583c5e8f4"",""deployment"":""65be7d91-a0e8-40d7-8fa9-14aa89a4add1"",""replica"":""a840cb83-51a9-4b35-8087-f3b0edb637f4""}",2026-02-24T16:58:01.764768048Z
"    await app(scope, receive, sender)","{""level"":""error""}","{""project"":""82a60368-a35f-407d-b91c-fda7c4df0a50"",""environment"":""35a62989-f226-4922-a94f-05b71577983e"",""service"":""edd77b6a-44ec-4dd0-bb6b-129583c5e8f4"",""deployment"":""65be7d91-a0e8-40d7-8fa9-14aa89a4add1"",""replica"":""a840cb83-51a9-4b35-8087-f3b0edb637f4""}",2026-02-24T16:58:01.766238688Z
"  File ""/usr/local/lib/python3.11/site-packages/starlette/routing.py"", line 762, in __call__","{""level"":""error""}","{""project"":""82a60368-a35f-407d-b91c-fda7c4df0a50"",""environment"":""35a62989-f226-4922-a94f-05b71577983e"",""service"":""edd77b6a-44ec-4dd0-bb6b-129583c5e8f4"",""deployment"":""65be7d91-a0e8-40d7-8fa9-14aa89a4add1"",""replica"":""a840cb83-51a9-4b35-8087-f3b0edb637f4""}",2026-02-24T16:58:01.766246013Z
"    await self.middleware_stack(scope, receive, send)","{""level"":""error""}","{""project"":""82a60368-a35f-407d-b91c-fda7c4df0a50"",""environment"":""35a62989-f226-4922-a94f-05b71577983e"",""service"":""edd77b6a-44ec-4dd0-bb6b-129583c5e8f4"",""deployment"":""65be7d91-a0e8-40d7-8fa9-14aa89a4add1"",""replica"":""a840cb83-51a9-4b35-8087-f3b0edb637f4""}",2026-02-24T16:58:01.766253478Z
"  File ""/usr/local/lib/python3.11/site-packages/starlette/routing.py"", line 782, in app","{""level"":""error""}","{""project"":""82a60368-a35f-407d-b91c-fda7c4df0a50"",""environment"":""35a62989-f226-4922-a94f-05b71577983e"",""service"":""edd77b6a-44ec-4dd0-bb6b-129583c5e8f4"",""deployment"":""65be7d91-a0e8-40d7-8fa9-14aa89a4add1"",""replica"":""a840cb83-51a9-4b35-8087-f3b0edb637f4""}",2026-02-24T16:58:01.766259543Z
"    await route.handle(scope, receive, send)","{""level"":""error""}","{""project"":""82a60368-a35f-407d-b91c-fda7c4df0a50"",""environment"":""35a62989-f226-4922-a94f-05b71577983e"",""service"":""edd77b6a-44ec-4dd0-bb6b-129583c5e8f4"",""deployment"":""65be7d91-a0e8-40d7-8fa9-14aa89a4add1"",""replica"":""a840cb83-51a9-4b35-8087-f3b0edb637f4""}",2026-02-24T16:58:01.766265495Z
"  File ""/usr/local/lib/python3.11/site-packages/starlette/routing.py"", line 297, in handle","{""level"":""error""}","{""project"":""82a60368-a35f-407d-b91c-fda7c4df0a50"",""environment"":""35a62989-f226-4922-a94f-05b71577983e"",""service"":""edd77b6a-44ec-4dd0-bb6b-129583c5e8f4"",""deployment"":""65be7d91-a0e8-40d7-8fa9-14aa89a4add1"",""replica"":""a840cb83-51a9-4b35-8087-f3b0edb637f4""}",2026-02-24T16:58:01.766270100Z
"    await self.app(scope, receive, send)","{""level"":""error""}","{""project"":""82a60368-a35f-407d-b91c-fda7c4df0a50"",""environment"":""35a62989-f226-4922-a94f-05b71577983e"",""service"":""edd77b6a-44ec-4dd0-bb6b-129583c5e8f4"",""deployment"":""65be7d91-a0e8-40d7-8fa9-14aa89a4add1"",""replica"":""a840cb83-51a9-4b35-8087-f3b0edb637f4""}",2026-02-24T16:58:01.766274733Z
"  File ""/usr/local/lib/python3.11/site-packages/starlette/routing.py"", line 77, in app","{""level"":""error""}","{""project"":""82a60368-a35f-407d-b91c-fda7c4df0a50"",""environment"":""35a62989-f226-4922-a94f-05b71577983e"",""service"":""edd77b6a-44ec-4dd0-bb6b-129583c5e8f4"",""deployment"":""65be7d91-a0e8-40d7-8fa9-14aa89a4add1"",""replica"":""a840cb83-51a9-4b35-8087-f3b0edb637f4""}",2026-02-24T16:58:01.766279550Z
"    await wrap_app_handling_exceptions(app, request)(scope, receive, send)","{""level"":""error""}","{""project"":""82a60368-a35f-407d-b91c-fda7c4df0a50"",""environment"":""35a62989-f226-4922-a94f-05b71577983e"",""service"":""edd77b6a-44ec-4dd0-bb6b-129583c5e8f4"",""deployment"":""65be7d91-a0e8-40d7-8fa9-14aa89a4add1"",""replica"":""a840cb83-51a9-4b35-8087-f3b0edb637f4""}",2026-02-24T16:58:01.766284456Z
"  File ""/usr/local/lib/python3.11/site-packages/starlette/_exception_handler.py"", line 64, in wrapped_app","{""level"":""error""}","{""project"":""82a60368-a35f-407d-b91c-fda7c4df0a50"",""environment"":""35a62989-f226-4922-a94f-05b71577983e"",""service"":""edd77b6a-44ec-4dd0-bb6b-129583c5e8f4"",""deployment"":""65be7d91-a0e8-40d7-8fa9-14aa89a4add1"",""replica"":""a840cb83-51a9-4b35-8087-f3b0edb637f4""}",2026-02-24T16:58:01.766289438Z
    raise exc,"{""level"":""error""}","{""project"":""82a60368-a35f-407d-b91c-fda7c4df0a50"",""environment"":""35a62989-f226-4922-a94f-05b71577983e"",""service"":""edd77b6a-44ec-4dd0-bb6b-129583c5e8f4"",""deployment"":""65be7d91-a0e8-40d7-8fa9-14aa89a4add1"",""replica"":""a840cb83-51a9-4b35-8087-f3b0edb637f4""}",2026-02-24T16:58:01.766295145Z
"  File ""/usr/local/lib/python3.11/site-packages/starlette/_exception_handler.py"", line 53, in wrapped_app","{""level"":""error""}","{""project"":""82a60368-a35f-407d-b91c-fda7c4df0a50"",""environment"":""35a62989-f226-4922-a94f-05b71577983e"",""service"":""edd77b6a-44ec-4dd0-bb6b-129583c5e8f4"",""deployment"":""65be7d91-a0e8-40d7-8fa9-14aa89a4add1"",""replica"":""a840cb83-51a9-4b35-8087-f3b0edb637f4""}",2026-02-24T16:58:01.766299906Z
"    await app(scope, receive, sender)","{""level"":""error""}","{""project"":""82a60368-a35f-407d-b91c-fda7c4df0a50"",""environment"":""35a62989-f226-4922-a94f-05b71577983e"",""service"":""edd77b6a-44ec-4dd0-bb6b-129583c5e8f4"",""deployment"":""65be7d91-a0e8-40d7-8fa9-14aa89a4add1"",""replica"":""a840cb83-51a9-4b35-8087-f3b0edb637f4""}",2026-02-24T16:58:01.766304832Z
"  File ""/usr/local/lib/python3.11/site-packages/starlette/routing.py"", line 72, in app","{""level"":""error""}","{""project"":""82a60368-a35f-407d-b91c-fda7c4df0a50"",""environment"":""35a62989-f226-4922-a94f-05b71577983e"",""service"":""edd77b6a-44ec-4dd0-bb6b-129583c5e8f4"",""deployment"":""65be7d91-a0e8-40d7-8fa9-14aa89a4add1"",""replica"":""a840cb83-51a9-4b35-8087-f3b0edb637f4""}",2026-02-24T16:58:01.766309363Z
    response = await func(request),"{""level"":""error""}","{""project"":""82a60368-a35f-407d-b91c-fda7c4df0a50"",""environment"":""35a62989-f226-4922-a94f-05b71577983e"",""service"":""edd77b6a-44ec-4dd0-bb6b-129583c5e8f4"",""deployment"":""65be7d91-a0e8-40d7-8fa9-14aa89a4add1"",""replica"":""a840cb83-51a9-4b35-8087-f3b0edb637f4""}",2026-02-24T16:58:01.766314116Z
               ^^^^^^^^^^^^^^^^^^^,"{""level"":""error""}","{""project"":""82a60368-a35f-407d-b91c-fda7c4df0a50"",""environment"":""35a62989-f226-4922-a94f-05b71577983e"",""service"":""edd77b6a-44ec-4dd0-bb6b-129583c5e8f4"",""deployment"":""65be7d91-a0e8-40d7-8fa9-14aa89a4add1"",""replica"":""a840cb83-51a9-4b35-8087-f3b0edb637f4""}",2026-02-24T16:58:01.766318656Z
"  File ""/usr/local/lib/python3.11/site-packages/fastapi/routing.py"", line 299, in app","{""level"":""error""}","{""project"":""82a60368-a35f-407d-b91c-fda7c4df0a50"",""environment"":""35a62989-f226-4922-a94f-05b71577983e"",""service"":""edd77b6a-44ec-4dd0-bb6b-129583c5e8f4"",""deployment"":""65be7d91-a0e8-40d7-8fa9-14aa89a4add1"",""replica"":""a840cb83-51a9-4b35-8087-f3b0edb637f4""}",2026-02-24T16:58:01.766324110Z
    raise e,"{""level"":""error""}","{""project"":""82a60368-a35f-407d-b91c-fda7c4df0a50"",""environment"":""35a62989-f226-4922-a94f-05b71577983e"",""service"":""edd77b6a-44ec-4dd0-bb6b-129583c5e8f4"",""deployment"":""65be7d91-a0e8-40d7-8fa9-14aa89a4add1"",""replica"":""a840cb83-51a9-4b35-8087-f3b0edb637f4""}",2026-02-24T16:58:01.766328790Z
"  File ""/usr/local/lib/python3.11/site-packages/fastapi/routing.py"", line 294, in app","{""level"":""error""}","{""project"":""82a60368-a35f-407d-b91c-fda7c4df0a50"",""environment"":""35a62989-f226-4922-a94f-05b71577983e"",""service"":""edd77b6a-44ec-4dd0-bb6b-129583c5e8f4"",""deployment"":""65be7d91-a0e8-40d7-8fa9-14aa89a4add1"",""replica"":""a840cb83-51a9-4b35-8087-f3b0edb637f4""}",2026-02-24T16:58:01.766333511Z
    conn = self._connection_for_bind(bind),"{""level"":""error""}","{""project"":""82a60368-a35f-407d-b91c-fda7c4df0a50"",""environment"":""35a62989-f226-4922-a94f-05b71577983e"",""service"":""edd77b6a-44ec-4dd0-bb6b-129583c5e8f4"",""deployment"":""65be7d91-a0e8-40d7-8fa9-14aa89a4add1"",""replica"":""a840cb83-51a9-4b35-8087-f3b0edb637f4""}",2026-02-24T16:58:01.767293849Z
    raw_response = await run_endpoint_function(,"{""level"":""error""}","{""project"":""82a60368-a35f-407d-b91c-fda7c4df0a50"",""environment"":""35a62989-f226-4922-a94f-05b71577983e"",""service"":""edd77b6a-44ec-4dd0-bb6b-129583c5e8f4"",""deployment"":""65be7d91-a0e8-40d7-8fa9-14aa89a4add1"",""replica"":""a840cb83-51a9-4b35-8087-f3b0edb637f4""}",2026-02-24T16:58:01.767301671Z
           ^^^^^^^^^^^^^^^^^^^^^^^^^^^^^^^,"{""level"":""error""}","{""project"":""82a60368-a35f-407d-b91c-fda7c4df0a50"",""environment"":""35a62989-f226-4922-a94f-05b71577983e"",""service"":""edd77b6a-44ec-4dd0-bb6b-129583c5e8f4"",""deployment"":""65be7d91-a0e8-40d7-8fa9-14aa89a4add1"",""replica"":""a840cb83-51a9-4b35-8087-f3b0edb637f4""}",2026-02-24T16:58:01.767304749Z
                   ^^^^^^^^^^^^^^^^^^^^^^^^^^^^,"{""level"":""error""}","{""project"":""82a60368-a35f-407d-b91c-fda7c4df0a50"",""environment"":""35a62989-f226-4922-a94f-05b71577983e"",""service"":""edd77b6a-44ec-4dd0-bb6b-129583c5e8f4"",""deployment"":""65be7d91-a0e8-40d7-8fa9-14aa89a4add1"",""replica"":""a840cb83-51a9-4b35-8087-f3b0edb637f4""}",2026-02-24T16:58:01.767309171Z
"  File ""/usr/local/lib/python3.11/site-packages/fastapi/routing.py"", line 191, in run_endpoint_function","{""level"":""error""}","{""project"":""82a60368-a35f-407d-b91c-fda7c4df0a50"",""environment"":""35a62989-f226-4922-a94f-05b71577983e"",""service"":""edd77b6a-44ec-4dd0-bb6b-129583c5e8f4"",""deployment"":""65be7d91-a0e8-40d7-8fa9-14aa89a4add1"",""replica"":""a840cb83-51a9-4b35-8087-f3b0edb637f4""}",2026-02-24T16:58:01.767312782Z
    return await dependant.call(**values),"{""level"":""error""}","{""project"":""82a60368-a35f-407d-b91c-fda7c4df0a50"",""environment"":""35a62989-f226-4922-a94f-05b71577983e"",""service"":""edd77b6a-44ec-4dd0-bb6b-129583c5e8f4"",""deployment"":""65be7d91-a0e8-40d7-8fa9-14aa89a4add1"",""replica"":""a840cb83-51a9-4b35-8087-f3b0edb637f4""}",2026-02-24T16:58:01.767316299Z
           ^^^^^^^^^^^^^^^^^^^^^^^^^^^^^^,"{""level"":""error""}","{""project"":""82a60368-a35f-407d-b91c-fda7c4df0a50"",""environment"":""35a62989-f226-4922-a94f-05b71577983e"",""service"":""edd77b6a-44ec-4dd0-bb6b-129583c5e8f4"",""deployment"":""65be7d91-a0e8-40d7-8fa9-14aa89a4add1"",""replica"":""a840cb83-51a9-4b35-8087-f3b0edb637f4""}",2026-02-24T16:58:01.767319936Z
"  File ""/app/api/v1/endpoints/admin.py"", line 32, in get_admin_stats","{""level"":""error""}","{""project"":""82a60368-a35f-407d-b91c-fda7c4df0a50"",""environment"":""35a62989-f226-4922-a94f-05b71577983e"",""service"":""edd77b6a-44ec-4dd0-bb6b-129583c5e8f4"",""deployment"":""65be7d91-a0e8-40d7-8fa9-14aa89a4add1"",""replica"":""a840cb83-51a9-4b35-8087-f3b0edb637f4""}",2026-02-24T16:58:01.767323551Z
    result = await db.execute(select(func.count(Client.id))),"{""level"":""error""}","{""project"":""82a60368-a35f-407d-b91c-fda7c4df0a50"",""environment"":""35a62989-f226-4922-a94f-05b71577983e"",""service"":""edd77b6a-44ec-4dd0-bb6b-129583c5e8f4"",""deployment"":""65be7d91-a0e8-40d7-8fa9-14aa89a4add1"",""replica"":""a840cb83-51a9-4b35-8087-f3b0edb637f4""}",2026-02-24T16:58:01.767327310Z
             ^^^^^^^^^^^^^^^^^^^^^^^^^^^^^^^^^^^^^^^^^^^^^^^,"{""level"":""error""}","{""project"":""82a60368-a35f-407d-b91c-fda7c4df0a50"",""environment"":""35a62989-f226-4922-a94f-05b71577983e"",""service"":""edd77b6a-44ec-4dd0-bb6b-129583c5e8f4"",""deployment"":""65be7d91-a0e8-40d7-8fa9-14aa89a4add1"",""replica"":""a840cb83-51a9-4b35-8087-f3b0edb637f4""}",2026-02-24T16:58:01.767330913Z
"  File ""/usr/local/lib/python3.11/site-packages/sqlalchemy/ext/asyncio/session.py"", line 454, in execute","{""level"":""error""}","{""project"":""82a60368-a35f-407d-b91c-fda7c4df0a50"",""environment"":""35a62989-f226-4922-a94f-05b71577983e"",""service"":""edd77b6a-44ec-4dd0-bb6b-129583c5e8f4"",""deployment"":""65be7d91-a0e8-40d7-8fa9-14aa89a4add1"",""replica"":""a840cb83-51a9-4b35-8087-f3b0edb637f4""}",2026-02-24T16:58:01.767334267Z
    result = await greenlet_spawn(,"{""level"":""error""}","{""project"":""82a60368-a35f-407d-b91c-fda7c4df0a50"",""environment"":""35a62989-f226-4922-a94f-05b71577983e"",""service"":""edd77b6a-44ec-4dd0-bb6b-129583c5e8f4"",""deployment"":""65be7d91-a0e8-40d7-8fa9-14aa89a4add1"",""replica"":""a840cb83-51a9-4b35-8087-f3b0edb637f4""}",2026-02-24T16:58:01.767337689Z
             ^^^^^^^^^^^^^^^^^^^^^,"{""level"":""error""}","{""project"":""82a60368-a35f-407d-b91c-fda7c4df0a50"",""environment"":""35a62989-f226-4922-a94f-05b71577983e"",""service"":""edd77b6a-44ec-4dd0-bb6b-129583c5e8f4"",""deployment"":""65be7d91-a0e8-40d7-8fa9-14aa89a4add1"",""replica"":""a840cb83-51a9-4b35-8087-f3b0edb637f4""}",2026-02-24T16:58:01.767341247Z
"  File ""/usr/local/lib/python3.11/site-packages/sqlalchemy/util/_concurrency_py3k.py"", line 190, in greenlet_spawn","{""level"":""error""}","{""project"":""82a60368-a35f-407d-b91c-fda7c4df0a50"",""environment"":""35a62989-f226-4922-a94f-05b71577983e"",""service"":""edd77b6a-44ec-4dd0-bb6b-129583c5e8f4"",""deployment"":""65be7d91-a0e8-40d7-8fa9-14aa89a4add1"",""replica"":""a840cb83-51a9-4b35-8087-f3b0edb637f4""}",2026-02-24T16:58:01.767345068Z
    result = context.throw(*sys.exc_info()),"{""level"":""error""}","{""project"":""82a60368-a35f-407d-b91c-fda7c4df0a50"",""environment"":""35a62989-f226-4922-a94f-05b71577983e"",""service"":""edd77b6a-44ec-4dd0-bb6b-129583c5e8f4"",""deployment"":""65be7d91-a0e8-40d7-8fa9-14aa89a4add1"",""replica"":""a840cb83-51a9-4b35-8087-f3b0edb637f4""}",2026-02-24T16:58:01.767350042Z
             ^^^^^^^^^^^^^^^^^^^^^^^^^^^^^^,"{""level"":""error""}","{""project"":""82a60368-a35f-407d-b91c-fda7c4df0a50"",""environment"":""35a62989-f226-4922-a94f-05b71577983e"",""service"":""edd77b6a-44ec-4dd0-bb6b-129583c5e8f4"",""deployment"":""65be7d91-a0e8-40d7-8fa9-14aa89a4add1"",""replica"":""a840cb83-51a9-4b35-8087-f3b0edb637f4""}",2026-02-24T16:58:01.767354024Z
"  File ""/usr/local/lib/python3.11/site-packages/sqlalchemy/orm/session.py"", line 2262, in execute","{""level"":""error""}","{""project"":""82a60368-a35f-407d-b91c-fda7c4df0a50"",""environment"":""35a62989-f226-4922-a94f-05b71577983e"",""service"":""edd77b6a-44ec-4dd0-bb6b-129583c5e8f4"",""deployment"":""65be7d91-a0e8-40d7-8fa9-14aa89a4add1"",""replica"":""a840cb83-51a9-4b35-8087-f3b0edb637f4""}",2026-02-24T16:58:01.767357154Z
    return self._execute_internal(,"{""level"":""error""}","{""project"":""82a60368-a35f-407d-b91c-fda7c4df0a50"",""environment"":""35a62989-f226-4922-a94f-05b71577983e"",""service"":""edd77b6a-44ec-4dd0-bb6b-129583c5e8f4"",""deployment"":""65be7d91-a0e8-40d7-8fa9-14aa89a4add1"",""replica"":""a840cb83-51a9-4b35-8087-f3b0edb637f4""}",2026-02-24T16:58:01.767360476Z
           ^^^^^^^^^^^^^^^^^^^^^^^,"{""level"":""error""}","{""project"":""82a60368-a35f-407d-b91c-fda7c4df0a50"",""environment"":""35a62989-f226-4922-a94f-05b71577983e"",""service"":""edd77b6a-44ec-4dd0-bb6b-129583c5e8f4"",""deployment"":""65be7d91-a0e8-40d7-8fa9-14aa89a4add1"",""replica"":""a840cb83-51a9-4b35-8087-f3b0edb637f4""}",2026-02-24T16:58:01.767364125Z
"  File ""/usr/local/lib/python3.11/site-packages/sqlalchemy/orm/session.py"", line 2134, in _execute_internal","{""level"":""error""}","{""project"":""82a60368-a35f-407d-b91c-fda7c4df0a50"",""environment"":""35a62989-f226-4922-a94f-05b71577983e"",""service"":""edd77b6a-44ec-4dd0-bb6b-129583c5e8f4"",""deployment"":""65be7d91-a0e8-40d7-8fa9-14aa89a4add1"",""replica"":""a840cb83-51a9-4b35-8087-f3b0edb637f4""}",2026-02-24T16:58:01.767367919Z
"  File ""/usr/local/lib/python3.11/site-packages/sqlalchemy/engine/base.py"", line 3288, in raw_connection","{""level"":""error""}","{""project"":""82a60368-a35f-407d-b91c-fda7c4df0a50"",""environment"":""35a62989-f226-4922-a94f-05b71577983e"",""service"":""edd77b6a-44ec-4dd0-bb6b-129583c5e8f4"",""deployment"":""65be7d91-a0e8-40d7-8fa9-14aa89a4add1"",""replica"":""a840cb83-51a9-4b35-8087-f3b0edb637f4""}",2026-02-24T16:58:01.768970055Z
    return self.pool.connect(),"{""level"":""error""}","{""project"":""82a60368-a35f-407d-b91c-fda7c4df0a50"",""environment"":""35a62989-f226-4922-a94f-05b71577983e"",""service"":""edd77b6a-44ec-4dd0-bb6b-129583c5e8f4"",""deployment"":""65be7d91-a0e8-40d7-8fa9-14aa89a4add1"",""replica"":""a840cb83-51a9-4b35-8087-f3b0edb637f4""}",2026-02-24T16:58:01.768980343Z
"  File ""/usr/local/lib/python3.11/site-packages/sqlalchemy/orm/session.py"", line 2001, in _connection_for_bind","{""level"":""error""}","{""project"":""82a60368-a35f-407d-b91c-fda7c4df0a50"",""environment"":""35a62989-f226-4922-a94f-05b71577983e"",""service"":""edd77b6a-44ec-4dd0-bb6b-129583c5e8f4"",""deployment"":""65be7d91-a0e8-40d7-8fa9-14aa89a4add1"",""replica"":""a840cb83-51a9-4b35-8087-f3b0edb637f4""}",2026-02-24T16:58:01.768985233Z
           ^^^^^^^^^^^^^^^^^^^,"{""level"":""error""}","{""project"":""82a60368-a35f-407d-b91c-fda7c4df0a50"",""environment"":""35a62989-f226-4922-a94f-05b71577983e"",""service"":""edd77b6a-44ec-4dd0-bb6b-129583c5e8f4"",""deployment"":""65be7d91-a0e8-40d7-8fa9-14aa89a4add1"",""replica"":""a840cb83-51a9-4b35-8087-f3b0edb637f4""}",2026-02-24T16:58:01.768990916Z
"    return trans._connection_for_bind(engine, execution_options)","{""level"":""error""}","{""project"":""82a60368-a35f-407d-b91c-fda7c4df0a50"",""environment"":""35a62989-f226-4922-a94f-05b71577983e"",""service"":""edd77b6a-44ec-4dd0-bb6b-129583c5e8f4"",""deployment"":""65be7d91-a0e8-40d7-8fa9-14aa89a4add1"",""replica"":""a840cb83-51a9-4b35-8087-f3b0edb637f4""}",2026-02-24T16:58:01.768996162Z
"  File ""/usr/local/lib/python3.11/site-packages/sqlalchemy/pool/base.py"", line 452, in connect","{""level"":""error""}","{""project"":""82a60368-a35f-407d-b91c-fda7c4df0a50"",""environment"":""35a62989-f226-4922-a94f-05b71577983e"",""service"":""edd77b6a-44ec-4dd0-bb6b-129583c5e8f4"",""deployment"":""65be7d91-a0e8-40d7-8fa9-14aa89a4add1"",""replica"":""a840cb83-51a9-4b35-8087-f3b0edb637f4""}",2026-02-24T16:58:01.769003129Z
           ^^^^^^^^^^^^^^^^^^^^^^^^^^^^^^^^^^^^^^^^^^^^^^^^^^^^^,"{""level"":""error""}","{""project"":""82a60368-a35f-407d-b91c-fda7c4df0a50"",""environment"":""35a62989-f226-4922-a94f-05b71577983e"",""service"":""edd77b6a-44ec-4dd0-bb6b-129583c5e8f4"",""deployment"":""65be7d91-a0e8-40d7-8fa9-14aa89a4add1"",""replica"":""a840cb83-51a9-4b35-8087-f3b0edb637f4""}",2026-02-24T16:58:01.769004563Z
"  File ""<string>"", line 2, in _connection_for_bind","{""level"":""error""}","{""project"":""82a60368-a35f-407d-b91c-fda7c4df0a50"",""environment"":""35a62989-f226-4922-a94f-05b71577983e"",""service"":""edd77b6a-44ec-4dd0-bb6b-129583c5e8f4"",""deployment"":""65be7d91-a0e8-40d7-8fa9-14aa89a4add1"",""replica"":""a840cb83-51a9-4b35-8087-f3b0edb637f4""}",2026-02-24T16:58:01.769010740Z
"  File ""/usr/local/lib/python3.11/site-packages/sqlalchemy/orm/state_changes.py"", line 139, in _go","{""level"":""error""}","{""project"":""82a60368-a35f-407d-b91c-fda7c4df0a50"",""environment"":""35a62989-f226-4922-a94f-05b71577983e"",""service"":""edd77b6a-44ec-4dd0-bb6b-129583c5e8f4"",""deployment"":""65be7d91-a0e8-40d7-8fa9-14aa89a4add1"",""replica"":""a840cb83-51a9-4b35-8087-f3b0edb637f4""}",2026-02-24T16:58:01.769016095Z
"    ret_value = fn(self, *arg, **kw)","{""level"":""error""}","{""project"":""82a60368-a35f-407d-b91c-fda7c4df0a50"",""environment"":""35a62989-f226-4922-a94f-05b71577983e"",""service"":""edd77b6a-44ec-4dd0-bb6b-129583c5e8f4"",""deployment"":""65be7d91-a0e8-40d7-8fa9-14aa89a4add1"",""replica"":""a840cb83-51a9-4b35-8087-f3b0edb637f4""}",2026-02-24T16:58:01.769021828Z
                ^^^^^^^^^^^^^^^^^^^^,"{""level"":""error""}","{""project"":""82a60368-a35f-407d-b91c-fda7c4df0a50"",""environment"":""35a62989-f226-4922-a94f-05b71577983e"",""service"":""edd77b6a-44ec-4dd0-bb6b-129583c5e8f4"",""deployment"":""65be7d91-a0e8-40d7-8fa9-14aa89a4add1"",""replica"":""a840cb83-51a9-4b35-8087-f3b0edb637f4""}",2026-02-24T16:58:01.769027394Z
"  File ""/usr/local/lib/python3.11/site-packages/sqlalchemy/orm/session.py"", line 1126, in _connection_for_bind","{""level"":""error""}","{""project"":""82a60368-a35f-407d-b91c-fda7c4df0a50"",""environment"":""35a62989-f226-4922-a94f-05b71577983e"",""service"":""edd77b6a-44ec-4dd0-bb6b-129583c5e8f4"",""deployment"":""65be7d91-a0e8-40d7-8fa9-14aa89a4add1"",""replica"":""a840cb83-51a9-4b35-8087-f3b0edb637f4""}",2026-02-24T16:58:01.769032596Z
    conn = bind.connect(),"{""level"":""error""}","{""project"":""82a60368-a35f-407d-b91c-fda7c4df0a50"",""environment"":""35a62989-f226-4922-a94f-05b71577983e"",""service"":""edd77b6a-44ec-4dd0-bb6b-129583c5e8f4"",""deployment"":""65be7d91-a0e8-40d7-8fa9-14aa89a4add1"",""replica"":""a840cb83-51a9-4b35-8087-f3b0edb637f4""}",2026-02-24T16:58:01.769037213Z
           ^^^^^^^^^^^^^^,"{""level"":""error""}","{""project"":""82a60368-a35f-407d-b91c-fda7c4df0a50"",""environment"":""35a62989-f226-4922-a94f-05b71577983e"",""service"":""edd77b6a-44ec-4dd0-bb6b-129583c5e8f4"",""deployment"":""65be7d91-a0e8-40d7-8fa9-14aa89a4add1"",""replica"":""a840cb83-51a9-4b35-8087-f3b0edb637f4""}",2026-02-24T16:58:01.769041864Z
"  File ""/usr/local/lib/python3.11/site-packages/sqlalchemy/engine/base.py"", line 3264, in connect","{""level"":""error""}","{""project"":""82a60368-a35f-407d-b91c-fda7c4df0a50"",""environment"":""35a62989-f226-4922-a94f-05b71577983e"",""service"":""edd77b6a-44ec-4dd0-bb6b-129583c5e8f4"",""deployment"":""65be7d91-a0e8-40d7-8fa9-14aa89a4add1"",""replica"":""a840cb83-51a9-4b35-8087-f3b0edb637f4""}",2026-02-24T16:58:01.769046897Z
    return self._connection_cls(self),"{""level"":""error""}","{""project"":""82a60368-a35f-407d-b91c-fda7c4df0a50"",""environment"":""35a62989-f226-4922-a94f-05b71577983e"",""service"":""edd77b6a-44ec-4dd0-bb6b-129583c5e8f4"",""deployment"":""65be7d91-a0e8-40d7-8fa9-14aa89a4add1"",""replica"":""a840cb83-51a9-4b35-8087-f3b0edb637f4""}",2026-02-24T16:58:01.769051812Z
           ^^^^^^^^^^^^^^^^^^^^^^^^^^,"{""level"":""error""}","{""project"":""82a60368-a35f-407d-b91c-fda7c4df0a50"",""environment"":""35a62989-f226-4922-a94f-05b71577983e"",""service"":""edd77b6a-44ec-4dd0-bb6b-129583c5e8f4"",""deployment"":""65be7d91-a0e8-40d7-8fa9-14aa89a4add1"",""replica"":""a840cb83-51a9-4b35-8087-f3b0edb637f4""}",2026-02-24T16:58:01.769056900Z
"  File ""/usr/local/lib/python3.11/site-packages/sqlalchemy/engine/base.py"", line 145, in __init__","{""level"":""error""}","{""project"":""82a60368-a35f-407d-b91c-fda7c4df0a50"",""environment"":""35a62989-f226-4922-a94f-05b71577983e"",""service"":""edd77b6a-44ec-4dd0-bb6b-129583c5e8f4"",""deployment"":""65be7d91-a0e8-40d7-8fa9-14aa89a4add1"",""replica"":""a840cb83-51a9-4b35-8087-f3b0edb637f4""}",2026-02-24T16:58:01.769061815Z
    self._dbapi_connection = engine.raw_connection(),"{""level"":""error""}","{""project"":""82a60368-a35f-407d-b91c-fda7c4df0a50"",""environment"":""35a62989-f226-4922-a94f-05b71577983e"",""service"":""edd77b6a-44ec-4dd0-bb6b-129583c5e8f4"",""deployment"":""65be7d91-a0e8-40d7-8fa9-14aa89a4add1"",""replica"":""a840cb83-51a9-4b35-8087-f3b0edb637f4""}",2026-02-24T16:58:01.769066818Z
                             ^^^^^^^^^^^^^^^^^^^^^^^,"{""level"":""error""}","{""project"":""82a60368-a35f-407d-b91c-fda7c4df0a50"",""environment"":""35a62989-f226-4922-a94f-05b71577983e"",""service"":""edd77b6a-44ec-4dd0-bb6b-129583c5e8f4"",""deployment"":""65be7d91-a0e8-40d7-8fa9-14aa89a4add1"",""replica"":""a840cb83-51a9-4b35-8087-f3b0edb637f4""}",2026-02-24T16:58:01.769071596Z
    return self._create_connection(),"{""level"":""error""}","{""project"":""82a60368-a35f-407d-b91c-fda7c4df0a50"",""environment"":""35a62989-f226-4922-a94f-05b71577983e"",""service"":""edd77b6a-44ec-4dd0-bb6b-129583c5e8f4"",""deployment"":""65be7d91-a0e8-40d7-8fa9-14aa89a4add1"",""replica"":""a840cb83-51a9-4b35-8087-f3b0edb637f4""}",2026-02-24T16:58:01.770516746Z
           ^^^^^^^^^^^^^^^^^^^^^^^^^,"{""level"":""error""}","{""project"":""82a60368-a35f-407d-b91c-fda7c4df0a50"",""environment"":""35a62989-f226-4922-a94f-05b71577983e"",""service"":""edd77b6a-44ec-4dd0-bb6b-129583c5e8f4"",""deployment"":""65be7d91-a0e8-40d7-8fa9-14aa89a4add1"",""replica"":""a840cb83-51a9-4b35-8087-f3b0edb637f4""}",2026-02-24T16:58:01.770524271Z
"  File ""/usr/local/lib/python3.11/site-packages/sqlalchemy/pool/base.py"", line 393, in _create_connection","{""level"":""error""}","{""project"":""82a60368-a35f-407d-b91c-fda7c4df0a50"",""environment"":""35a62989-f226-4922-a94f-05b71577983e"",""service"":""edd77b6a-44ec-4dd0-bb6b-129583c5e8f4"",""deployment"":""65be7d91-a0e8-40d7-8fa9-14aa89a4add1"",""replica"":""a840cb83-51a9-4b35-8087-f3b0edb637f4""}",2026-02-24T16:58:01.770533596Z
    return _ConnectionFairy._checkout(self),"{""level"":""error""}","{""project"":""82a60368-a35f-407d-b91c-fda7c4df0a50"",""environment"":""35a62989-f226-4922-a94f-05b71577983e"",""service"":""edd77b6a-44ec-4dd0-bb6b-129583c5e8f4"",""deployment"":""65be7d91-a0e8-40d7-8fa9-14aa89a4add1"",""replica"":""a840cb83-51a9-4b35-8087-f3b0edb637f4""}",2026-02-24T16:58:01.770536312Z
    return _ConnectionRecord(self),"{""level"":""error""}","{""project"":""82a60368-a35f-407d-b91c-fda7c4df0a50"",""environment"":""35a62989-f226-4922-a94f-05b71577983e"",""service"":""edd77b6a-44ec-4dd0-bb6b-129583c5e8f4"",""deployment"":""65be7d91-a0e8-40d7-8fa9-14aa89a4add1"",""replica"":""a840cb83-51a9-4b35-8087-f3b0edb637f4""}",2026-02-24T16:58:01.770543334Z
           ^^^^^^^^^^^^^^^^^^^^^^^^^^^^^^^^,"{""level"":""error""}","{""project"":""82a60368-a35f-407d-b91c-fda7c4df0a50"",""environment"":""35a62989-f226-4922-a94f-05b71577983e"",""service"":""edd77b6a-44ec-4dd0-bb6b-129583c5e8f4"",""deployment"":""65be7d91-a0e8-40d7-8fa9-14aa89a4add1"",""replica"":""a840cb83-51a9-4b35-8087-f3b0edb637f4""}",2026-02-24T16:58:01.770549631Z
           ^^^^^^^^^^^^^^^^^^^^^^^,"{""level"":""error""}","{""project"":""82a60368-a35f-407d-b91c-fda7c4df0a50"",""environment"":""35a62989-f226-4922-a94f-05b71577983e"",""service"":""edd77b6a-44ec-4dd0-bb6b-129583c5e8f4"",""deployment"":""65be7d91-a0e8-40d7-8fa9-14aa89a4add1"",""replica"":""a840cb83-51a9-4b35-8087-f3b0edb637f4""}",2026-02-24T16:58:01.770553642Z
"  File ""/usr/local/lib/python3.11/site-packages/sqlalchemy/pool/base.py"", line 1267, in _checkout","{""level"":""error""}","{""project"":""82a60368-a35f-407d-b91c-fda7c4df0a50"",""environment"":""35a62989-f226-4922-a94f-05b71577983e"",""service"":""edd77b6a-44ec-4dd0-bb6b-129583c5e8f4"",""deployment"":""65be7d91-a0e8-40d7-8fa9-14aa89a4add1"",""replica"":""a840cb83-51a9-4b35-8087-f3b0edb637f4""}",2026-02-24T16:58:01.770559828Z
"  File ""/usr/local/lib/python3.11/site-packages/sqlalchemy/pool/base.py"", line 678, in __init__","{""level"":""error""}","{""project"":""82a60368-a35f-407d-b91c-fda7c4df0a50"",""environment"":""35a62989-f226-4922-a94f-05b71577983e"",""service"":""edd77b6a-44ec-4dd0-bb6b-129583c5e8f4"",""deployment"":""65be7d91-a0e8-40d7-8fa9-14aa89a4add1"",""replica"":""a840cb83-51a9-4b35-8087-f3b0edb637f4""}",2026-02-24T16:58:01.770563554Z
    fairy = _ConnectionRecord.checkout(pool),"{""level"":""error""}","{""project"":""82a60368-a35f-407d-b91c-fda7c4df0a50"",""environment"":""35a62989-f226-4922-a94f-05b71577983e"",""service"":""edd77b6a-44ec-4dd0-bb6b-129583c5e8f4"",""deployment"":""65be7d91-a0e8-40d7-8fa9-14aa89a4add1"",""replica"":""a840cb83-51a9-4b35-8087-f3b0edb637f4""}",2026-02-24T16:58:01.770570311Z
    self.__connect(),"{""level"":""error""}","{""project"":""82a60368-a35f-407d-b91c-fda7c4df0a50"",""environment"":""35a62989-f226-4922-a94f-05b71577983e"",""service"":""edd77b6a-44ec-4dd0-bb6b-129583c5e8f4"",""deployment"":""65be7d91-a0e8-40d7-8fa9-14aa89a4add1"",""replica"":""a840cb83-51a9-4b35-8087-f3b0edb637f4""}",2026-02-24T16:58:01.770573160Z
            ^^^^^^^^^^^^^^^^^^^^^^^^^^^^^^^^,"{""level"":""error""}","{""project"":""82a60368-a35f-407d-b91c-fda7c4df0a50"",""environment"":""35a62989-f226-4922-a94f-05b71577983e"",""service"":""edd77b6a-44ec-4dd0-bb6b-129583c5e8f4"",""deployment"":""65be7d91-a0e8-40d7-8fa9-14aa89a4add1"",""replica"":""a840cb83-51a9-4b35-8087-f3b0edb637f4""}",2026-02-24T16:58:01.770579076Z
"  File ""/usr/local/lib/python3.11/site-packages/sqlalchemy/pool/base.py"", line 916, in __connect","{""level"":""error""}","{""project"":""82a60368-a35f-407d-b91c-fda7c4df0a50"",""environment"":""35a62989-f226-4922-a94f-05b71577983e"",""service"":""edd77b6a-44ec-4dd0-bb6b-129583c5e8f4"",""deployment"":""65be7d91-a0e8-40d7-8fa9-14aa89a4add1"",""replica"":""a840cb83-51a9-4b35-8087-f3b0edb637f4""}",2026-02-24T16:58:01.770583149Z
"  File ""/usr/local/lib/python3.11/site-packages/sqlalchemy/pool/base.py"", line 716, in checkout","{""level"":""error""}","{""project"":""82a60368-a35f-407d-b91c-fda7c4df0a50"",""environment"":""35a62989-f226-4922-a94f-05b71577983e"",""service"":""edd77b6a-44ec-4dd0-bb6b-129583c5e8f4"",""deployment"":""65be7d91-a0e8-40d7-8fa9-14aa89a4add1"",""replica"":""a840cb83-51a9-4b35-8087-f3b0edb637f4""}",2026-02-24T16:58:01.770587796Z
    rec = pool._do_get(),"{""level"":""error""}","{""project"":""82a60368-a35f-407d-b91c-fda7c4df0a50"",""environment"":""35a62989-f226-4922-a94f-05b71577983e"",""service"":""edd77b6a-44ec-4dd0-bb6b-129583c5e8f4"",""deployment"":""65be7d91-a0e8-40d7-8fa9-14aa89a4add1"",""replica"":""a840cb83-51a9-4b35-8087-f3b0edb637f4""}",2026-02-24T16:58:01.770592649Z
          ^^^^^^^^^^^^^^,"{""level"":""error""}","{""project"":""82a60368-a35f-407d-b91c-fda7c4df0a50"",""environment"":""35a62989-f226-4922-a94f-05b71577983e"",""service"":""edd77b6a-44ec-4dd0-bb6b-129583c5e8f4"",""deployment"":""65be7d91-a0e8-40d7-8fa9-14aa89a4add1"",""replica"":""a840cb83-51a9-4b35-8087-f3b0edb637f4""}",2026-02-24T16:58:01.770597354Z
"  File ""/usr/local/lib/python3.11/site-packages/sqlalchemy/pool/impl.py"", line 169, in _do_get","{""level"":""error""}","{""project"":""82a60368-a35f-407d-b91c-fda7c4df0a50"",""environment"":""35a62989-f226-4922-a94f-05b71577983e"",""service"":""edd77b6a-44ec-4dd0-bb6b-129583c5e8f4"",""deployment"":""65be7d91-a0e8-40d7-8fa9-14aa89a4add1"",""replica"":""a840cb83-51a9-4b35-8087-f3b0edb637f4""}",2026-02-24T16:58:01.770601401Z
    with util.safe_reraise():,"{""level"":""error""}","{""project"":""82a60368-a35f-407d-b91c-fda7c4df0a50"",""environment"":""35a62989-f226-4922-a94f-05b71577983e"",""service"":""edd77b6a-44ec-4dd0-bb6b-129583c5e8f4"",""deployment"":""65be7d91-a0e8-40d7-8fa9-14aa89a4add1"",""replica"":""a840cb83-51a9-4b35-8087-f3b0edb637f4""}",2026-02-24T16:58:01.770605556Z
"  File ""/usr/local/lib/python3.11/site-packages/sqlalchemy/util/langhelpers.py"", line 146, in __exit__","{""level"":""error""}","{""project"":""82a60368-a35f-407d-b91c-fda7c4df0a50"",""environment"":""35a62989-f226-4922-a94f-05b71577983e"",""service"":""edd77b6a-44ec-4dd0-bb6b-129583c5e8f4"",""deployment"":""65be7d91-a0e8-40d7-8fa9-14aa89a4add1"",""replica"":""a840cb83-51a9-4b35-8087-f3b0edb637f4""}",2026-02-24T16:58:01.770609120Z
    raise exc_value.with_traceback(exc_tb),"{""level"":""error""}","{""project"":""82a60368-a35f-407d-b91c-fda7c4df0a50"",""environment"":""35a62989-f226-4922-a94f-05b71577983e"",""service"":""edd77b6a-44ec-4dd0-bb6b-129583c5e8f4"",""deployment"":""65be7d91-a0e8-40d7-8fa9-14aa89a4add1"",""replica"":""a840cb83-51a9-4b35-8087-f3b0edb637f4""}",2026-02-24T16:58:01.770612636Z
"  File ""/usr/local/lib/python3.11/site-packages/sqlalchemy/pool/impl.py"", line 167, in _do_get","{""level"":""error""}","{""project"":""82a60368-a35f-407d-b91c-fda7c4df0a50"",""environment"":""35a62989-f226-4922-a94f-05b71577983e"",""service"":""edd77b6a-44ec-4dd0-bb6b-129583c5e8f4"",""deployment"":""65be7d91-a0e8-40d7-8fa9-14aa89a4add1"",""replica"":""a840cb83-51a9-4b35-8087-f3b0edb637f4""}",2026-02-24T16:58:01.770616441Z
"    )._exec_w_sync_on_first_run(self.dbapi_connection, self)","{""level"":""error""}","{""project"":""82a60368-a35f-407d-b91c-fda7c4df0a50"",""environment"":""35a62989-f226-4922-a94f-05b71577983e"",""service"":""edd77b6a-44ec-4dd0-bb6b-129583c5e8f4"",""deployment"":""65be7d91-a0e8-40d7-8fa9-14aa89a4add1"",""replica"":""a840cb83-51a9-4b35-8087-f3b0edb637f4""}",2026-02-24T16:58:01.771819377Z
      ^^^^^^^^^^^^^^^^^^^^^^^^^^^^^^^^^^^^^^^^^^^^^^^^^^^^^^,"{""level"":""error""}","{""project"":""82a60368-a35f-407d-b91c-fda7c4df0a50"",""environment"":""35a62989-f226-4922-a94f-05b71577983e"",""service"":""edd77b6a-44ec-4dd0-bb6b-129583c5e8f4"",""deployment"":""65be7d91-a0e8-40d7-8fa9-14aa89a4add1"",""replica"":""a840cb83-51a9-4b35-8087-f3b0edb637f4""}",2026-02-24T16:58:01.771823664Z
"  File ""/usr/local/lib/python3.11/site-packages/sqlalchemy/event/attr.py"", line 473, in _exec_w_sync_on_first_run","{""level"":""error""}","{""project"":""82a60368-a35f-407d-b91c-fda7c4df0a50"",""environment"":""35a62989-f226-4922-a94f-05b71577983e"",""service"":""edd77b6a-44ec-4dd0-bb6b-129583c5e8f4"",""deployment"":""65be7d91-a0e8-40d7-8fa9-14aa89a4add1"",""replica"":""a840cb83-51a9-4b35-8087-f3b0edb637f4""}",2026-02-24T16:58:01.771827237Z
"    self(*args, **kw)","{""level"":""error""}","{""project"":""82a60368-a35f-407d-b91c-fda7c4df0a50"",""environment"":""35a62989-f226-4922-a94f-05b71577983e"",""service"":""edd77b6a-44ec-4dd0-bb6b-129583c5e8f4"",""deployment"":""65be7d91-a0e8-40d7-8fa9-14aa89a4add1"",""replica"":""a840cb83-51a9-4b35-8087-f3b0edb637f4""}",2026-02-24T16:58:01.771830525Z
"  File ""/usr/local/lib/python3.11/site-packages/sqlalchemy/event/attr.py"", line 487, in __call__","{""level"":""error""}","{""project"":""82a60368-a35f-407d-b91c-fda7c4df0a50"",""environment"":""35a62989-f226-4922-a94f-05b71577983e"",""service"":""edd77b6a-44ec-4dd0-bb6b-129583c5e8f4"",""deployment"":""65be7d91-a0e8-40d7-8fa9-14aa89a4add1"",""replica"":""a840cb83-51a9-4b35-8087-f3b0edb637f4""}",2026-02-24T16:58:01.771834192Z
"    fn(*args, **kw)","{""level"":""error""}","{""project"":""82a60368-a35f-407d-b91c-fda7c4df0a50"",""environment"":""35a62989-f226-4922-a94f-05b71577983e"",""service"":""edd77b6a-44ec-4dd0-bb6b-129583c5e8f4"",""deployment"":""65be7d91-a0e8-40d7-8fa9-14aa89a4add1"",""replica"":""a840cb83-51a9-4b35-8087-f3b0edb637f4""}",2026-02-24T16:58:01.771837907Z
"  File ""/usr/local/lib/python3.11/site-packages/sqlalchemy/engine/create.py"", line 704, in on_connect","{""level"":""error""}","{""project"":""82a60368-a35f-407d-b91c-fda7c4df0a50"",""environment"":""35a62989-f226-4922-a94f-05b71577983e"",""service"":""edd77b6a-44ec-4dd0-bb6b-129583c5e8f4"",""deployment"":""65be7d91-a0e8-40d7-8fa9-14aa89a4add1"",""replica"":""a840cb83-51a9-4b35-8087-f3b0edb637f4""}",2026-02-24T16:58:01.771841500Z
    do_on_connect(dbapi_connection),"{""level"":""error""}","{""project"":""82a60368-a35f-407d-b91c-fda7c4df0a50"",""environment"":""35a62989-f226-4922-a94f-05b71577983e"",""service"":""edd77b6a-44ec-4dd0-bb6b-129583c5e8f4"",""deployment"":""65be7d91-a0e8-40d7-8fa9-14aa89a4add1"",""replica"":""a840cb83-51a9-4b35-8087-f3b0edb637f4""}",2026-02-24T16:58:01.771844978Z
"  File ""/usr/local/lib/python3.11/site-packages/sqlalchemy/dialects/postgresql/asyncpg.py"", line 1240, in connect","{""level"":""error""}","{""project"":""82a60368-a35f-407d-b91c-fda7c4df0a50"",""environment"":""35a62989-f226-4922-a94f-05b71577983e"",""service"":""edd77b6a-44ec-4dd0-bb6b-129583c5e8f4"",""deployment"":""65be7d91-a0e8-40d7-8fa9-14aa89a4add1"",""replica"":""a840cb83-51a9-4b35-8087-f3b0edb637f4""}",2026-02-24T16:58:01.771848146Z
    conn.await_(self.setup_asyncpg_json_codec(conn)),"{""level"":""error""}","{""project"":""82a60368-a35f-407d-b91c-fda7c4df0a50"",""environment"":""35a62989-f226-4922-a94f-05b71577983e"",""service"":""edd77b6a-44ec-4dd0-bb6b-129583c5e8f4"",""deployment"":""65be7d91-a0e8-40d7-8fa9-14aa89a4add1"",""replica"":""a840cb83-51a9-4b35-8087-f3b0edb637f4""}",2026-02-24T16:58:01.771851337Z
"  File ""/usr/local/lib/python3.11/site-packages/sqlalchemy/util/_concurrency_py3k.py"", line 125, in await_only","{""level"":""error""}","{""project"":""82a60368-a35f-407d-b91c-fda7c4df0a50"",""environment"":""35a62989-f226-4922-a94f-05b71577983e"",""service"":""edd77b6a-44ec-4dd0-bb6b-129583c5e8f4"",""deployment"":""65be7d91-a0e8-40d7-8fa9-14aa89a4add1"",""replica"":""a840cb83-51a9-4b35-8087-f3b0edb637f4""}",2026-02-24T16:58:01.771854883Z
    return current.driver.switch(awaitable)  # type: ignore[no-any-return],"{""level"":""error""}","{""project"":""82a60368-a35f-407d-b91c-fda7c4df0a50"",""environment"":""35a62989-f226-4922-a94f-05b71577983e"",""service"":""edd77b6a-44ec-4dd0-bb6b-129583c5e8f4"",""deployment"":""65be7d91-a0e8-40d7-8fa9-14aa89a4add1"",""replica"":""a840cb83-51a9-4b35-8087-f3b0edb637f4""}",2026-02-24T16:58:01.771858097Z
           ^^^^^^^^^^^^^^^^^^^^^^^^^^^^^^^^,"{""level"":""error""}","{""project"":""82a60368-a35f-407d-b91c-fda7c4df0a50"",""environment"":""35a62989-f226-4922-a94f-05b71577983e"",""service"":""edd77b6a-44ec-4dd0-bb6b-129583c5e8f4"",""deployment"":""65be7d91-a0e8-40d7-8fa9-14aa89a4add1"",""replica"":""a840cb83-51a9-4b35-8087-f3b0edb637f4""}",2026-02-24T16:58:01.771861180Z
"  File ""/usr/local/lib/python3.11/site-packages/sqlalchemy/util/_concurrency_py3k.py"", line 185, in greenlet_spawn","{""level"":""error""}","{""project"":""82a60368-a35f-407d-b91c-fda7c4df0a50"",""environment"":""35a62989-f226-4922-a94f-05b71577983e"",""service"":""edd77b6a-44ec-4dd0-bb6b-129583c5e8f4"",""deployment"":""65be7d91-a0e8-40d7-8fa9-14aa89a4add1"",""replica"":""a840cb83-51a9-4b35-8087-f3b0edb637f4""}",2026-02-24T16:58:01.771864775Z
    value = await result,"{""level"":""error""}","{""project"":""82a60368-a35f-407d-b91c-fda7c4df0a50"",""environment"":""35a62989-f226-4922-a94f-05b71577983e"",""service"":""edd77b6a-44ec-4dd0-bb6b-129583c5e8f4"",""deployment"":""65be7d91-a0e8-40d7-8fa9-14aa89a4add1"",""replica"":""a840cb83-51a9-4b35-8087-f3b0edb637f4""}",2026-02-24T16:58:01.771868125Z
            ^^^^^^^^^^^^,"{""level"":""error""}","{""project"":""82a60368-a35f-407d-b91c-fda7c4df0a50"",""environment"":""35a62989-f226-4922-a94f-05b71577983e"",""service"":""edd77b6a-44ec-4dd0-bb6b-129583c5e8f4"",""deployment"":""65be7d91-a0e8-40d7-8fa9-14aa89a4add1"",""replica"":""a840cb83-51a9-4b35-8087-f3b0edb637f4""}",2026-02-24T16:58:01.771871597Z
"  File ""/usr/local/lib/python3.11/site-packages/sqlalchemy/dialects/postgresql/asyncpg.py"", line 1166, in setup_asyncpg_json_codec","{""level"":""error""}","{""project"":""82a60368-a35f-407d-b91c-fda7c4df0a50"",""environment"":""35a62989-f226-4922-a94f-05b71577983e"",""service"":""edd77b6a-44ec-4dd0-bb6b-129583c5e8f4"",""deployment"":""65be7d91-a0e8-40d7-8fa9-14aa89a4add1"",""replica"":""a840cb83-51a9-4b35-8087-f3b0edb637f4""}",2026-02-24T16:58:01.771875337Z
    await asyncpg_connection.set_type_codec(,"{""level"":""error""}","{""project"":""82a60368-a35f-407d-b91c-fda7c4df0a50"",""environment"":""35a62989-f226-4922-a94f-05b71577983e"",""service"":""edd77b6a-44ec-4dd0-bb6b-129583c5e8f4"",""deployment"":""65be7d91-a0e8-40d7-8fa9-14aa89a4add1"",""replica"":""a840cb83-51a9-4b35-8087-f3b0edb637f4""}",2026-02-24T16:58:01.771878618Z
"  File ""/usr/local/lib/python3.11/site-packages/asyncpg/connection.py"", line 1221, in set_type_codec","{""level"":""error""}","{""project"":""82a60368-a35f-407d-b91c-fda7c4df0a50"",""environment"":""35a62989-f226-4922-a94f-05b71577983e"",""service"":""edd77b6a-44ec-4dd0-bb6b-129583c5e8f4"",""deployment"":""65be7d91-a0e8-40d7-8fa9-14aa89a4add1"",""replica"":""a840cb83-51a9-4b35-8087-f3b0edb637f4""}",2026-02-24T16:58:01.771881668Z
"    typeinfo = await self._introspect_type(typename, schema)","{""level"":""error""}","{""project"":""82a60368-a35f-407d-b91c-fda7c4df0a50"",""environment"":""35a62989-f226-4922-a94f-05b71577983e"",""service"":""edd77b6a-44ec-4dd0-bb6b-129583c5e8f4"",""deployment"":""65be7d91-a0e8-40d7-8fa9-14aa89a4add1"",""replica"":""a840cb83-51a9-4b35-8087-f3b0edb637f4""}",2026-02-24T16:58:01.773160979Z
               ^^^^^^^^^^^^^^^^^^^^^^^^^^^^^^^^^^^^^^^^^^^^^,"{""level"":""error""}","{""project"":""82a60368-a35f-407d-b91c-fda7c4df0a50"",""environment"":""35a62989-f226-4922-a94f-05b71577983e"",""service"":""edd77b6a-44ec-4dd0-bb6b-129583c5e8f4"",""deployment"":""65be7d91-a0e8-40d7-8fa9-14aa89a4add1"",""replica"":""a840cb83-51a9-4b35-8087-f3b0edb637f4""}",2026-02-24T16:58:01.773169550Z
                ^^^^^^^^^^^^^^^^^^^^^^^^^^^^^,"{""level"":""error""}","{""project"":""82a60368-a35f-407d-b91c-fda7c4df0a50"",""environment"":""35a62989-f226-4922-a94f-05b71577983e"",""service"":""edd77b6a-44ec-4dd0-bb6b-129583c5e8f4"",""deployment"":""65be7d91-a0e8-40d7-8fa9-14aa89a4add1"",""replica"":""a840cb83-51a9-4b35-8087-f3b0edb637f4""}",2026-02-24T16:58:01.773173052Z
"  File ""/usr/local/lib/python3.11/site-packages/asyncpg/connection.py"", line 472, in _introspect_type","{""level"":""error""}","{""project"":""82a60368-a35f-407d-b91c-fda7c4df0a50"",""environment"":""35a62989-f226-4922-a94f-05b71577983e"",""service"":""edd77b6a-44ec-4dd0-bb6b-129583c5e8f4"",""deployment"":""65be7d91-a0e8-40d7-8fa9-14aa89a4add1"",""replica"":""a840cb83-51a9-4b35-8087-f3b0edb637f4""}",2026-02-24T16:58:01.773173856Z
    rows = await self._execute(,"{""level"":""error""}","{""project"":""82a60368-a35f-407d-b91c-fda7c4df0a50"",""environment"":""35a62989-f226-4922-a94f-05b71577983e"",""service"":""edd77b6a-44ec-4dd0-bb6b-129583c5e8f4"",""deployment"":""65be7d91-a0e8-40d7-8fa9-14aa89a4add1"",""replica"":""a840cb83-51a9-4b35-8087-f3b0edb637f4""}",2026-02-24T16:58:01.773180787Z
"  File ""asyncpg/protocol/protocol.pyx"", line 168, in prepare","{""level"":""error""}","{""project"":""82a60368-a35f-407d-b91c-fda7c4df0a50"",""environment"":""35a62989-f226-4922-a94f-05b71577983e"",""service"":""edd77b6a-44ec-4dd0-bb6b-129583c5e8f4"",""deployment"":""65be7d91-a0e8-40d7-8fa9-14aa89a4add1"",""replica"":""a840cb83-51a9-4b35-8087-f3b0edb637f4""}",2026-02-24T16:58:01.773186309Z
           ^^^^^^^^^^^^^^^^^^^^,"{""level"":""error""}","{""project"":""82a60368-a35f-407d-b91c-fda7c4df0a50"",""environment"":""35a62989-f226-4922-a94f-05b71577983e"",""service"":""edd77b6a-44ec-4dd0-bb6b-129583c5e8f4"",""deployment"":""65be7d91-a0e8-40d7-8fa9-14aa89a4add1"",""replica"":""a840cb83-51a9-4b35-8087-f3b0edb637f4""}",2026-02-24T16:58:01.773189220Z
"asyncpg.exceptions.DuplicatePreparedStatementError: prepared statement ""__asyncpg_stmt_5__"" already exists","{""level"":""error""}","{""project"":""82a60368-a35f-407d-b91c-fda7c4df0a50"",""environment"":""35a62989-f226-4922-a94f-05b71577983e"",""service"":""edd77b6a-44ec-4dd0-bb6b-129583c5e8f4"",""deployment"":""65be7d91-a0e8-40d7-8fa9-14aa89a4add1"",""replica"":""a840cb83-51a9-4b35-8087-f3b0edb637f4""}",2026-02-24T16:58:01.773195710Z
"  File ""/usr/local/lib/python3.11/site-packages/asyncpg/connection.py"", line 1659, in _execute","{""level"":""error""}","{""project"":""82a60368-a35f-407d-b91c-fda7c4df0a50"",""environment"":""35a62989-f226-4922-a94f-05b71577983e"",""service"":""edd77b6a-44ec-4dd0-bb6b-129583c5e8f4"",""deployment"":""65be7d91-a0e8-40d7-8fa9-14aa89a4add1"",""replica"":""a840cb83-51a9-4b35-8087-f3b0edb637f4""}",2026-02-24T16:58:01.773196708Z
HINT:  ,"{""level"":""error""}","{""project"":""82a60368-a35f-407d-b91c-fda7c4df0a50"",""environment"":""35a62989-f226-4922-a94f-05b71577983e"",""service"":""edd77b6a-44ec-4dd0-bb6b-129583c5e8f4"",""deployment"":""65be7d91-a0e8-40d7-8fa9-14aa89a4add1"",""replica"":""a840cb83-51a9-4b35-8087-f3b0edb637f4""}",2026-02-24T16:58:01.773204378Z
"    result, _ = await self.__execute(","{""level"":""error""}","{""project"":""82a60368-a35f-407d-b91c-fda7c4df0a50"",""environment"":""35a62989-f226-4922-a94f-05b71577983e"",""service"":""edd77b6a-44ec-4dd0-bb6b-129583c5e8f4"",""deployment"":""65be7d91-a0e8-40d7-8fa9-14aa89a4add1"",""replica"":""a840cb83-51a9-4b35-8087-f3b0edb637f4""}",2026-02-24T16:58:01.773204628Z
                ^^^^^^^^^^^^^^^^^^^^^,"{""level"":""error""}","{""project"":""82a60368-a35f-407d-b91c-fda7c4df0a50"",""environment"":""35a62989-f226-4922-a94f-05b71577983e"",""service"":""edd77b6a-44ec-4dd0-bb6b-129583c5e8f4"",""deployment"":""65be7d91-a0e8-40d7-8fa9-14aa89a4add1"",""replica"":""a840cb83-51a9-4b35-8087-f3b0edb637f4""}",2026-02-24T16:58:01.773211826Z
"NOTE: pgbouncer with pool_mode set to ""transaction"" or","{""level"":""error""}","{""project"":""82a60368-a35f-407d-b91c-fda7c4df0a50"",""environment"":""35a62989-f226-4922-a94f-05b71577983e"",""service"":""edd77b6a-44ec-4dd0-bb6b-129583c5e8f4"",""deployment"":""65be7d91-a0e8-40d7-8fa9-14aa89a4add1"",""replica"":""a840cb83-51a9-4b35-8087-f3b0edb637f4""}",2026-02-24T16:58:01.773215280Z
"  File ""/usr/local/lib/python3.11/site-packages/asyncpg/connection.py"", line 1684, in __execute","{""level"":""error""}","{""project"":""82a60368-a35f-407d-b91c-fda7c4df0a50"",""environment"":""35a62989-f226-4922-a94f-05b71577983e"",""service"":""edd77b6a-44ec-4dd0-bb6b-129583c5e8f4"",""deployment"":""65be7d91-a0e8-40d7-8fa9-14aa89a4add1"",""replica"":""a840cb83-51a9-4b35-8087-f3b0edb637f4""}",2026-02-24T16:58:01.773219832Z
    return await self._do_execute(,"{""level"":""error""}","{""project"":""82a60368-a35f-407d-b91c-fda7c4df0a50"",""environment"":""35a62989-f226-4922-a94f-05b71577983e"",""service"":""edd77b6a-44ec-4dd0-bb6b-129583c5e8f4"",""deployment"":""65be7d91-a0e8-40d7-8fa9-14aa89a4add1"",""replica"":""a840cb83-51a9-4b35-8087-f3b0edb637f4""}",2026-02-24T16:58:01.773223416Z
           ^^^^^^^^^^^^^^^^^^^^^^^,"{""level"":""error""}","{""project"":""82a60368-a35f-407d-b91c-fda7c4df0a50"",""environment"":""35a62989-f226-4922-a94f-05b71577983e"",""service"":""edd77b6a-44ec-4dd0-bb6b-129583c5e8f4"",""deployment"":""65be7d91-a0e8-40d7-8fa9-14aa89a4add1"",""replica"":""a840cb83-51a9-4b35-8087-f3b0edb637f4""}",2026-02-24T16:58:01.773227256Z
"  File ""/usr/local/lib/python3.11/site-packages/asyncpg/connection.py"", line 1711, in _do_execute","{""level"":""error""}","{""project"":""82a60368-a35f-407d-b91c-fda7c4df0a50"",""environment"":""35a62989-f226-4922-a94f-05b71577983e"",""service"":""edd77b6a-44ec-4dd0-bb6b-129583c5e8f4"",""deployment"":""65be7d91-a0e8-40d7-8fa9-14aa89a4add1"",""replica"":""a840cb83-51a9-4b35-8087-f3b0edb637f4""}",2026-02-24T16:58:01.773231269Z
    stmt = await self._get_statement(,"{""level"":""error""}","{""project"":""82a60368-a35f-407d-b91c-fda7c4df0a50"",""environment"":""35a62989-f226-4922-a94f-05b71577983e"",""service"":""edd77b6a-44ec-4dd0-bb6b-129583c5e8f4"",""deployment"":""65be7d91-a0e8-40d7-8fa9-14aa89a4add1"",""replica"":""a840cb83-51a9-4b35-8087-f3b0edb637f4""}",2026-02-24T16:58:01.773235135Z
           ^^^^^^^^^^^^^^^^^^^^^^^^^^,"{""level"":""error""}","{""project"":""82a60368-a35f-407d-b91c-fda7c4df0a50"",""environment"":""35a62989-f226-4922-a94f-05b71577983e"",""service"":""edd77b6a-44ec-4dd0-bb6b-129583c5e8f4"",""deployment"":""65be7d91-a0e8-40d7-8fa9-14aa89a4add1"",""replica"":""a840cb83-51a9-4b35-8087-f3b0edb637f4""}",2026-02-24T16:58:01.773238599Z
"  File ""/usr/local/lib/python3.11/site-packages/asyncpg/connection.py"", line 397, in _get_statement","{""level"":""error""}","{""project"":""82a60368-a35f-407d-b91c-fda7c4df0a50"",""environment"":""35a62989-f226-4922-a94f-05b71577983e"",""service"":""edd77b6a-44ec-4dd0-bb6b-129583c5e8f4"",""deployment"":""65be7d91-a0e8-40d7-8fa9-14aa89a4add1"",""replica"":""a840cb83-51a9-4b35-8087-f3b0edb637f4""}",2026-02-24T16:58:01.773241897Z
    statement = await self._protocol.prepare(,"{""level"":""error""}","{""project"":""82a60368-a35f-407d-b91c-fda7c4df0a50"",""environment"":""35a62989-f226-4922-a94f-05b71577983e"",""service"":""edd77b6a-44ec-4dd0-bb6b-129583c5e8f4"",""deployment"":""65be7d91-a0e8-40d7-8fa9-14aa89a4add1"",""replica"":""a840cb83-51a9-4b35-8087-f3b0edb637f4""}",2026-02-24T16:58:01.773245455Z
"* if you have no option of avoiding the use of pgbouncer,","{""level"":""error""}","{""project"":""82a60368-a35f-407d-b91c-fda7c4df0a50"",""environment"":""35a62989-f226-4922-a94f-05b71577983e"",""service"":""edd77b6a-44ec-4dd0-bb6b-129583c5e8f4"",""deployment"":""65be7d91-a0e8-40d7-8fa9-14aa89a4add1"",""replica"":""a840cb83-51a9-4b35-8087-f3b0edb637f4""}",2026-02-24T16:58:01.974936413Z
  then you can set statement_cache_size to 0 when creating,"{""level"":""error""}","{""project"":""82a60368-a35f-407d-b91c-fda7c4df0a50"",""environment"":""35a62989-f226-4922-a94f-05b71577983e"",""service"":""edd77b6a-44ec-4dd0-bb6b-129583c5e8f4"",""deployment"":""65be7d91-a0e8-40d7-8fa9-14aa89a4add1"",""replica"":""a840cb83-51a9-4b35-8087-f3b0edb637f4""}",2026-02-24T16:58:01.974948513Z
  the asyncpg connection object.,"{""level"":""error""}","{""project"":""82a60368-a35f-407d-b91c-fda7c4df0a50"",""environment"":""35a62989-f226-4922-a94f-05b71577983e"",""service"":""edd77b6a-44ec-4dd0-bb6b-129583c5e8f4"",""deployment"":""65be7d91-a0e8-40d7-8fa9-14aa89a4add1"",""replica"":""a840cb83-51a9-4b35-8087-f3b0edb637f4""}",2026-02-24T16:58:01.974954570Z
,"{""level"":""error""}","{""project"":""82a60368-a35f-407d-b91c-fda7c4df0a50"",""environment"":""35a62989-f226-4922-a94f-05b71577983e"",""service"":""edd77b6a-44ec-4dd0-bb6b-129583c5e8f4"",""deployment"":""65be7d91-a0e8-40d7-8fa9-14aa89a4add1"",""replica"":""a840cb83-51a9-4b35-8087-f3b0edb637f4""}",2026-02-24T16:58:01.974960477Z
"""statement"" does not support prepared statements properly.","{""level"":""error""}","{""project"":""82a60368-a35f-407d-b91c-fda7c4df0a50"",""environment"":""35a62989-f226-4922-a94f-05b71577983e"",""service"":""edd77b6a-44ec-4dd0-bb6b-129583c5e8f4"",""deployment"":""65be7d91-a0e8-40d7-8fa9-14aa89a4add1"",""replica"":""a840cb83-51a9-4b35-8087-f3b0edb637f4""}",2026-02-24T16:58:01.975027025Z
You have two options:,"{""level"":""error""}","{""project"":""82a60368-a35f-407d-b91c-fda7c4df0a50"",""environment"":""35a62989-f226-4922-a94f-05b71577983e"",""service"":""edd77b6a-44ec-4dd0-bb6b-129583c5e8f4"",""deployment"":""65be7d91-a0e8-40d7-8fa9-14aa89a4add1"",""replica"":""a840cb83-51a9-4b35-8087-f3b0edb637f4""}",2026-02-24T16:58:01.975035099Z
,"{""level"":""error""}","{""project"":""82a60368-a35f-407d-b91c-fda7c4df0a50"",""environment"":""35a62989-f226-4922-a94f-05b71577983e"",""service"":""edd77b6a-44ec-4dd0-bb6b-129583c5e8f4"",""deployment"":""65be7d91-a0e8-40d7-8fa9-14aa89a4add1"",""replica"":""a840cb83-51a9-4b35-8087-f3b0edb637f4""}",2026-02-24T16:58:01.975040906Z
* if you are using pgbouncer for connection pooling to a,"{""level"":""error""}","{""project"":""82a60368-a35f-407d-b91c-fda7c4df0a50"",""environment"":""35a62989-f226-4922-a94f-05b71577983e"",""service"":""edd77b6a-44ec-4dd0-bb6b-129583c5e8f4"",""deployment"":""65be7d91-a0e8-40d7-8fa9-14aa89a4add1"",""replica"":""a840cb83-51a9-4b35-8087-f3b0edb637f4""}",2026-02-24T16:58:01.975045873Z
"  single server, switch to the connection pool functionality","{""level"":""error""}","{""project"":""82a60368-a35f-407d-b91c-fda7c4df0a50"",""environment"":""35a62989-f226-4922-a94f-05b71577983e"",""service"":""edd77b6a-44ec-4dd0-bb6b-129583c5e8f4"",""deployment"":""65be7d91-a0e8-40d7-8fa9-14aa89a4add1"",""replica"":""a840cb83-51a9-4b35-8087-f3b0edb637f4""}",2026-02-24T16:58:01.975050007Z
"  provided by asyncpg, it is a much better option for this","{""level"":""error""}","{""project"":""82a60368-a35f-407d-b91c-fda7c4df0a50"",""environment"":""35a62989-f226-4922-a94f-05b71577983e"",""service"":""edd77b6a-44ec-4dd0-bb6b-129583c5e8f4"",""deployment"":""65be7d91-a0e8-40d7-8fa9-14aa89a4add1"",""replica"":""a840cb83-51a9-4b35-8087-f3b0edb637f4""}",2026-02-24T16:58:01.975053972Z
  purpose;,"{""level"":""error""}","{""project"":""82a60368-a35f-407d-b91c-fda7c4df0a50"",""environment"":""35a62989-f226-4922-a94f-05b71577983e"",""service"":""edd77b6a-44ec-4dd0-bb6b-129583c5e8f4"",""deployment"":""65be7d91-a0e8-40d7-8fa9-14aa89a4add1"",""replica"":""a840cb83-51a9-4b35-8087-f3b0edb637f4""}",2026-02-24T16:58:01.975058590Z
,"{""level"":""error""}","{""project"":""82a60368-a35f-407d-b91c-fda7c4df0a50"",""environment"":""35a62989-f226-4922-a94f-05b71577983e"",""service"":""edd77b6a-44ec-4dd0-bb6b-129583c5e8f4"",""deployment"":""65be7d91-a0e8-40d7-8fa9-14aa89a4add1"",""replica"":""a840cb83-51a9-4b35-8087-f3b0edb637f4""}",2026-02-24T16:58:01.975063216Z
"INFO:     100.64.0.2:26774 - ""GET /api/v1/clients/ HTTP/1.1"" 404 Not Found","{""level"":""info""}","{""project"":""82a60368-a35f-407d-b91c-fda7c4df0a50"",""environment"":""35a62989-f226-4922-a94f-05b71577983e"",""service"":""edd77b6a-44ec-4dd0-bb6b-129583c5e8f4"",""deployment"":""65be7d91-a0e8-40d7-8fa9-14aa89a4add1"",""replica"":""a840cb83-51a9-4b35-8087-f3b0edb637f4""}",2026-02-24T16:58:03.988654849Z
"INFO:     100.64.0.2:26760 - ""OPTIONS /api/v1/admin/jobs HTTP/1.1"" 200 OK","{""level"":""info""}","{""project"":""82a60368-a35f-407d-b91c-fda7c4df0a50"",""environment"":""35a62989-f226-4922-a94f-05b71577983e"",""service"":""edd77b6a-44ec-4dd0-bb6b-129583c5e8f4"",""deployment"":""65be7d91-a0e8-40d7-8fa9-14aa89a4add1"",""replica"":""a840cb83-51a9-4b35-8087-f3b0edb637f4""}",2026-02-24T16:58:03.988658527Z
Received token: eyJhbGciOiJFUzI1NiIs... (scheme: Bearer),"{""timestamp"":""2026-02-24T16:58:04.180873Z"",""source"":{""file"":""/app/core/auth.py"",""line"":501,""function"":""get_current_user""},""logger"":""core.auth"",""level"":""info""}","{""project"":""82a60368-a35f-407d-b91c-fda7c4df0a50"",""environment"":""35a62989-f226-4922-a94f-05b71577983e"",""service"":""edd77b6a-44ec-4dd0-bb6b-129583c5e8f4"",""deployment"":""65be7d91-a0e8-40d7-8fa9-14aa89a4add1"",""replica"":""a840cb83-51a9-4b35-8087-f3b0edb637f4""}",2026-02-24T16:58:04.202215769Z
"Validating token. JWT_SECRET configured: True, SUPABASE_URL configured: True","{""timestamp"":""2026-02-24T16:58:04.180940Z"",""source"":{""file"":""/app/core/auth.py"",""line"":319,""function"":""_validate_token_with_supabase""},""logger"":""core.auth"",""level"":""info""}","{""project"":""82a60368-a35f-407d-b91c-fda7c4df0a50"",""environment"":""35a62989-f226-4922-a94f-05b71577983e"",""service"":""edd77b6a-44ec-4dd0-bb6b-129583c5e8f4"",""deployment"":""65be7d91-a0e8-40d7-8fa9-14aa89a4add1"",""replica"":""a840cb83-51a9-4b35-8087-f3b0edb637f4""}",2026-02-24T16:58:04.202220242Z
Token preview: eyJhbGciOiJFUzI1NiIsImtpZCI6Ij...,"{""timestamp"":""2026-02-24T16:58:04.181005Z"",""source"":{""file"":""/app/core/auth.py"",""line"":327,""function"":""_validate_token_with_supabase""},""logger"":""core.auth"",""level"":""info""}","{""project"":""82a60368-a35f-407d-b91c-fda7c4df0a50"",""environment"":""35a62989-f226-4922-a94f-05b71577983e"",""service"":""edd77b6a-44ec-4dd0-bb6b-129583c5e8f4"",""deployment"":""65be7d91-a0e8-40d7-8fa9-14aa89a4add1"",""replica"":""a840cb83-51a9-4b35-8087-f3b0edb637f4""}",2026-02-24T16:58:04.202224900Z
"Token algorithm: ES256, Key ID: 26bd5c72-1304-4d3b-afb0-15dad4da7f6a","{""timestamp"":""2026-02-24T16:58:04.181027Z"",""source"":{""file"":""/app/core/auth.py"",""line"":328,""function"":""_validate_token_with_supabase""},""logger"":""core.auth"",""level"":""info""}","{""project"":""82a60368-a35f-407d-b91c-fda7c4df0a50"",""environment"":""35a62989-f226-4922-a94f-05b71577983e"",""service"":""edd77b6a-44ec-4dd0-bb6b-129583c5e8f4"",""deployment"":""65be7d91-a0e8-40d7-8fa9-14aa89a4add1"",""replica"":""a840cb83-51a9-4b35-8087-f3b0edb637f4""}",2026-02-24T16:58:04.202228654Z
Token valid for 2578 more seconds,"{""timestamp"":""2026-02-24T16:58:04.181046Z"",""source"":{""file"":""/app/core/auth.py"",""line"":338,""function"":""_validate_token_with_supabase""},""logger"":""core.auth"",""level"":""info""}","{""project"":""82a60368-a35f-407d-b91c-fda7c4df0a50"",""environment"":""35a62989-f226-4922-a94f-05b71577983e"",""service"":""edd77b6a-44ec-4dd0-bb6b-129583c5e8f4"",""deployment"":""65be7d91-a0e8-40d7-8fa9-14aa89a4add1"",""replica"":""a840cb83-51a9-4b35-8087-f3b0edb637f4""}",2026-02-24T16:58:04.202233129Z
Token uses ES256 - attempting JWKS validation,"{""timestamp"":""2026-02-24T16:58:04.181065Z"",""source"":{""file"":""/app/core/auth.py"",""line"":344,""function"":""_validate_token_with_supabase""},""logger"":""core.auth"",""level"":""info""}","{""project"":""82a60368-a35f-407d-b91c-fda7c4df0a50"",""environment"":""35a62989-f226-4922-a94f-05b71577983e"",""service"":""edd77b6a-44ec-4dd0-bb6b-129583c5e8f4"",""deployment"":""65be7d91-a0e8-40d7-8fa9-14aa89a4add1"",""replica"":""a840cb83-51a9-4b35-8087-f3b0edb637f4""}",2026-02-24T16:58:04.202237335Z
"HTTP Request: GET https://romfgsniplxaslzndiki.supabase.co/auth/v1/.well-known/jwks.json ""HTTP/1.1 200 OK""","{""timestamp"":""2026-02-24T16:58:04.233195Z"",""source"":{""file"":""/usr/local/lib/python3.11/site-packages/httpx/_client.py"",""line"":1729,""function"":""_send_single_request""},""logger"":""httpx"",""level"":""info""}","{""project"":""82a60368-a35f-407d-b91c-fda7c4df0a50"",""environment"":""35a62989-f226-4922-a94f-05b71577983e"",""service"":""edd77b6a-44ec-4dd0-bb6b-129583c5e8f4"",""deployment"":""65be7d91-a0e8-40d7-8fa9-14aa89a4add1"",""replica"":""a840cb83-51a9-4b35-8087-f3b0edb637f4""}",2026-02-24T16:58:04.245190160Z
JWKS fetched successfully from: https://romfgsniplxaslzndiki.supabase.co/auth/v1/.well-known/jwks.json,"{""timestamp"":""2026-02-24T16:58:04.233724Z"",""source"":{""file"":""/app/core/auth.py"",""line"":160,""function"":""_fetch_jwks""},""logger"":""core.auth"",""level"":""info""}","{""project"":""82a60368-a35f-407d-b91c-fda7c4df0a50"",""environment"":""35a62989-f226-4922-a94f-05b71577983e"",""service"":""edd77b6a-44ec-4dd0-bb6b-129583c5e8f4"",""deployment"":""65be7d91-a0e8-40d7-8fa9-14aa89a4add1"",""replica"":""a840cb83-51a9-4b35-8087-f3b0edb637f4""}",2026-02-24T16:58:04.245195052Z
JWKS fetched successfully with 1 keys,"{""timestamp"":""2026-02-24T16:58:04.233897Z"",""source"":{""file"":""/app/core/auth.py"",""line"":348,""function"":""_validate_token_with_supabase""},""logger"":""core.auth"",""level"":""info""}","{""project"":""82a60368-a35f-407d-b91c-fda7c4df0a50"",""environment"":""35a62989-f226-4922-a94f-05b71577983e"",""service"":""edd77b6a-44ec-4dd0-bb6b-129583c5e8f4"",""deployment"":""65be7d91-a0e8-40d7-8fa9-14aa89a4add1"",""replica"":""a840cb83-51a9-4b35-8087-f3b0edb637f4""}",2026-02-24T16:58:04.245200235Z
"Found matching key with kid '26bd5c72-1304-4d3b-afb0-15dad4da7f6a', type 'EC'","{""timestamp"":""2026-02-24T16:58:04.233948Z"",""source"":{""file"":""/app/core/auth.py"",""line"":192,""function"":""_get_public_key_from_jwks""},""logger"":""core.auth"",""level"":""info""}","{""project"":""82a60368-a35f-407d-b91c-fda7c4df0a50"",""environment"":""35a62989-f226-4922-a94f-05b71577983e"",""service"":""edd77b6a-44ec-4dd0-bb6b-129583c5e8f4"",""deployment"":""65be7d91-a0e8-40d7-8fa9-14aa89a4add1"",""replica"":""a840cb83-51a9-4b35-8087-f3b0edb637f4""}",2026-02-24T16:58:04.245207485Z
✅ Token validated locally using JWKS public key (ES256),"{""timestamp"":""2026-02-24T16:58:04.249542Z"",""source"":{""file"":""/app/core/auth.py"",""line"":360,""function"":""_validate_token_with_supabase""},""logger"":""core.auth"",""level"":""info""}","{""project"":""82a60368-a35f-407d-b91c-fda7c4df0a50"",""environment"":""35a62989-f226-4922-a94f-05b71577983e"",""service"":""edd77b6a-44ec-4dd0-bb6b-129583c5e8f4"",""deployment"":""65be7d91-a0e8-40d7-8fa9-14aa89a4add1"",""replica"":""a840cb83-51a9-4b35-8087-f3b0edb637f4""}",2026-02-24T16:58:04.251142505Z
Token validated successfully for user: hunor.lazar@datarevolt.agency,"{""timestamp"":""2026-02-24T16:58:04.249598Z"",""source"":{""file"":""/app/core/auth.py"",""line"":513,""function"":""get_current_user""},""logger"":""core.auth"",""level"":""info""}","{""project"":""82a60368-a35f-407d-b91c-fda7c4df0a50"",""environment"":""35a62989-f226-4922-a94f-05b71577983e"",""service"":""edd77b6a-44ec-4dd0-bb6b-129583c5e8f4"",""deployment"":""65be7d91-a0e8-40d7-8fa9-14aa89a4add1"",""replica"":""a840cb83-51a9-4b35-8087-f3b0edb637f4""}",2026-02-24T16:58:04.251150433Z
BEGIN (implicit),"{""timestamp"":""2026-02-24T16:58:04.251108Z"",""source"":{""file"":""/usr/local/lib/python3.11/site-packages/sqlalchemy/engine/base.py"",""line"":2685,""function"":""_connection_begin_impl""},""logger"":""sqlalchemy.engine.Engine"",""level"":""info""}","{""project"":""82a60368-a35f-407d-b91c-fda7c4df0a50"",""environment"":""35a62989-f226-4922-a94f-05b71577983e"",""service"":""edd77b6a-44ec-4dd0-bb6b-129583c5e8f4"",""deployment"":""65be7d91-a0e8-40d7-8fa9-14aa89a4add1"",""replica"":""a840cb83-51a9-4b35-8087-f3b0edb637f4""}",2026-02-24T16:58:04.252447610Z
"SELECT jobs.id, jobs.client_id, jobs.status, jobs.started_at, jobs.completed_at, jobs.result_summary, jobs.logs, jobs.created_at, jobs.days, jobs.start_date, jobs.end_date, jobs.config, jobs.retry_count, jobs.max_retries, clients.name AS client_name 
FROM jobs JOIN clients ON clients.id = jobs.client_id ORDER BY jobs.started_at DESC 
 LIMIT $1::INTEGER OFFSET $2::INTEGER","{""timestamp"":""2026-02-24T16:58:04.252898Z"",""source"":{""file"":""/usr/local/lib/python3.11/site-packages/sqlalchemy/engine/base.py"",""line"":1844,""function"":""_execute_context""},""logger"":""sqlalchemy.engine.Engine"",""level"":""info""}","{""project"":""82a60368-a35f-407d-b91c-fda7c4df0a50"",""environment"":""35a62989-f226-4922-a94f-05b71577983e"",""service"":""edd77b6a-44ec-4dd0-bb6b-129583c5e8f4"",""deployment"":""65be7d91-a0e8-40d7-8fa9-14aa89a4add1"",""replica"":""a840cb83-51a9-4b35-8087-f3b0edb637f4""}",2026-02-24T16:58:04.253795906Z
"[generated in 0.00020s] (100, 0)","{""timestamp"":""2026-02-24T16:58:04.252978Z"",""source"":{""file"":""/usr/local/lib/python3.11/site-packages/sqlalchemy/engine/base.py"",""line"":1844,""function"":""_execute_context""},""logger"":""sqlalchemy.engine.Engine"",""level"":""info""}","{""project"":""82a60368-a35f-407d-b91c-fda7c4df0a50"",""environment"":""35a62989-f226-4922-a94f-05b71577983e"",""service"":""edd77b6a-44ec-4dd0-bb6b-129583c5e8f4"",""deployment"":""65be7d91-a0e8-40d7-8fa9-14aa89a4add1"",""replica"":""a840cb83-51a9-4b35-8087-f3b0edb637f4""}",2026-02-24T16:58:04.253801780Z
ROLLBACK,"{""timestamp"":""2026-02-24T16:58:04.523632Z"",""source"":{""file"":""/usr/local/lib/python3.11/site-packages/sqlalchemy/engine/base.py"",""line"":2688,""function"":""_connection_rollback_impl""},""logger"":""sqlalchemy.engine.Engine"",""level"":""info""}","{""project"":""82a60368-a35f-407d-b91c-fda7c4df0a50"",""environment"":""35a62989-f226-4922-a94f-05b71577983e"",""service"":""edd77b6a-44ec-4dd0-bb6b-129583c5e8f4"",""deployment"":""65be7d91-a0e8-40d7-8fa9-14aa89a4add1"",""replica"":""a840cb83-51a9-4b35-8087-f3b0edb637f4""}",2026-02-24T16:58:04.527692112Z
"INFO:     100.64.0.2:26760 - ""GET /api/v1/admin/jobs HTTP/1.1"" 200 OK","{""level"":""info""}","{""project"":""82a60368-a35f-407d-b91c-fda7c4df0a50"",""environment"":""35a62989-f226-4922-a94f-05b71577983e"",""service"":""edd77b6a-44ec-4dd0-bb6b-129583c5e8f4"",""deployment"":""65be7d91-a0e8-40d7-8fa9-14aa89a4add1"",""replica"":""a840cb83-51a9-4b35-8087-f3b0edb637f4""}",2026-02-24T16:58:04.634065542Z
"INFO:     100.64.0.2:26760 - ""GET /api/v1/clients/ HTTP/1.1"" 404 Not Found","{""level"":""info""}","{""project"":""82a60368-a35f-407d-b91c-fda7c4df0a50"",""environment"":""35a62989-f226-4922-a94f-05b71577983e"",""service"":""edd77b6a-44ec-4dd0-bb6b-129583c5e8f4"",""deployment"":""65be7d91-a0e8-40d7-8fa9-14aa89a4add1"",""replica"":""a840cb83-51a9-4b35-8087-f3b0edb637f4""}",2026-02-24T16:58:07.798133133Z
Received token: eyJhbGciOiJFUzI1NiIs... (scheme: Bearer),"{""timestamp"":""2026-02-24T16:58:20.114286Z"",""source"":{""file"":""/app/core/auth.py"",""line"":501,""function"":""get_current_user""},""logger"":""core.auth"",""level"":""info""}","{""project"":""82a60368-a35f-407d-b91c-fda7c4df0a50"",""environment"":""35a62989-f226-4922-a94f-05b71577983e"",""service"":""edd77b6a-44ec-4dd0-bb6b-129583c5e8f4"",""deployment"":""65be7d91-a0e8-40d7-8fa9-14aa89a4add1"",""replica"":""a840cb83-51a9-4b35-8087-f3b0edb637f4""}",2026-02-24T16:58:27.798547452Z
"Validating token. JWT_SECRET configured: True, SUPABASE_URL configured: True","{""timestamp"":""2026-02-24T16:58:20.114370Z"",""source"":{""file"":""/app/core/auth.py"",""line"":319,""function"":""_validate_token_with_supabase""},""logger"":""core.auth"",""level"":""info""}","{""project"":""82a60368-a35f-407d-b91c-fda7c4df0a50"",""environment"":""35a62989-f226-4922-a94f-05b71577983e"",""service"":""edd77b6a-44ec-4dd0-bb6b-129583c5e8f4"",""deployment"":""65be7d91-a0e8-40d7-8fa9-14aa89a4add1"",""replica"":""a840cb83-51a9-4b35-8087-f3b0edb637f4""}",2026-02-24T16:58:27.798553101Z
Token preview: eyJhbGciOiJFUzI1NiIsImtpZCI6Ij...,"{""timestamp"":""2026-02-24T16:58:20.114447Z"",""source"":{""file"":""/app/core/auth.py"",""line"":327,""function"":""_validate_token_with_supabase""},""logger"":""core.auth"",""level"":""info""}","{""project"":""82a60368-a35f-407d-b91c-fda7c4df0a50"",""environment"":""35a62989-f226-4922-a94f-05b71577983e"",""service"":""edd77b6a-44ec-4dd0-bb6b-129583c5e8f4"",""deployment"":""65be7d91-a0e8-40d7-8fa9-14aa89a4add1"",""replica"":""a840cb83-51a9-4b35-8087-f3b0edb637f4""}",2026-02-24T16:58:27.798557737Z
"Token algorithm: ES256, Key ID: 26bd5c72-1304-4d3b-afb0-15dad4da7f6a","{""timestamp"":""2026-02-24T16:58:20.114551Z"",""source"":{""file"":""/app/core/auth.py"",""line"":328,""function"":""_validate_token_with_supabase""},""logger"":""core.auth"",""level"":""info""}","{""project"":""82a60368-a35f-407d-b91c-fda7c4df0a50"",""environment"":""35a62989-f226-4922-a94f-05b71577983e"",""service"":""edd77b6a-44ec-4dd0-bb6b-129583c5e8f4"",""deployment"":""65be7d91-a0e8-40d7-8fa9-14aa89a4add1"",""replica"":""a840cb83-51a9-4b35-8087-f3b0edb637f4""}",2026-02-24T16:58:27.798561877Z
Token valid for 2562 more seconds,"{""timestamp"":""2026-02-24T16:58:20.114578Z"",""source"":{""file"":""/app/core/auth.py"",""line"":338,""function"":""_validate_token_with_supabase""},""logger"":""core.auth"",""level"":""info""}","{""project"":""82a60368-a35f-407d-b91c-fda7c4df0a50"",""environment"":""35a62989-f226-4922-a94f-05b71577983e"",""service"":""edd77b6a-44ec-4dd0-bb6b-129583c5e8f4"",""deployment"":""65be7d91-a0e8-40d7-8fa9-14aa89a4add1"",""replica"":""a840cb83-51a9-4b35-8087-f3b0edb637f4""}",2026-02-24T16:58:27.798566410Z
Token uses ES256 - attempting JWKS validation,"{""timestamp"":""2026-02-24T16:58:20.114596Z"",""source"":{""file"":""/app/core/auth.py"",""line"":344,""function"":""_validate_token_with_supabase""},""logger"":""core.auth"",""level"":""info""}","{""project"":""82a60368-a35f-407d-b91c-fda7c4df0a50"",""environment"":""35a62989-f226-4922-a94f-05b71577983e"",""service"":""edd77b6a-44ec-4dd0-bb6b-129583c5e8f4"",""deployment"":""65be7d91-a0e8-40d7-8fa9-14aa89a4add1"",""replica"":""a840cb83-51a9-4b35-8087-f3b0edb637f4""}",2026-02-24T16:58:27.798570552Z
JWKS fetched successfully with 1 keys,"{""timestamp"":""2026-02-24T16:58:20.114630Z"",""source"":{""file"":""/app/core/auth.py"",""line"":348,""function"":""_validate_token_with_supabase""},""logger"":""core.auth"",""level"":""info""}","{""project"":""82a60368-a35f-407d-b91c-fda7c4df0a50"",""environment"":""35a62989-f226-4922-a94f-05b71577983e"",""service"":""edd77b6a-44ec-4dd0-bb6b-129583c5e8f4"",""deployment"":""65be7d91-a0e8-40d7-8fa9-14aa89a4add1"",""replica"":""a840cb83-51a9-4b35-8087-f3b0edb637f4""}",2026-02-24T16:58:27.798574687Z
"Found matching key with kid '26bd5c72-1304-4d3b-afb0-15dad4da7f6a', type 'EC'","{""timestamp"":""2026-02-24T16:58:20.114646Z"",""source"":{""file"":""/app/core/auth.py"",""line"":192,""function"":""_get_public_key_from_jwks""},""logger"":""core.auth"",""level"":""info""}","{""project"":""82a60368-a35f-407d-b91c-fda7c4df0a50"",""environment"":""35a62989-f226-4922-a94f-05b71577983e"",""service"":""edd77b6a-44ec-4dd0-bb6b-129583c5e8f4"",""deployment"":""65be7d91-a0e8-40d7-8fa9-14aa89a4add1"",""replica"":""a840cb83-51a9-4b35-8087-f3b0edb637f4""}",2026-02-24T16:58:27.800132663Z
✅ Token validated locally using JWKS public key (ES256),"{""timestamp"":""2026-02-24T16:58:20.115477Z"",""source"":{""file"":""/app/core/auth.py"",""line"":360,""function"":""_validate_token_with_supabase""},""logger"":""core.auth"",""level"":""info""}","{""project"":""82a60368-a35f-407d-b91c-fda7c4df0a50"",""environment"":""35a62989-f226-4922-a94f-05b71577983e"",""service"":""edd77b6a-44ec-4dd0-bb6b-129583c5e8f4"",""deployment"":""65be7d91-a0e8-40d7-8fa9-14aa89a4add1"",""replica"":""a840cb83-51a9-4b35-8087-f3b0edb637f4""}",2026-02-24T16:58:27.800137873Z
Token validated successfully for user: hunor.lazar@datarevolt.agency,"{""timestamp"":""2026-02-24T16:58:20.115793Z"",""source"":{""file"":""/app/core/auth.py"",""line"":513,""function"":""get_current_user""},""logger"":""core.auth"",""level"":""info""}","{""project"":""82a60368-a35f-407d-b91c-fda7c4df0a50"",""environment"":""35a62989-f226-4922-a94f-05b71577983e"",""service"":""edd77b6a-44ec-4dd0-bb6b-129583c5e8f4"",""deployment"":""65be7d91-a0e8-40d7-8fa9-14aa89a4add1"",""replica"":""a840cb83-51a9-4b35-8087-f3b0edb637f4""}",2026-02-24T16:58:27.800142821Z
"INFO:     100.64.0.3:36222 - ""GET /api/v1/admin/stats HTTP/1.1"" 500 Internal Server Error","{""level"":""info""}","{""project"":""82a60368-a35f-407d-b91c-fda7c4df0a50"",""environment"":""35a62989-f226-4922-a94f-05b71577983e"",""service"":""edd77b6a-44ec-4dd0-bb6b-129583c5e8f4"",""deployment"":""65be7d91-a0e8-40d7-8fa9-14aa89a4add1"",""replica"":""a840cb83-51a9-4b35-8087-f3b0edb637f4""}",2026-02-24T16:58:27.800147490Z
ERROR:    Exception in ASGI application,"{""level"":""error""}","{""project"":""82a60368-a35f-407d-b91c-fda7c4df0a50"",""environment"":""35a62989-f226-4922-a94f-05b71577983e"",""service"":""edd77b6a-44ec-4dd0-bb6b-129583c5e8f4"",""deployment"":""65be7d91-a0e8-40d7-8fa9-14aa89a4add1"",""replica"":""a840cb83-51a9-4b35-8087-f3b0edb637f4""}",2026-02-24T16:58:27.800151976Z
  + Exception Group Traceback (most recent call last):,"{""level"":""error""}","{""project"":""82a60368-a35f-407d-b91c-fda7c4df0a50"",""environment"":""35a62989-f226-4922-a94f-05b71577983e"",""service"":""edd77b6a-44ec-4dd0-bb6b-129583c5e8f4"",""deployment"":""65be7d91-a0e8-40d7-8fa9-14aa89a4add1"",""replica"":""a840cb83-51a9-4b35-8087-f3b0edb637f4""}",2026-02-24T16:58:27.800156563Z
"  |   File ""/usr/local/lib/python3.11/site-packages/starlette/_utils.py"", line 85, in collapse_excgroups","{""level"":""error""}","{""project"":""82a60368-a35f-407d-b91c-fda7c4df0a50"",""environment"":""35a62989-f226-4922-a94f-05b71577983e"",""service"":""edd77b6a-44ec-4dd0-bb6b-129583c5e8f4"",""deployment"":""65be7d91-a0e8-40d7-8fa9-14aa89a4add1"",""replica"":""a840cb83-51a9-4b35-8087-f3b0edb637f4""}",2026-02-24T16:58:27.800161309Z
  |     yield,"{""level"":""error""}","{""project"":""82a60368-a35f-407d-b91c-fda7c4df0a50"",""environment"":""35a62989-f226-4922-a94f-05b71577983e"",""service"":""edd77b6a-44ec-4dd0-bb6b-129583c5e8f4"",""deployment"":""65be7d91-a0e8-40d7-8fa9-14aa89a4add1"",""replica"":""a840cb83-51a9-4b35-8087-f3b0edb637f4""}",2026-02-24T16:58:27.800165484Z
"  |   File ""/usr/local/lib/python3.11/site-packages/starlette/middleware/base.py"", line 190, in __call__","{""level"":""error""}","{""project"":""82a60368-a35f-407d-b91c-fda7c4df0a50"",""environment"":""35a62989-f226-4922-a94f-05b71577983e"",""service"":""edd77b6a-44ec-4dd0-bb6b-129583c5e8f4"",""deployment"":""65be7d91-a0e8-40d7-8fa9-14aa89a4add1"",""replica"":""a840cb83-51a9-4b35-8087-f3b0edb637f4""}",2026-02-24T16:58:27.800174658Z
  |     async with anyio.create_task_group() as task_group:,"{""level"":""error""}","{""project"":""82a60368-a35f-407d-b91c-fda7c4df0a50"",""environment"":""35a62989-f226-4922-a94f-05b71577983e"",""service"":""edd77b6a-44ec-4dd0-bb6b-129583c5e8f4"",""deployment"":""65be7d91-a0e8-40d7-8fa9-14aa89a4add1"",""replica"":""a840cb83-51a9-4b35-8087-f3b0edb637f4""}",2026-02-24T16:58:27.800178676Z
"  |   File ""/usr/local/lib/python3.11/site-packages/anyio/_backends/_asyncio.py"", line 783, in __aexit__","{""level"":""error""}","{""project"":""82a60368-a35f-407d-b91c-fda7c4df0a50"",""environment"":""35a62989-f226-4922-a94f-05b71577983e"",""service"":""edd77b6a-44ec-4dd0-bb6b-129583c5e8f4"",""deployment"":""65be7d91-a0e8-40d7-8fa9-14aa89a4add1"",""replica"":""a840cb83-51a9-4b35-8087-f3b0edb637f4""}",2026-02-24T16:58:27.800183249Z
  |     raise BaseExceptionGroup(,"{""level"":""error""}","{""project"":""82a60368-a35f-407d-b91c-fda7c4df0a50"",""environment"":""35a62989-f226-4922-a94f-05b71577983e"",""service"":""edd77b6a-44ec-4dd0-bb6b-129583c5e8f4"",""deployment"":""65be7d91-a0e8-40d7-8fa9-14aa89a4add1"",""replica"":""a840cb83-51a9-4b35-8087-f3b0edb637f4""}",2026-02-24T16:58:27.800187089Z
  | ExceptionGroup: unhandled errors in a TaskGroup (1 sub-exception),"{""level"":""error""}","{""project"":""82a60368-a35f-407d-b91c-fda7c4df0a50"",""environment"":""35a62989-f226-4922-a94f-05b71577983e"",""service"":""edd77b6a-44ec-4dd0-bb6b-129583c5e8f4"",""deployment"":""65be7d91-a0e8-40d7-8fa9-14aa89a4add1"",""replica"":""a840cb83-51a9-4b35-8087-f3b0edb637f4""}",2026-02-24T16:58:27.800191422Z
  +-+---------------- 1 ----------------,"{""level"":""error""}","{""project"":""82a60368-a35f-407d-b91c-fda7c4df0a50"",""environment"":""35a62989-f226-4922-a94f-05b71577983e"",""service"":""edd77b6a-44ec-4dd0-bb6b-129583c5e8f4"",""deployment"":""65be7d91-a0e8-40d7-8fa9-14aa89a4add1"",""replica"":""a840cb83-51a9-4b35-8087-f3b0edb637f4""}",2026-02-24T16:58:27.800195447Z
    | Traceback (most recent call last):,"{""level"":""error""}","{""project"":""82a60368-a35f-407d-b91c-fda7c4df0a50"",""environment"":""35a62989-f226-4922-a94f-05b71577983e"",""service"":""edd77b6a-44ec-4dd0-bb6b-129583c5e8f4"",""deployment"":""65be7d91-a0e8-40d7-8fa9-14aa89a4add1"",""replica"":""a840cb83-51a9-4b35-8087-f3b0edb637f4""}",2026-02-24T16:58:27.801577959Z
"    |   File ""/usr/local/lib/python3.11/site-packages/uvicorn/protocols/http/h11_impl.py"", line 408, in run_asgi","{""level"":""error""}","{""project"":""82a60368-a35f-407d-b91c-fda7c4df0a50"",""environment"":""35a62989-f226-4922-a94f-05b71577983e"",""service"":""edd77b6a-44ec-4dd0-bb6b-129583c5e8f4"",""deployment"":""65be7d91-a0e8-40d7-8fa9-14aa89a4add1"",""replica"":""a840cb83-51a9-4b35-8087-f3b0edb637f4""}",2026-02-24T16:58:27.801585677Z
    |     result = await app(  # type: ignore[func-returns-value],"{""level"":""error""}","{""project"":""82a60368-a35f-407d-b91c-fda7c4df0a50"",""environment"":""35a62989-f226-4922-a94f-05b71577983e"",""service"":""edd77b6a-44ec-4dd0-bb6b-129583c5e8f4"",""deployment"":""65be7d91-a0e8-40d7-8fa9-14aa89a4add1"",""replica"":""a840cb83-51a9-4b35-8087-f3b0edb637f4""}",2026-02-24T16:58:27.801590659Z
    |              ^^^^^^^^^^^^^^^^^^^^^^^^^^^^^^^^^^^^^^^^^^^^^^,"{""level"":""error""}","{""project"":""82a60368-a35f-407d-b91c-fda7c4df0a50"",""environment"":""35a62989-f226-4922-a94f-05b71577983e"",""service"":""edd77b6a-44ec-4dd0-bb6b-129583c5e8f4"",""deployment"":""65be7d91-a0e8-40d7-8fa9-14aa89a4add1"",""replica"":""a840cb83-51a9-4b35-8087-f3b0edb637f4""}",2026-02-24T16:58:27.801594801Z
"    |   File ""/usr/local/lib/python3.11/site-packages/uvicorn/middleware/proxy_headers.py"", line 84, in __call__","{""level"":""error""}","{""project"":""82a60368-a35f-407d-b91c-fda7c4df0a50"",""environment"":""35a62989-f226-4922-a94f-05b71577983e"",""service"":""edd77b6a-44ec-4dd0-bb6b-129583c5e8f4"",""deployment"":""65be7d91-a0e8-40d7-8fa9-14aa89a4add1"",""replica"":""a840cb83-51a9-4b35-8087-f3b0edb637f4""}",2026-02-24T16:58:27.801598981Z
"    |     return await self.app(scope, receive, send)","{""level"":""error""}","{""project"":""82a60368-a35f-407d-b91c-fda7c4df0a50"",""environment"":""35a62989-f226-4922-a94f-05b71577983e"",""service"":""edd77b6a-44ec-4dd0-bb6b-129583c5e8f4"",""deployment"":""65be7d91-a0e8-40d7-8fa9-14aa89a4add1"",""replica"":""a840cb83-51a9-4b35-8087-f3b0edb637f4""}",2026-02-24T16:58:27.801603418Z
    |            ^^^^^^^^^^^^^^^^^^^^^^^^^^^^^^^^^^^^,"{""level"":""error""}","{""project"":""82a60368-a35f-407d-b91c-fda7c4df0a50"",""environment"":""35a62989-f226-4922-a94f-05b71577983e"",""service"":""edd77b6a-44ec-4dd0-bb6b-129583c5e8f4"",""deployment"":""65be7d91-a0e8-40d7-8fa9-14aa89a4add1"",""replica"":""a840cb83-51a9-4b35-8087-f3b0edb637f4""}",2026-02-24T16:58:27.801607157Z
"    |   File ""/usr/local/lib/python3.11/site-packages/fastapi/applications.py"", line 1054, in __call__","{""level"":""error""}","{""project"":""82a60368-a35f-407d-b91c-fda7c4df0a50"",""environment"":""35a62989-f226-4922-a94f-05b71577983e"",""service"":""edd77b6a-44ec-4dd0-bb6b-129583c5e8f4"",""deployment"":""65be7d91-a0e8-40d7-8fa9-14aa89a4add1"",""replica"":""a840cb83-51a9-4b35-8087-f3b0edb637f4""}",2026-02-24T16:58:27.801610873Z
"    |     await super().__call__(scope, receive, send)","{""level"":""error""}","{""project"":""82a60368-a35f-407d-b91c-fda7c4df0a50"",""environment"":""35a62989-f226-4922-a94f-05b71577983e"",""service"":""edd77b6a-44ec-4dd0-bb6b-129583c5e8f4"",""deployment"":""65be7d91-a0e8-40d7-8fa9-14aa89a4add1"",""replica"":""a840cb83-51a9-4b35-8087-f3b0edb637f4""}",2026-02-24T16:58:27.801614889Z
"    |   File ""/usr/local/lib/python3.11/site-packages/starlette/applications.py"", line 123, in __call__","{""level"":""error""}","{""project"":""82a60368-a35f-407d-b91c-fda7c4df0a50"",""environment"":""35a62989-f226-4922-a94f-05b71577983e"",""service"":""edd77b6a-44ec-4dd0-bb6b-129583c5e8f4"",""deployment"":""65be7d91-a0e8-40d7-8fa9-14aa89a4add1"",""replica"":""a840cb83-51a9-4b35-8087-f3b0edb637f4""}",2026-02-24T16:58:27.801619193Z
"    |     await self.middleware_stack(scope, receive, send)","{""level"":""error""}","{""project"":""82a60368-a35f-407d-b91c-fda7c4df0a50"",""environment"":""35a62989-f226-4922-a94f-05b71577983e"",""service"":""edd77b6a-44ec-4dd0-bb6b-129583c5e8f4"",""deployment"":""65be7d91-a0e8-40d7-8fa9-14aa89a4add1"",""replica"":""a840cb83-51a9-4b35-8087-f3b0edb637f4""}",2026-02-24T16:58:27.801622910Z
"    |   File ""/usr/local/lib/python3.11/site-packages/starlette/middleware/errors.py"", line 186, in __call__","{""level"":""error""}","{""project"":""82a60368-a35f-407d-b91c-fda7c4df0a50"",""environment"":""35a62989-f226-4922-a94f-05b71577983e"",""service"":""edd77b6a-44ec-4dd0-bb6b-129583c5e8f4"",""deployment"":""65be7d91-a0e8-40d7-8fa9-14aa89a4add1"",""replica"":""a840cb83-51a9-4b35-8087-f3b0edb637f4""}",2026-02-24T16:58:27.801626859Z
    |     raise exc,"{""level"":""error""}","{""project"":""82a60368-a35f-407d-b91c-fda7c4df0a50"",""environment"":""35a62989-f226-4922-a94f-05b71577983e"",""service"":""edd77b6a-44ec-4dd0-bb6b-129583c5e8f4"",""deployment"":""65be7d91-a0e8-40d7-8fa9-14aa89a4add1"",""replica"":""a840cb83-51a9-4b35-8087-f3b0edb637f4""}",2026-02-24T16:58:27.801630729Z
"    |   File ""/usr/local/lib/python3.11/site-packages/starlette/middleware/errors.py"", line 164, in __call__","{""level"":""error""}","{""project"":""82a60368-a35f-407d-b91c-fda7c4df0a50"",""environment"":""35a62989-f226-4922-a94f-05b71577983e"",""service"":""edd77b6a-44ec-4dd0-bb6b-129583c5e8f4"",""deployment"":""65be7d91-a0e8-40d7-8fa9-14aa89a4add1"",""replica"":""a840cb83-51a9-4b35-8087-f3b0edb637f4""}",2026-02-24T16:58:27.801634564Z
"    |     await self.app(scope, receive, _send)","{""level"":""error""}","{""project"":""82a60368-a35f-407d-b91c-fda7c4df0a50"",""environment"":""35a62989-f226-4922-a94f-05b71577983e"",""service"":""edd77b6a-44ec-4dd0-bb6b-129583c5e8f4"",""deployment"":""65be7d91-a0e8-40d7-8fa9-14aa89a4add1"",""replica"":""a840cb83-51a9-4b35-8087-f3b0edb637f4""}",2026-02-24T16:58:27.801638940Z
"    |   File ""/usr/local/lib/python3.11/site-packages/starlette/middleware/base.py"", line 189, in __call__","{""level"":""error""}","{""project"":""82a60368-a35f-407d-b91c-fda7c4df0a50"",""environment"":""35a62989-f226-4922-a94f-05b71577983e"",""service"":""edd77b6a-44ec-4dd0-bb6b-129583c5e8f4"",""deployment"":""65be7d91-a0e8-40d7-8fa9-14aa89a4add1"",""replica"":""a840cb83-51a9-4b35-8087-f3b0edb637f4""}",2026-02-24T16:58:27.801642497Z
    |     with collapse_excgroups():,"{""level"":""error""}","{""project"":""82a60368-a35f-407d-b91c-fda7c4df0a50"",""environment"":""35a62989-f226-4922-a94f-05b71577983e"",""service"":""edd77b6a-44ec-4dd0-bb6b-129583c5e8f4"",""deployment"":""65be7d91-a0e8-40d7-8fa9-14aa89a4add1"",""replica"":""a840cb83-51a9-4b35-8087-f3b0edb637f4""}",2026-02-24T16:58:27.801646325Z
"    |   File ""/usr/local/lib/python3.11/contextlib.py"", line 158, in __exit__","{""level"":""error""}","{""project"":""82a60368-a35f-407d-b91c-fda7c4df0a50"",""environment"":""35a62989-f226-4922-a94f-05b71577983e"",""service"":""edd77b6a-44ec-4dd0-bb6b-129583c5e8f4"",""deployment"":""65be7d91-a0e8-40d7-8fa9-14aa89a4add1"",""replica"":""a840cb83-51a9-4b35-8087-f3b0edb637f4""}",2026-02-24T16:58:27.801650787Z
"    |     await self.simple_response(scope, receive, send, request_headers=headers)","{""level"":""error""}","{""project"":""82a60368-a35f-407d-b91c-fda7c4df0a50"",""environment"":""35a62989-f226-4922-a94f-05b71577983e"",""service"":""edd77b6a-44ec-4dd0-bb6b-129583c5e8f4"",""deployment"":""65be7d91-a0e8-40d7-8fa9-14aa89a4add1"",""replica"":""a840cb83-51a9-4b35-8087-f3b0edb637f4""}",2026-02-24T16:58:27.803012672Z
"    |   File ""/usr/local/lib/python3.11/site-packages/starlette/middleware/cors.py"", line 146, in simple_response","{""level"":""error""}","{""project"":""82a60368-a35f-407d-b91c-fda7c4df0a50"",""environment"":""35a62989-f226-4922-a94f-05b71577983e"",""service"":""edd77b6a-44ec-4dd0-bb6b-129583c5e8f4"",""deployment"":""65be7d91-a0e8-40d7-8fa9-14aa89a4add1"",""replica"":""a840cb83-51a9-4b35-8087-f3b0edb637f4""}",2026-02-24T16:58:27.803019404Z
"    |     await self.app(scope, receive, send)","{""level"":""error""}","{""project"":""82a60368-a35f-407d-b91c-fda7c4df0a50"",""environment"":""35a62989-f226-4922-a94f-05b71577983e"",""service"":""edd77b6a-44ec-4dd0-bb6b-129583c5e8f4"",""deployment"":""65be7d91-a0e8-40d7-8fa9-14aa89a4add1"",""replica"":""a840cb83-51a9-4b35-8087-f3b0edb637f4""}",2026-02-24T16:58:27.803026944Z
"    |   File ""/usr/local/lib/python3.11/site-packages/starlette/middleware/exceptions.py"", line 62, in __call__","{""level"":""error""}","{""project"":""82a60368-a35f-407d-b91c-fda7c4df0a50"",""environment"":""35a62989-f226-4922-a94f-05b71577983e"",""service"":""edd77b6a-44ec-4dd0-bb6b-129583c5e8f4"",""deployment"":""65be7d91-a0e8-40d7-8fa9-14aa89a4add1"",""replica"":""a840cb83-51a9-4b35-8087-f3b0edb637f4""}",2026-02-24T16:58:27.803033044Z
"    |     self.gen.throw(typ, value, traceback)","{""level"":""error""}","{""project"":""82a60368-a35f-407d-b91c-fda7c4df0a50"",""environment"":""35a62989-f226-4922-a94f-05b71577983e"",""service"":""edd77b6a-44ec-4dd0-bb6b-129583c5e8f4"",""deployment"":""65be7d91-a0e8-40d7-8fa9-14aa89a4add1"",""replica"":""a840cb83-51a9-4b35-8087-f3b0edb637f4""}",2026-02-24T16:58:27.803034435Z
"    |   File ""/usr/local/lib/python3.11/site-packages/starlette/_utils.py"", line 91, in collapse_excgroups","{""level"":""error""}","{""project"":""82a60368-a35f-407d-b91c-fda7c4df0a50"",""environment"":""35a62989-f226-4922-a94f-05b71577983e"",""service"":""edd77b6a-44ec-4dd0-bb6b-129583c5e8f4"",""deployment"":""65be7d91-a0e8-40d7-8fa9-14aa89a4add1"",""replica"":""a840cb83-51a9-4b35-8087-f3b0edb637f4""}",2026-02-24T16:58:27.803049454Z
    |     raise exc,"{""level"":""error""}","{""project"":""82a60368-a35f-407d-b91c-fda7c4df0a50"",""environment"":""35a62989-f226-4922-a94f-05b71577983e"",""service"":""edd77b6a-44ec-4dd0-bb6b-129583c5e8f4"",""deployment"":""65be7d91-a0e8-40d7-8fa9-14aa89a4add1"",""replica"":""a840cb83-51a9-4b35-8087-f3b0edb637f4""}",2026-02-24T16:58:27.803055489Z
"    |   File ""/usr/local/lib/python3.11/site-packages/starlette/middleware/base.py"", line 191, in __call__","{""level"":""error""}","{""project"":""82a60368-a35f-407d-b91c-fda7c4df0a50"",""environment"":""35a62989-f226-4922-a94f-05b71577983e"",""service"":""edd77b6a-44ec-4dd0-bb6b-129583c5e8f4"",""deployment"":""65be7d91-a0e8-40d7-8fa9-14aa89a4add1"",""replica"":""a840cb83-51a9-4b35-8087-f3b0edb637f4""}",2026-02-24T16:58:27.803061703Z
"    |     response = await self.dispatch_func(request, call_next)","{""level"":""error""}","{""project"":""82a60368-a35f-407d-b91c-fda7c4df0a50"",""environment"":""35a62989-f226-4922-a94f-05b71577983e"",""service"":""edd77b6a-44ec-4dd0-bb6b-129583c5e8f4"",""deployment"":""65be7d91-a0e8-40d7-8fa9-14aa89a4add1"",""replica"":""a840cb83-51a9-4b35-8087-f3b0edb637f4""}",2026-02-24T16:58:27.803066628Z
    |                ^^^^^^^^^^^^^^^^^^^^^^^^^^^^^^^^^^^^^^^^^^^^,"{""level"":""error""}","{""project"":""82a60368-a35f-407d-b91c-fda7c4df0a50"",""environment"":""35a62989-f226-4922-a94f-05b71577983e"",""service"":""edd77b6a-44ec-4dd0-bb6b-129583c5e8f4"",""deployment"":""65be7d91-a0e8-40d7-8fa9-14aa89a4add1"",""replica"":""a840cb83-51a9-4b35-8087-f3b0edb637f4""}",2026-02-24T16:58:27.803072891Z
"    |   File ""/app/main.py"", line 113, in handle_forwarded_proto","{""level"":""error""}","{""project"":""82a60368-a35f-407d-b91c-fda7c4df0a50"",""environment"":""35a62989-f226-4922-a94f-05b71577983e"",""service"":""edd77b6a-44ec-4dd0-bb6b-129583c5e8f4"",""deployment"":""65be7d91-a0e8-40d7-8fa9-14aa89a4add1"",""replica"":""a840cb83-51a9-4b35-8087-f3b0edb637f4""}",2026-02-24T16:58:27.803076724Z
    |     response = await call_next(request),"{""level"":""error""}","{""project"":""82a60368-a35f-407d-b91c-fda7c4df0a50"",""environment"":""35a62989-f226-4922-a94f-05b71577983e"",""service"":""edd77b6a-44ec-4dd0-bb6b-129583c5e8f4"",""deployment"":""65be7d91-a0e8-40d7-8fa9-14aa89a4add1"",""replica"":""a840cb83-51a9-4b35-8087-f3b0edb637f4""}",2026-02-24T16:58:27.803080967Z
    |                ^^^^^^^^^^^^^^^^^^^^^^^^,"{""level"":""error""}","{""project"":""82a60368-a35f-407d-b91c-fda7c4df0a50"",""environment"":""35a62989-f226-4922-a94f-05b71577983e"",""service"":""edd77b6a-44ec-4dd0-bb6b-129583c5e8f4"",""deployment"":""65be7d91-a0e8-40d7-8fa9-14aa89a4add1"",""replica"":""a840cb83-51a9-4b35-8087-f3b0edb637f4""}",2026-02-24T16:58:27.803139631Z
"    |   File ""/usr/local/lib/python3.11/site-packages/starlette/middleware/base.py"", line 165, in call_next","{""level"":""error""}","{""project"":""82a60368-a35f-407d-b91c-fda7c4df0a50"",""environment"":""35a62989-f226-4922-a94f-05b71577983e"",""service"":""edd77b6a-44ec-4dd0-bb6b-129583c5e8f4"",""deployment"":""65be7d91-a0e8-40d7-8fa9-14aa89a4add1"",""replica"":""a840cb83-51a9-4b35-8087-f3b0edb637f4""}",2026-02-24T16:58:27.803144832Z
    |     raise app_exc,"{""level"":""error""}","{""project"":""82a60368-a35f-407d-b91c-fda7c4df0a50"",""environment"":""35a62989-f226-4922-a94f-05b71577983e"",""service"":""edd77b6a-44ec-4dd0-bb6b-129583c5e8f4"",""deployment"":""65be7d91-a0e8-40d7-8fa9-14aa89a4add1"",""replica"":""a840cb83-51a9-4b35-8087-f3b0edb637f4""}",2026-02-24T16:58:27.803153679Z
"    |   File ""/usr/local/lib/python3.11/site-packages/starlette/middleware/base.py"", line 151, in coro","{""level"":""error""}","{""project"":""82a60368-a35f-407d-b91c-fda7c4df0a50"",""environment"":""35a62989-f226-4922-a94f-05b71577983e"",""service"":""edd77b6a-44ec-4dd0-bb6b-129583c5e8f4"",""deployment"":""65be7d91-a0e8-40d7-8fa9-14aa89a4add1"",""replica"":""a840cb83-51a9-4b35-8087-f3b0edb637f4""}",2026-02-24T16:58:27.803157813Z
"    |     await self.app(scope, receive_or_disconnect, send_no_error)","{""level"":""error""}","{""project"":""82a60368-a35f-407d-b91c-fda7c4df0a50"",""environment"":""35a62989-f226-4922-a94f-05b71577983e"",""service"":""edd77b6a-44ec-4dd0-bb6b-129583c5e8f4"",""deployment"":""65be7d91-a0e8-40d7-8fa9-14aa89a4add1"",""replica"":""a840cb83-51a9-4b35-8087-f3b0edb637f4""}",2026-02-24T16:58:27.803161860Z
"    |   File ""/usr/local/lib/python3.11/site-packages/starlette/middleware/cors.py"", line 91, in __call__","{""level"":""error""}","{""project"":""82a60368-a35f-407d-b91c-fda7c4df0a50"",""environment"":""35a62989-f226-4922-a94f-05b71577983e"",""service"":""edd77b6a-44ec-4dd0-bb6b-129583c5e8f4"",""deployment"":""65be7d91-a0e8-40d7-8fa9-14aa89a4add1"",""replica"":""a840cb83-51a9-4b35-8087-f3b0edb637f4""}",2026-02-24T16:58:27.803165564Z
"    |     await wrap_app_handling_exceptions(self.app, conn)(scope, receive, send)","{""level"":""error""}","{""project"":""82a60368-a35f-407d-b91c-fda7c4df0a50"",""environment"":""35a62989-f226-4922-a94f-05b71577983e"",""service"":""edd77b6a-44ec-4dd0-bb6b-129583c5e8f4"",""deployment"":""65be7d91-a0e8-40d7-8fa9-14aa89a4add1"",""replica"":""a840cb83-51a9-4b35-8087-f3b0edb637f4""}",2026-02-24T16:58:27.804594252Z
"    |   File ""/usr/local/lib/python3.11/site-packages/starlette/_exception_handler.py"", line 64, in wrapped_app","{""level"":""error""}","{""project"":""82a60368-a35f-407d-b91c-fda7c4df0a50"",""environment"":""35a62989-f226-4922-a94f-05b71577983e"",""service"":""edd77b6a-44ec-4dd0-bb6b-129583c5e8f4"",""deployment"":""65be7d91-a0e8-40d7-8fa9-14aa89a4add1"",""replica"":""a840cb83-51a9-4b35-8087-f3b0edb637f4""}",2026-02-24T16:58:27.804598209Z
    |     raise exc,"{""level"":""error""}","{""project"":""82a60368-a35f-407d-b91c-fda7c4df0a50"",""environment"":""35a62989-f226-4922-a94f-05b71577983e"",""service"":""edd77b6a-44ec-4dd0-bb6b-129583c5e8f4"",""deployment"":""65be7d91-a0e8-40d7-8fa9-14aa89a4add1"",""replica"":""a840cb83-51a9-4b35-8087-f3b0edb637f4""}",2026-02-24T16:58:27.804601976Z
"    |   File ""/usr/local/lib/python3.11/site-packages/starlette/_exception_handler.py"", line 53, in wrapped_app","{""level"":""error""}","{""project"":""82a60368-a35f-407d-b91c-fda7c4df0a50"",""environment"":""35a62989-f226-4922-a94f-05b71577983e"",""service"":""edd77b6a-44ec-4dd0-bb6b-129583c5e8f4"",""deployment"":""65be7d91-a0e8-40d7-8fa9-14aa89a4add1"",""replica"":""a840cb83-51a9-4b35-8087-f3b0edb637f4""}",2026-02-24T16:58:27.804608182Z
"    |     await app(scope, receive, sender)","{""level"":""error""}","{""project"":""82a60368-a35f-407d-b91c-fda7c4df0a50"",""environment"":""35a62989-f226-4922-a94f-05b71577983e"",""service"":""edd77b6a-44ec-4dd0-bb6b-129583c5e8f4"",""deployment"":""65be7d91-a0e8-40d7-8fa9-14aa89a4add1"",""replica"":""a840cb83-51a9-4b35-8087-f3b0edb637f4""}",2026-02-24T16:58:27.804612315Z
"    |   File ""/usr/local/lib/python3.11/site-packages/starlette/routing.py"", line 762, in __call__","{""level"":""error""}","{""project"":""82a60368-a35f-407d-b91c-fda7c4df0a50"",""environment"":""35a62989-f226-4922-a94f-05b71577983e"",""service"":""edd77b6a-44ec-4dd0-bb6b-129583c5e8f4"",""deployment"":""65be7d91-a0e8-40d7-8fa9-14aa89a4add1"",""replica"":""a840cb83-51a9-4b35-8087-f3b0edb637f4""}",2026-02-24T16:58:27.804616425Z
"    |     await self.middleware_stack(scope, receive, send)","{""level"":""error""}","{""project"":""82a60368-a35f-407d-b91c-fda7c4df0a50"",""environment"":""35a62989-f226-4922-a94f-05b71577983e"",""service"":""edd77b6a-44ec-4dd0-bb6b-129583c5e8f4"",""deployment"":""65be7d91-a0e8-40d7-8fa9-14aa89a4add1"",""replica"":""a840cb83-51a9-4b35-8087-f3b0edb637f4""}",2026-02-24T16:58:27.804620196Z
"    |   File ""/usr/local/lib/python3.11/site-packages/starlette/routing.py"", line 782, in app","{""level"":""error""}","{""project"":""82a60368-a35f-407d-b91c-fda7c4df0a50"",""environment"":""35a62989-f226-4922-a94f-05b71577983e"",""service"":""edd77b6a-44ec-4dd0-bb6b-129583c5e8f4"",""deployment"":""65be7d91-a0e8-40d7-8fa9-14aa89a4add1"",""replica"":""a840cb83-51a9-4b35-8087-f3b0edb637f4""}",2026-02-24T16:58:27.804624282Z
"    |     await route.handle(scope, receive, send)","{""level"":""error""}","{""project"":""82a60368-a35f-407d-b91c-fda7c4df0a50"",""environment"":""35a62989-f226-4922-a94f-05b71577983e"",""service"":""edd77b6a-44ec-4dd0-bb6b-129583c5e8f4"",""deployment"":""65be7d91-a0e8-40d7-8fa9-14aa89a4add1"",""replica"":""a840cb83-51a9-4b35-8087-f3b0edb637f4""}",2026-02-24T16:58:27.804628550Z
"    |   File ""/usr/local/lib/python3.11/site-packages/starlette/routing.py"", line 297, in handle","{""level"":""error""}","{""project"":""82a60368-a35f-407d-b91c-fda7c4df0a50"",""environment"":""35a62989-f226-4922-a94f-05b71577983e"",""service"":""edd77b6a-44ec-4dd0-bb6b-129583c5e8f4"",""deployment"":""65be7d91-a0e8-40d7-8fa9-14aa89a4add1"",""replica"":""a840cb83-51a9-4b35-8087-f3b0edb637f4""}",2026-02-24T16:58:27.804633601Z
"    |     await self.app(scope, receive, send)","{""level"":""error""}","{""project"":""82a60368-a35f-407d-b91c-fda7c4df0a50"",""environment"":""35a62989-f226-4922-a94f-05b71577983e"",""service"":""edd77b6a-44ec-4dd0-bb6b-129583c5e8f4"",""deployment"":""65be7d91-a0e8-40d7-8fa9-14aa89a4add1"",""replica"":""a840cb83-51a9-4b35-8087-f3b0edb637f4""}",2026-02-24T16:58:27.804638633Z
"    |   File ""/usr/local/lib/python3.11/site-packages/starlette/routing.py"", line 77, in app","{""level"":""error""}","{""project"":""82a60368-a35f-407d-b91c-fda7c4df0a50"",""environment"":""35a62989-f226-4922-a94f-05b71577983e"",""service"":""edd77b6a-44ec-4dd0-bb6b-129583c5e8f4"",""deployment"":""65be7d91-a0e8-40d7-8fa9-14aa89a4add1"",""replica"":""a840cb83-51a9-4b35-8087-f3b0edb637f4""}",2026-02-24T16:58:27.804642425Z
"    |     await wrap_app_handling_exceptions(app, request)(scope, receive, send)","{""level"":""error""}","{""project"":""82a60368-a35f-407d-b91c-fda7c4df0a50"",""environment"":""35a62989-f226-4922-a94f-05b71577983e"",""service"":""edd77b6a-44ec-4dd0-bb6b-129583c5e8f4"",""deployment"":""65be7d91-a0e8-40d7-8fa9-14aa89a4add1"",""replica"":""a840cb83-51a9-4b35-8087-f3b0edb637f4""}",2026-02-24T16:58:27.804646561Z
"    |   File ""/usr/local/lib/python3.11/site-packages/starlette/_exception_handler.py"", line 64, in wrapped_app","{""level"":""error""}","{""project"":""82a60368-a35f-407d-b91c-fda7c4df0a50"",""environment"":""35a62989-f226-4922-a94f-05b71577983e"",""service"":""edd77b6a-44ec-4dd0-bb6b-129583c5e8f4"",""deployment"":""65be7d91-a0e8-40d7-8fa9-14aa89a4add1"",""replica"":""a840cb83-51a9-4b35-8087-f3b0edb637f4""}",2026-02-24T16:58:27.804651136Z
    |     raise exc,"{""level"":""error""}","{""project"":""82a60368-a35f-407d-b91c-fda7c4df0a50"",""environment"":""35a62989-f226-4922-a94f-05b71577983e"",""service"":""edd77b6a-44ec-4dd0-bb6b-129583c5e8f4"",""deployment"":""65be7d91-a0e8-40d7-8fa9-14aa89a4add1"",""replica"":""a840cb83-51a9-4b35-8087-f3b0edb637f4""}",2026-02-24T16:58:27.804654958Z
"    |   File ""/usr/local/lib/python3.11/site-packages/starlette/_exception_handler.py"", line 53, in wrapped_app","{""level"":""error""}","{""project"":""82a60368-a35f-407d-b91c-fda7c4df0a50"",""environment"":""35a62989-f226-4922-a94f-05b71577983e"",""service"":""edd77b6a-44ec-4dd0-bb6b-129583c5e8f4"",""deployment"":""65be7d91-a0e8-40d7-8fa9-14aa89a4add1"",""replica"":""a840cb83-51a9-4b35-8087-f3b0edb637f4""}",2026-02-24T16:58:27.804658555Z
"    |     await app(scope, receive, sender)","{""level"":""error""}","{""project"":""82a60368-a35f-407d-b91c-fda7c4df0a50"",""environment"":""35a62989-f226-4922-a94f-05b71577983e"",""service"":""edd77b6a-44ec-4dd0-bb6b-129583c5e8f4"",""deployment"":""65be7d91-a0e8-40d7-8fa9-14aa89a4add1"",""replica"":""a840cb83-51a9-4b35-8087-f3b0edb637f4""}",2026-02-24T16:58:27.804662688Z
"    |   File ""/usr/local/lib/python3.11/site-packages/starlette/routing.py"", line 72, in app","{""level"":""error""}","{""project"":""82a60368-a35f-407d-b91c-fda7c4df0a50"",""environment"":""35a62989-f226-4922-a94f-05b71577983e"",""service"":""edd77b6a-44ec-4dd0-bb6b-129583c5e8f4"",""deployment"":""65be7d91-a0e8-40d7-8fa9-14aa89a4add1"",""replica"":""a840cb83-51a9-4b35-8087-f3b0edb637f4""}",2026-02-24T16:58:27.804666367Z
    |     result = await greenlet_spawn(,"{""level"":""error""}","{""project"":""82a60368-a35f-407d-b91c-fda7c4df0a50"",""environment"":""35a62989-f226-4922-a94f-05b71577983e"",""service"":""edd77b6a-44ec-4dd0-bb6b-129583c5e8f4"",""deployment"":""65be7d91-a0e8-40d7-8fa9-14aa89a4add1"",""replica"":""a840cb83-51a9-4b35-8087-f3b0edb637f4""}",2026-02-24T16:58:27.806089932Z
    |              ^^^^^^^^^^^^^^^^^^^^^,"{""level"":""error""}","{""project"":""82a60368-a35f-407d-b91c-fda7c4df0a50"",""environment"":""35a62989-f226-4922-a94f-05b71577983e"",""service"":""edd77b6a-44ec-4dd0-bb6b-129583c5e8f4"",""deployment"":""65be7d91-a0e8-40d7-8fa9-14aa89a4add1"",""replica"":""a840cb83-51a9-4b35-8087-f3b0edb637f4""}",2026-02-24T16:58:27.806095526Z
"    |   File ""/usr/local/lib/python3.11/site-packages/sqlalchemy/util/_concurrency_py3k.py"", line 190, in greenlet_spawn","{""level"":""error""}","{""project"":""82a60368-a35f-407d-b91c-fda7c4df0a50"",""environment"":""35a62989-f226-4922-a94f-05b71577983e"",""service"":""edd77b6a-44ec-4dd0-bb6b-129583c5e8f4"",""deployment"":""65be7d91-a0e8-40d7-8fa9-14aa89a4add1"",""replica"":""a840cb83-51a9-4b35-8087-f3b0edb637f4""}",2026-02-24T16:58:27.806100159Z
    |     response = await func(request),"{""level"":""error""}","{""project"":""82a60368-a35f-407d-b91c-fda7c4df0a50"",""environment"":""35a62989-f226-4922-a94f-05b71577983e"",""service"":""edd77b6a-44ec-4dd0-bb6b-129583c5e8f4"",""deployment"":""65be7d91-a0e8-40d7-8fa9-14aa89a4add1"",""replica"":""a840cb83-51a9-4b35-8087-f3b0edb637f4""}",2026-02-24T16:58:27.806105789Z
    |     result = context.throw(*sys.exc_info()),"{""level"":""error""}","{""project"":""82a60368-a35f-407d-b91c-fda7c4df0a50"",""environment"":""35a62989-f226-4922-a94f-05b71577983e"",""service"":""edd77b6a-44ec-4dd0-bb6b-129583c5e8f4"",""deployment"":""65be7d91-a0e8-40d7-8fa9-14aa89a4add1"",""replica"":""a840cb83-51a9-4b35-8087-f3b0edb637f4""}",2026-02-24T16:58:27.806110546Z
    |                ^^^^^^^^^^^^^^^^^^^,"{""level"":""error""}","{""project"":""82a60368-a35f-407d-b91c-fda7c4df0a50"",""environment"":""35a62989-f226-4922-a94f-05b71577983e"",""service"":""edd77b6a-44ec-4dd0-bb6b-129583c5e8f4"",""deployment"":""65be7d91-a0e8-40d7-8fa9-14aa89a4add1"",""replica"":""a840cb83-51a9-4b35-8087-f3b0edb637f4""}",2026-02-24T16:58:27.806114132Z
    |              ^^^^^^^^^^^^^^^^^^^^^^^^^^^^^^,"{""level"":""error""}","{""project"":""82a60368-a35f-407d-b91c-fda7c4df0a50"",""environment"":""35a62989-f226-4922-a94f-05b71577983e"",""service"":""edd77b6a-44ec-4dd0-bb6b-129583c5e8f4"",""deployment"":""65be7d91-a0e8-40d7-8fa9-14aa89a4add1"",""replica"":""a840cb83-51a9-4b35-8087-f3b0edb637f4""}",2026-02-24T16:58:27.806119957Z
"    |   File ""/usr/local/lib/python3.11/site-packages/fastapi/routing.py"", line 299, in app","{""level"":""error""}","{""project"":""82a60368-a35f-407d-b91c-fda7c4df0a50"",""environment"":""35a62989-f226-4922-a94f-05b71577983e"",""service"":""edd77b6a-44ec-4dd0-bb6b-129583c5e8f4"",""deployment"":""65be7d91-a0e8-40d7-8fa9-14aa89a4add1"",""replica"":""a840cb83-51a9-4b35-8087-f3b0edb637f4""}",2026-02-24T16:58:27.806123363Z
    |     raise e,"{""level"":""error""}","{""project"":""82a60368-a35f-407d-b91c-fda7c4df0a50"",""environment"":""35a62989-f226-4922-a94f-05b71577983e"",""service"":""edd77b6a-44ec-4dd0-bb6b-129583c5e8f4"",""deployment"":""65be7d91-a0e8-40d7-8fa9-14aa89a4add1"",""replica"":""a840cb83-51a9-4b35-8087-f3b0edb637f4""}",2026-02-24T16:58:27.806127754Z
"    |   File ""/usr/local/lib/python3.11/site-packages/fastapi/routing.py"", line 294, in app","{""level"":""error""}","{""project"":""82a60368-a35f-407d-b91c-fda7c4df0a50"",""environment"":""35a62989-f226-4922-a94f-05b71577983e"",""service"":""edd77b6a-44ec-4dd0-bb6b-129583c5e8f4"",""deployment"":""65be7d91-a0e8-40d7-8fa9-14aa89a4add1"",""replica"":""a840cb83-51a9-4b35-8087-f3b0edb637f4""}",2026-02-24T16:58:27.806131234Z
    |     raw_response = await run_endpoint_function(,"{""level"":""error""}","{""project"":""82a60368-a35f-407d-b91c-fda7c4df0a50"",""environment"":""35a62989-f226-4922-a94f-05b71577983e"",""service"":""edd77b6a-44ec-4dd0-bb6b-129583c5e8f4"",""deployment"":""65be7d91-a0e8-40d7-8fa9-14aa89a4add1"",""replica"":""a840cb83-51a9-4b35-8087-f3b0edb637f4""}",2026-02-24T16:58:27.806134593Z
    |                    ^^^^^^^^^^^^^^^^^^^^^^^^^^^^,"{""level"":""error""}","{""project"":""82a60368-a35f-407d-b91c-fda7c4df0a50"",""environment"":""35a62989-f226-4922-a94f-05b71577983e"",""service"":""edd77b6a-44ec-4dd0-bb6b-129583c5e8f4"",""deployment"":""65be7d91-a0e8-40d7-8fa9-14aa89a4add1"",""replica"":""a840cb83-51a9-4b35-8087-f3b0edb637f4""}",2026-02-24T16:58:27.806137984Z
"    |   File ""/usr/local/lib/python3.11/site-packages/fastapi/routing.py"", line 191, in run_endpoint_function","{""level"":""error""}","{""project"":""82a60368-a35f-407d-b91c-fda7c4df0a50"",""environment"":""35a62989-f226-4922-a94f-05b71577983e"",""service"":""edd77b6a-44ec-4dd0-bb6b-129583c5e8f4"",""deployment"":""65be7d91-a0e8-40d7-8fa9-14aa89a4add1"",""replica"":""a840cb83-51a9-4b35-8087-f3b0edb637f4""}",2026-02-24T16:58:27.806141339Z
    |     return await dependant.call(**values),"{""level"":""error""}","{""project"":""82a60368-a35f-407d-b91c-fda7c4df0a50"",""environment"":""35a62989-f226-4922-a94f-05b71577983e"",""service"":""edd77b6a-44ec-4dd0-bb6b-129583c5e8f4"",""deployment"":""65be7d91-a0e8-40d7-8fa9-14aa89a4add1"",""replica"":""a840cb83-51a9-4b35-8087-f3b0edb637f4""}",2026-02-24T16:58:27.806144667Z
    |            ^^^^^^^^^^^^^^^^^^^^^^^^^^^^^^,"{""level"":""error""}","{""project"":""82a60368-a35f-407d-b91c-fda7c4df0a50"",""environment"":""35a62989-f226-4922-a94f-05b71577983e"",""service"":""edd77b6a-44ec-4dd0-bb6b-129583c5e8f4"",""deployment"":""65be7d91-a0e8-40d7-8fa9-14aa89a4add1"",""replica"":""a840cb83-51a9-4b35-8087-f3b0edb637f4""}",2026-02-24T16:58:27.806148473Z
"    |   File ""/app/api/v1/endpoints/admin.py"", line 32, in get_admin_stats","{""level"":""error""}","{""project"":""82a60368-a35f-407d-b91c-fda7c4df0a50"",""environment"":""35a62989-f226-4922-a94f-05b71577983e"",""service"":""edd77b6a-44ec-4dd0-bb6b-129583c5e8f4"",""deployment"":""65be7d91-a0e8-40d7-8fa9-14aa89a4add1"",""replica"":""a840cb83-51a9-4b35-8087-f3b0edb637f4""}",2026-02-24T16:58:27.806151955Z
    |     result = await db.execute(select(func.count(Client.id))),"{""level"":""error""}","{""project"":""82a60368-a35f-407d-b91c-fda7c4df0a50"",""environment"":""35a62989-f226-4922-a94f-05b71577983e"",""service"":""edd77b6a-44ec-4dd0-bb6b-129583c5e8f4"",""deployment"":""65be7d91-a0e8-40d7-8fa9-14aa89a4add1"",""replica"":""a840cb83-51a9-4b35-8087-f3b0edb637f4""}",2026-02-24T16:58:27.806155281Z
    |              ^^^^^^^^^^^^^^^^^^^^^^^^^^^^^^^^^^^^^^^^^^^^^^^,"{""level"":""error""}","{""project"":""82a60368-a35f-407d-b91c-fda7c4df0a50"",""environment"":""35a62989-f226-4922-a94f-05b71577983e"",""service"":""edd77b6a-44ec-4dd0-bb6b-129583c5e8f4"",""deployment"":""65be7d91-a0e8-40d7-8fa9-14aa89a4add1"",""replica"":""a840cb83-51a9-4b35-8087-f3b0edb637f4""}",2026-02-24T16:58:27.806158452Z
"    |   File ""/usr/local/lib/python3.11/site-packages/sqlalchemy/ext/asyncio/session.py"", line 454, in execute","{""level"":""error""}","{""project"":""82a60368-a35f-407d-b91c-fda7c4df0a50"",""environment"":""35a62989-f226-4922-a94f-05b71577983e"",""service"":""edd77b6a-44ec-4dd0-bb6b-129583c5e8f4"",""deployment"":""65be7d91-a0e8-40d7-8fa9-14aa89a4add1"",""replica"":""a840cb83-51a9-4b35-8087-f3b0edb637f4""}",2026-02-24T16:58:27.806161929Z
"    |   File ""/usr/local/lib/python3.11/site-packages/sqlalchemy/orm/session.py"", line 2262, in execute","{""level"":""error""}","{""project"":""82a60368-a35f-407d-b91c-fda7c4df0a50"",""environment"":""35a62989-f226-4922-a94f-05b71577983e"",""service"":""edd77b6a-44ec-4dd0-bb6b-129583c5e8f4"",""deployment"":""65be7d91-a0e8-40d7-8fa9-14aa89a4add1"",""replica"":""a840cb83-51a9-4b35-8087-f3b0edb637f4""}",2026-02-24T16:58:27.807479502Z
    |     return self._execute_internal(,"{""level"":""error""}","{""project"":""82a60368-a35f-407d-b91c-fda7c4df0a50"",""environment"":""35a62989-f226-4922-a94f-05b71577983e"",""service"":""edd77b6a-44ec-4dd0-bb6b-129583c5e8f4"",""deployment"":""65be7d91-a0e8-40d7-8fa9-14aa89a4add1"",""replica"":""a840cb83-51a9-4b35-8087-f3b0edb637f4""}",2026-02-24T16:58:27.807482888Z
    |            ^^^^^^^^^^^^^^^^^^^^^^^,"{""level"":""error""}","{""project"":""82a60368-a35f-407d-b91c-fda7c4df0a50"",""environment"":""35a62989-f226-4922-a94f-05b71577983e"",""service"":""edd77b6a-44ec-4dd0-bb6b-129583c5e8f4"",""deployment"":""65be7d91-a0e8-40d7-8fa9-14aa89a4add1"",""replica"":""a840cb83-51a9-4b35-8087-f3b0edb637f4""}",2026-02-24T16:58:27.807487170Z
"    |   File ""/usr/local/lib/python3.11/site-packages/sqlalchemy/orm/session.py"", line 2134, in _execute_internal","{""level"":""error""}","{""project"":""82a60368-a35f-407d-b91c-fda7c4df0a50"",""environment"":""35a62989-f226-4922-a94f-05b71577983e"",""service"":""edd77b6a-44ec-4dd0-bb6b-129583c5e8f4"",""deployment"":""65be7d91-a0e8-40d7-8fa9-14aa89a4add1"",""replica"":""a840cb83-51a9-4b35-8087-f3b0edb637f4""}",2026-02-24T16:58:27.807491664Z
    |     conn = self._connection_for_bind(bind),"{""level"":""error""}","{""project"":""82a60368-a35f-407d-b91c-fda7c4df0a50"",""environment"":""35a62989-f226-4922-a94f-05b71577983e"",""service"":""edd77b6a-44ec-4dd0-bb6b-129583c5e8f4"",""deployment"":""65be7d91-a0e8-40d7-8fa9-14aa89a4add1"",""replica"":""a840cb83-51a9-4b35-8087-f3b0edb637f4""}",2026-02-24T16:58:27.807560753Z
    |            ^^^^^^^^^^^^^^^^^^^^^^^^^^^^^^^,"{""level"":""error""}","{""project"":""82a60368-a35f-407d-b91c-fda7c4df0a50"",""environment"":""35a62989-f226-4922-a94f-05b71577983e"",""service"":""edd77b6a-44ec-4dd0-bb6b-129583c5e8f4"",""deployment"":""65be7d91-a0e8-40d7-8fa9-14aa89a4add1"",""replica"":""a840cb83-51a9-4b35-8087-f3b0edb637f4""}",2026-02-24T16:58:27.807564057Z
"    |   File ""/usr/local/lib/python3.11/site-packages/sqlalchemy/orm/session.py"", line 2001, in _connection_for_bind","{""level"":""error""}","{""project"":""82a60368-a35f-407d-b91c-fda7c4df0a50"",""environment"":""35a62989-f226-4922-a94f-05b71577983e"",""service"":""edd77b6a-44ec-4dd0-bb6b-129583c5e8f4"",""deployment"":""65be7d91-a0e8-40d7-8fa9-14aa89a4add1"",""replica"":""a840cb83-51a9-4b35-8087-f3b0edb637f4""}",2026-02-24T16:58:27.807568369Z
"    |     return trans._connection_for_bind(engine, execution_options)","{""level"":""error""}","{""project"":""82a60368-a35f-407d-b91c-fda7c4df0a50"",""environment"":""35a62989-f226-4922-a94f-05b71577983e"",""service"":""edd77b6a-44ec-4dd0-bb6b-129583c5e8f4"",""deployment"":""65be7d91-a0e8-40d7-8fa9-14aa89a4add1"",""replica"":""a840cb83-51a9-4b35-8087-f3b0edb637f4""}",2026-02-24T16:58:27.807572320Z
    |            ^^^^^^^^^^^^^^^^^^^^^^^^^^^^^^^^^^^^^^^^^^^^^^^^^^^^^,"{""level"":""error""}","{""project"":""82a60368-a35f-407d-b91c-fda7c4df0a50"",""environment"":""35a62989-f226-4922-a94f-05b71577983e"",""service"":""edd77b6a-44ec-4dd0-bb6b-129583c5e8f4"",""deployment"":""65be7d91-a0e8-40d7-8fa9-14aa89a4add1"",""replica"":""a840cb83-51a9-4b35-8087-f3b0edb637f4""}",2026-02-24T16:58:27.807575215Z
"    |   File ""<string>"", line 2, in _connection_for_bind","{""level"":""error""}","{""project"":""82a60368-a35f-407d-b91c-fda7c4df0a50"",""environment"":""35a62989-f226-4922-a94f-05b71577983e"",""service"":""edd77b6a-44ec-4dd0-bb6b-129583c5e8f4"",""deployment"":""65be7d91-a0e8-40d7-8fa9-14aa89a4add1"",""replica"":""a840cb83-51a9-4b35-8087-f3b0edb637f4""}",2026-02-24T16:58:27.807579708Z
"    |   File ""/usr/local/lib/python3.11/site-packages/sqlalchemy/orm/state_changes.py"", line 139, in _go","{""level"":""error""}","{""project"":""82a60368-a35f-407d-b91c-fda7c4df0a50"",""environment"":""35a62989-f226-4922-a94f-05b71577983e"",""service"":""edd77b6a-44ec-4dd0-bb6b-129583c5e8f4"",""deployment"":""65be7d91-a0e8-40d7-8fa9-14aa89a4add1"",""replica"":""a840cb83-51a9-4b35-8087-f3b0edb637f4""}",2026-02-24T16:58:27.807582573Z
"    |     ret_value = fn(self, *arg, **kw)","{""level"":""error""}","{""project"":""82a60368-a35f-407d-b91c-fda7c4df0a50"",""environment"":""35a62989-f226-4922-a94f-05b71577983e"",""service"":""edd77b6a-44ec-4dd0-bb6b-129583c5e8f4"",""deployment"":""65be7d91-a0e8-40d7-8fa9-14aa89a4add1"",""replica"":""a840cb83-51a9-4b35-8087-f3b0edb637f4""}",2026-02-24T16:58:27.807586749Z
    |                 ^^^^^^^^^^^^^^^^^^^^,"{""level"":""error""}","{""project"":""82a60368-a35f-407d-b91c-fda7c4df0a50"",""environment"":""35a62989-f226-4922-a94f-05b71577983e"",""service"":""edd77b6a-44ec-4dd0-bb6b-129583c5e8f4"",""deployment"":""65be7d91-a0e8-40d7-8fa9-14aa89a4add1"",""replica"":""a840cb83-51a9-4b35-8087-f3b0edb637f4""}",2026-02-24T16:58:27.807589441Z
"    |   File ""/usr/local/lib/python3.11/site-packages/sqlalchemy/orm/session.py"", line 1126, in _connection_for_bind","{""level"":""error""}","{""project"":""82a60368-a35f-407d-b91c-fda7c4df0a50"",""environment"":""35a62989-f226-4922-a94f-05b71577983e"",""service"":""edd77b6a-44ec-4dd0-bb6b-129583c5e8f4"",""deployment"":""65be7d91-a0e8-40d7-8fa9-14aa89a4add1"",""replica"":""a840cb83-51a9-4b35-8087-f3b0edb637f4""}",2026-02-24T16:58:27.807593508Z
    |     conn = bind.connect(),"{""level"":""error""}","{""project"":""82a60368-a35f-407d-b91c-fda7c4df0a50"",""environment"":""35a62989-f226-4922-a94f-05b71577983e"",""service"":""edd77b6a-44ec-4dd0-bb6b-129583c5e8f4"",""deployment"":""65be7d91-a0e8-40d7-8fa9-14aa89a4add1"",""replica"":""a840cb83-51a9-4b35-8087-f3b0edb637f4""}",2026-02-24T16:58:27.807596609Z
    |            ^^^^^^^^^^^^^^,"{""level"":""error""}","{""project"":""82a60368-a35f-407d-b91c-fda7c4df0a50"",""environment"":""35a62989-f226-4922-a94f-05b71577983e"",""service"":""edd77b6a-44ec-4dd0-bb6b-129583c5e8f4"",""deployment"":""65be7d91-a0e8-40d7-8fa9-14aa89a4add1"",""replica"":""a840cb83-51a9-4b35-8087-f3b0edb637f4""}",2026-02-24T16:58:27.807600560Z
"    |   File ""/usr/local/lib/python3.11/site-packages/sqlalchemy/engine/base.py"", line 3264, in connect","{""level"":""error""}","{""project"":""82a60368-a35f-407d-b91c-fda7c4df0a50"",""environment"":""35a62989-f226-4922-a94f-05b71577983e"",""service"":""edd77b6a-44ec-4dd0-bb6b-129583c5e8f4"",""deployment"":""65be7d91-a0e8-40d7-8fa9-14aa89a4add1"",""replica"":""a840cb83-51a9-4b35-8087-f3b0edb637f4""}",2026-02-24T16:58:27.807604701Z
    |     return self._connection_cls(self),"{""level"":""error""}","{""project"":""82a60368-a35f-407d-b91c-fda7c4df0a50"",""environment"":""35a62989-f226-4922-a94f-05b71577983e"",""service"":""edd77b6a-44ec-4dd0-bb6b-129583c5e8f4"",""deployment"":""65be7d91-a0e8-40d7-8fa9-14aa89a4add1"",""replica"":""a840cb83-51a9-4b35-8087-f3b0edb637f4""}",2026-02-24T16:58:27.807607435Z
    |            ^^^^^^^^^^^^^^^^^^^^^^^^^^,"{""level"":""error""}","{""project"":""82a60368-a35f-407d-b91c-fda7c4df0a50"",""environment"":""35a62989-f226-4922-a94f-05b71577983e"",""service"":""edd77b6a-44ec-4dd0-bb6b-129583c5e8f4"",""deployment"":""65be7d91-a0e8-40d7-8fa9-14aa89a4add1"",""replica"":""a840cb83-51a9-4b35-8087-f3b0edb637f4""}",2026-02-24T16:58:27.807611449Z
"    |   File ""/usr/local/lib/python3.11/site-packages/sqlalchemy/engine/base.py"", line 145, in __init__","{""level"":""error""}","{""project"":""82a60368-a35f-407d-b91c-fda7c4df0a50"",""environment"":""35a62989-f226-4922-a94f-05b71577983e"",""service"":""edd77b6a-44ec-4dd0-bb6b-129583c5e8f4"",""deployment"":""65be7d91-a0e8-40d7-8fa9-14aa89a4add1"",""replica"":""a840cb83-51a9-4b35-8087-f3b0edb637f4""}",2026-02-24T16:58:27.808798608Z
    |     self._dbapi_connection = engine.raw_connection(),"{""level"":""error""}","{""project"":""82a60368-a35f-407d-b91c-fda7c4df0a50"",""environment"":""35a62989-f226-4922-a94f-05b71577983e"",""service"":""edd77b6a-44ec-4dd0-bb6b-129583c5e8f4"",""deployment"":""65be7d91-a0e8-40d7-8fa9-14aa89a4add1"",""replica"":""a840cb83-51a9-4b35-8087-f3b0edb637f4""}",2026-02-24T16:58:27.808804405Z
    |                              ^^^^^^^^^^^^^^^^^^^^^^^,"{""level"":""error""}","{""project"":""82a60368-a35f-407d-b91c-fda7c4df0a50"",""environment"":""35a62989-f226-4922-a94f-05b71577983e"",""service"":""edd77b6a-44ec-4dd0-bb6b-129583c5e8f4"",""deployment"":""65be7d91-a0e8-40d7-8fa9-14aa89a4add1"",""replica"":""a840cb83-51a9-4b35-8087-f3b0edb637f4""}",2026-02-24T16:58:27.808808674Z
"    |   File ""/usr/local/lib/python3.11/site-packages/sqlalchemy/engine/base.py"", line 3288, in raw_connection","{""level"":""error""}","{""project"":""82a60368-a35f-407d-b91c-fda7c4df0a50"",""environment"":""35a62989-f226-4922-a94f-05b71577983e"",""service"":""edd77b6a-44ec-4dd0-bb6b-129583c5e8f4"",""deployment"":""65be7d91-a0e8-40d7-8fa9-14aa89a4add1"",""replica"":""a840cb83-51a9-4b35-8087-f3b0edb637f4""}",2026-02-24T16:58:27.808812902Z
    |     return self.pool.connect(),"{""level"":""error""}","{""project"":""82a60368-a35f-407d-b91c-fda7c4df0a50"",""environment"":""35a62989-f226-4922-a94f-05b71577983e"",""service"":""edd77b6a-44ec-4dd0-bb6b-129583c5e8f4"",""deployment"":""65be7d91-a0e8-40d7-8fa9-14aa89a4add1"",""replica"":""a840cb83-51a9-4b35-8087-f3b0edb637f4""}",2026-02-24T16:58:27.808817011Z
    |            ^^^^^^^^^^^^^^^^^^^,"{""level"":""error""}","{""project"":""82a60368-a35f-407d-b91c-fda7c4df0a50"",""environment"":""35a62989-f226-4922-a94f-05b71577983e"",""service"":""edd77b6a-44ec-4dd0-bb6b-129583c5e8f4"",""deployment"":""65be7d91-a0e8-40d7-8fa9-14aa89a4add1"",""replica"":""a840cb83-51a9-4b35-8087-f3b0edb637f4""}",2026-02-24T16:58:27.808821503Z
"    |   File ""/usr/local/lib/python3.11/site-packages/sqlalchemy/pool/base.py"", line 452, in connect","{""level"":""error""}","{""project"":""82a60368-a35f-407d-b91c-fda7c4df0a50"",""environment"":""35a62989-f226-4922-a94f-05b71577983e"",""service"":""edd77b6a-44ec-4dd0-bb6b-129583c5e8f4"",""deployment"":""65be7d91-a0e8-40d7-8fa9-14aa89a4add1"",""replica"":""a840cb83-51a9-4b35-8087-f3b0edb637f4""}",2026-02-24T16:58:27.808825481Z
    |     return _ConnectionFairy._checkout(self),"{""level"":""error""}","{""project"":""82a60368-a35f-407d-b91c-fda7c4df0a50"",""environment"":""35a62989-f226-4922-a94f-05b71577983e"",""service"":""edd77b6a-44ec-4dd0-bb6b-129583c5e8f4"",""deployment"":""65be7d91-a0e8-40d7-8fa9-14aa89a4add1"",""replica"":""a840cb83-51a9-4b35-8087-f3b0edb637f4""}",2026-02-24T16:58:27.808829652Z
    |            ^^^^^^^^^^^^^^^^^^^^^^^^^^^^^^^^,"{""level"":""error""}","{""project"":""82a60368-a35f-407d-b91c-fda7c4df0a50"",""environment"":""35a62989-f226-4922-a94f-05b71577983e"",""service"":""edd77b6a-44ec-4dd0-bb6b-129583c5e8f4"",""deployment"":""65be7d91-a0e8-40d7-8fa9-14aa89a4add1"",""replica"":""a840cb83-51a9-4b35-8087-f3b0edb637f4""}",2026-02-24T16:58:27.808834037Z
"    |   File ""/usr/local/lib/python3.11/site-packages/sqlalchemy/pool/base.py"", line 1267, in _checkout","{""level"":""error""}","{""project"":""82a60368-a35f-407d-b91c-fda7c4df0a50"",""environment"":""35a62989-f226-4922-a94f-05b71577983e"",""service"":""edd77b6a-44ec-4dd0-bb6b-129583c5e8f4"",""deployment"":""65be7d91-a0e8-40d7-8fa9-14aa89a4add1"",""replica"":""a840cb83-51a9-4b35-8087-f3b0edb637f4""}",2026-02-24T16:58:27.808839744Z
    |     fairy = _ConnectionRecord.checkout(pool),"{""level"":""error""}","{""project"":""82a60368-a35f-407d-b91c-fda7c4df0a50"",""environment"":""35a62989-f226-4922-a94f-05b71577983e"",""service"":""edd77b6a-44ec-4dd0-bb6b-129583c5e8f4"",""deployment"":""65be7d91-a0e8-40d7-8fa9-14aa89a4add1"",""replica"":""a840cb83-51a9-4b35-8087-f3b0edb637f4""}",2026-02-24T16:58:27.808844968Z
    |             ^^^^^^^^^^^^^^^^^^^^^^^^^^^^^^^^,"{""level"":""error""}","{""project"":""82a60368-a35f-407d-b91c-fda7c4df0a50"",""environment"":""35a62989-f226-4922-a94f-05b71577983e"",""service"":""edd77b6a-44ec-4dd0-bb6b-129583c5e8f4"",""deployment"":""65be7d91-a0e8-40d7-8fa9-14aa89a4add1"",""replica"":""a840cb83-51a9-4b35-8087-f3b0edb637f4""}",2026-02-24T16:58:27.808849373Z
"    |   File ""/usr/local/lib/python3.11/site-packages/sqlalchemy/pool/base.py"", line 716, in checkout","{""level"":""error""}","{""project"":""82a60368-a35f-407d-b91c-fda7c4df0a50"",""environment"":""35a62989-f226-4922-a94f-05b71577983e"",""service"":""edd77b6a-44ec-4dd0-bb6b-129583c5e8f4"",""deployment"":""65be7d91-a0e8-40d7-8fa9-14aa89a4add1"",""replica"":""a840cb83-51a9-4b35-8087-f3b0edb637f4""}",2026-02-24T16:58:27.808854243Z
    |     rec = pool._do_get(),"{""level"":""error""}","{""project"":""82a60368-a35f-407d-b91c-fda7c4df0a50"",""environment"":""35a62989-f226-4922-a94f-05b71577983e"",""service"":""edd77b6a-44ec-4dd0-bb6b-129583c5e8f4"",""deployment"":""65be7d91-a0e8-40d7-8fa9-14aa89a4add1"",""replica"":""a840cb83-51a9-4b35-8087-f3b0edb637f4""}",2026-02-24T16:58:27.808859814Z
    |           ^^^^^^^^^^^^^^,"{""level"":""error""}","{""project"":""82a60368-a35f-407d-b91c-fda7c4df0a50"",""environment"":""35a62989-f226-4922-a94f-05b71577983e"",""service"":""edd77b6a-44ec-4dd0-bb6b-129583c5e8f4"",""deployment"":""65be7d91-a0e8-40d7-8fa9-14aa89a4add1"",""replica"":""a840cb83-51a9-4b35-8087-f3b0edb637f4""}",2026-02-24T16:58:27.808865224Z
"    |   File ""/usr/local/lib/python3.11/site-packages/sqlalchemy/pool/impl.py"", line 169, in _do_get","{""level"":""error""}","{""project"":""82a60368-a35f-407d-b91c-fda7c4df0a50"",""environment"":""35a62989-f226-4922-a94f-05b71577983e"",""service"":""edd77b6a-44ec-4dd0-bb6b-129583c5e8f4"",""deployment"":""65be7d91-a0e8-40d7-8fa9-14aa89a4add1"",""replica"":""a840cb83-51a9-4b35-8087-f3b0edb637f4""}",2026-02-24T16:58:27.808870127Z
    |     with util.safe_reraise():,"{""level"":""error""}","{""project"":""82a60368-a35f-407d-b91c-fda7c4df0a50"",""environment"":""35a62989-f226-4922-a94f-05b71577983e"",""service"":""edd77b6a-44ec-4dd0-bb6b-129583c5e8f4"",""deployment"":""65be7d91-a0e8-40d7-8fa9-14aa89a4add1"",""replica"":""a840cb83-51a9-4b35-8087-f3b0edb637f4""}",2026-02-24T16:58:27.808875836Z
"    |   File ""/usr/local/lib/python3.11/site-packages/sqlalchemy/util/langhelpers.py"", line 146, in __exit__","{""level"":""error""}","{""project"":""82a60368-a35f-407d-b91c-fda7c4df0a50"",""environment"":""35a62989-f226-4922-a94f-05b71577983e"",""service"":""edd77b6a-44ec-4dd0-bb6b-129583c5e8f4"",""deployment"":""65be7d91-a0e8-40d7-8fa9-14aa89a4add1"",""replica"":""a840cb83-51a9-4b35-8087-f3b0edb637f4""}",2026-02-24T16:58:27.808879902Z
    |     raise exc_value.with_traceback(exc_tb),"{""level"":""error""}","{""project"":""82a60368-a35f-407d-b91c-fda7c4df0a50"",""environment"":""35a62989-f226-4922-a94f-05b71577983e"",""service"":""edd77b6a-44ec-4dd0-bb6b-129583c5e8f4"",""deployment"":""65be7d91-a0e8-40d7-8fa9-14aa89a4add1"",""replica"":""a840cb83-51a9-4b35-8087-f3b0edb637f4""}",2026-02-24T16:58:27.810097485Z
"    |   File ""/usr/local/lib/python3.11/site-packages/sqlalchemy/pool/impl.py"", line 167, in _do_get","{""level"":""error""}","{""project"":""82a60368-a35f-407d-b91c-fda7c4df0a50"",""environment"":""35a62989-f226-4922-a94f-05b71577983e"",""service"":""edd77b6a-44ec-4dd0-bb6b-129583c5e8f4"",""deployment"":""65be7d91-a0e8-40d7-8fa9-14aa89a4add1"",""replica"":""a840cb83-51a9-4b35-8087-f3b0edb637f4""}",2026-02-24T16:58:27.810103126Z
    |     return self._create_connection(),"{""level"":""error""}","{""project"":""82a60368-a35f-407d-b91c-fda7c4df0a50"",""environment"":""35a62989-f226-4922-a94f-05b71577983e"",""service"":""edd77b6a-44ec-4dd0-bb6b-129583c5e8f4"",""deployment"":""65be7d91-a0e8-40d7-8fa9-14aa89a4add1"",""replica"":""a840cb83-51a9-4b35-8087-f3b0edb637f4""}",2026-02-24T16:58:27.810108637Z
    |            ^^^^^^^^^^^^^^^^^^^^^^^^^,"{""level"":""error""}","{""project"":""82a60368-a35f-407d-b91c-fda7c4df0a50"",""environment"":""35a62989-f226-4922-a94f-05b71577983e"",""service"":""edd77b6a-44ec-4dd0-bb6b-129583c5e8f4"",""deployment"":""65be7d91-a0e8-40d7-8fa9-14aa89a4add1"",""replica"":""a840cb83-51a9-4b35-8087-f3b0edb637f4""}",2026-02-24T16:58:27.810114370Z
"    |   File ""/usr/local/lib/python3.11/site-packages/sqlalchemy/pool/base.py"", line 393, in _create_connection","{""level"":""error""}","{""project"":""82a60368-a35f-407d-b91c-fda7c4df0a50"",""environment"":""35a62989-f226-4922-a94f-05b71577983e"",""service"":""edd77b6a-44ec-4dd0-bb6b-129583c5e8f4"",""deployment"":""65be7d91-a0e8-40d7-8fa9-14aa89a4add1"",""replica"":""a840cb83-51a9-4b35-8087-f3b0edb637f4""}",2026-02-24T16:58:27.810119714Z
    |     return _ConnectionRecord(self),"{""level"":""error""}","{""project"":""82a60368-a35f-407d-b91c-fda7c4df0a50"",""environment"":""35a62989-f226-4922-a94f-05b71577983e"",""service"":""edd77b6a-44ec-4dd0-bb6b-129583c5e8f4"",""deployment"":""65be7d91-a0e8-40d7-8fa9-14aa89a4add1"",""replica"":""a840cb83-51a9-4b35-8087-f3b0edb637f4""}",2026-02-24T16:58:27.810125370Z
    |            ^^^^^^^^^^^^^^^^^^^^^^^,"{""level"":""error""}","{""project"":""82a60368-a35f-407d-b91c-fda7c4df0a50"",""environment"":""35a62989-f226-4922-a94f-05b71577983e"",""service"":""edd77b6a-44ec-4dd0-bb6b-129583c5e8f4"",""deployment"":""65be7d91-a0e8-40d7-8fa9-14aa89a4add1"",""replica"":""a840cb83-51a9-4b35-8087-f3b0edb637f4""}",2026-02-24T16:58:27.810131476Z
"    |   File ""/usr/local/lib/python3.11/site-packages/sqlalchemy/pool/base.py"", line 678, in __init__","{""level"":""error""}","{""project"":""82a60368-a35f-407d-b91c-fda7c4df0a50"",""environment"":""35a62989-f226-4922-a94f-05b71577983e"",""service"":""edd77b6a-44ec-4dd0-bb6b-129583c5e8f4"",""deployment"":""65be7d91-a0e8-40d7-8fa9-14aa89a4add1"",""replica"":""a840cb83-51a9-4b35-8087-f3b0edb637f4""}",2026-02-24T16:58:27.810138019Z
    |     self.__connect(),"{""level"":""error""}","{""project"":""82a60368-a35f-407d-b91c-fda7c4df0a50"",""environment"":""35a62989-f226-4922-a94f-05b71577983e"",""service"":""edd77b6a-44ec-4dd0-bb6b-129583c5e8f4"",""deployment"":""65be7d91-a0e8-40d7-8fa9-14aa89a4add1"",""replica"":""a840cb83-51a9-4b35-8087-f3b0edb637f4""}",2026-02-24T16:58:27.810143258Z
"    |   File ""/usr/local/lib/python3.11/site-packages/sqlalchemy/pool/base.py"", line 916, in __connect","{""level"":""error""}","{""project"":""82a60368-a35f-407d-b91c-fda7c4df0a50"",""environment"":""35a62989-f226-4922-a94f-05b71577983e"",""service"":""edd77b6a-44ec-4dd0-bb6b-129583c5e8f4"",""deployment"":""65be7d91-a0e8-40d7-8fa9-14aa89a4add1"",""replica"":""a840cb83-51a9-4b35-8087-f3b0edb637f4""}",2026-02-24T16:58:27.810148117Z
"    |     )._exec_w_sync_on_first_run(self.dbapi_connection, self)","{""level"":""error""}","{""project"":""82a60368-a35f-407d-b91c-fda7c4df0a50"",""environment"":""35a62989-f226-4922-a94f-05b71577983e"",""service"":""edd77b6a-44ec-4dd0-bb6b-129583c5e8f4"",""deployment"":""65be7d91-a0e8-40d7-8fa9-14aa89a4add1"",""replica"":""a840cb83-51a9-4b35-8087-f3b0edb637f4""}",2026-02-24T16:58:27.810152937Z
    |       ^^^^^^^^^^^^^^^^^^^^^^^^^^^^^^^^^^^^^^^^^^^^^^^^^^^^^^,"{""level"":""error""}","{""project"":""82a60368-a35f-407d-b91c-fda7c4df0a50"",""environment"":""35a62989-f226-4922-a94f-05b71577983e"",""service"":""edd77b6a-44ec-4dd0-bb6b-129583c5e8f4"",""deployment"":""65be7d91-a0e8-40d7-8fa9-14aa89a4add1"",""replica"":""a840cb83-51a9-4b35-8087-f3b0edb637f4""}",2026-02-24T16:58:27.810157593Z
"    |   File ""/usr/local/lib/python3.11/site-packages/sqlalchemy/event/attr.py"", line 473, in _exec_w_sync_on_first_run","{""level"":""error""}","{""project"":""82a60368-a35f-407d-b91c-fda7c4df0a50"",""environment"":""35a62989-f226-4922-a94f-05b71577983e"",""service"":""edd77b6a-44ec-4dd0-bb6b-129583c5e8f4"",""deployment"":""65be7d91-a0e8-40d7-8fa9-14aa89a4add1"",""replica"":""a840cb83-51a9-4b35-8087-f3b0edb637f4""}",2026-02-24T16:58:27.810162136Z
"    |     self(*args, **kw)","{""level"":""error""}","{""project"":""82a60368-a35f-407d-b91c-fda7c4df0a50"",""environment"":""35a62989-f226-4922-a94f-05b71577983e"",""service"":""edd77b6a-44ec-4dd0-bb6b-129583c5e8f4"",""deployment"":""65be7d91-a0e8-40d7-8fa9-14aa89a4add1"",""replica"":""a840cb83-51a9-4b35-8087-f3b0edb637f4""}",2026-02-24T16:58:27.810167624Z
"    |   File ""/usr/local/lib/python3.11/site-packages/sqlalchemy/event/attr.py"", line 487, in __call__","{""level"":""error""}","{""project"":""82a60368-a35f-407d-b91c-fda7c4df0a50"",""environment"":""35a62989-f226-4922-a94f-05b71577983e"",""service"":""edd77b6a-44ec-4dd0-bb6b-129583c5e8f4"",""deployment"":""65be7d91-a0e8-40d7-8fa9-14aa89a4add1"",""replica"":""a840cb83-51a9-4b35-8087-f3b0edb637f4""}",2026-02-24T16:58:27.810171751Z
"    |     fn(*args, **kw)","{""level"":""error""}","{""project"":""82a60368-a35f-407d-b91c-fda7c4df0a50"",""environment"":""35a62989-f226-4922-a94f-05b71577983e"",""service"":""edd77b6a-44ec-4dd0-bb6b-129583c5e8f4"",""deployment"":""65be7d91-a0e8-40d7-8fa9-14aa89a4add1"",""replica"":""a840cb83-51a9-4b35-8087-f3b0edb637f4""}",2026-02-24T16:58:27.810175572Z
"    |   File ""/usr/local/lib/python3.11/site-packages/sqlalchemy/engine/create.py"", line 704, in on_connect","{""level"":""error""}","{""project"":""82a60368-a35f-407d-b91c-fda7c4df0a50"",""environment"":""35a62989-f226-4922-a94f-05b71577983e"",""service"":""edd77b6a-44ec-4dd0-bb6b-129583c5e8f4"",""deployment"":""65be7d91-a0e8-40d7-8fa9-14aa89a4add1"",""replica"":""a840cb83-51a9-4b35-8087-f3b0edb637f4""}",2026-02-24T16:58:27.810179877Z
    |     do_on_connect(dbapi_connection),"{""level"":""error""}","{""project"":""82a60368-a35f-407d-b91c-fda7c4df0a50"",""environment"":""35a62989-f226-4922-a94f-05b71577983e"",""service"":""edd77b6a-44ec-4dd0-bb6b-129583c5e8f4"",""deployment"":""65be7d91-a0e8-40d7-8fa9-14aa89a4add1"",""replica"":""a840cb83-51a9-4b35-8087-f3b0edb637f4""}",2026-02-24T16:58:27.810183826Z
"    |   File ""/usr/local/lib/python3.11/site-packages/sqlalchemy/dialects/postgresql/asyncpg.py"", line 1240, in connect","{""level"":""error""}","{""project"":""82a60368-a35f-407d-b91c-fda7c4df0a50"",""environment"":""35a62989-f226-4922-a94f-05b71577983e"",""service"":""edd77b6a-44ec-4dd0-bb6b-129583c5e8f4"",""deployment"":""65be7d91-a0e8-40d7-8fa9-14aa89a4add1"",""replica"":""a840cb83-51a9-4b35-8087-f3b0edb637f4""}",2026-02-24T16:58:27.810187742Z
    |     conn.await_(self.setup_asyncpg_json_codec(conn)),"{""level"":""error""}","{""project"":""82a60368-a35f-407d-b91c-fda7c4df0a50"",""environment"":""35a62989-f226-4922-a94f-05b71577983e"",""service"":""edd77b6a-44ec-4dd0-bb6b-129583c5e8f4"",""deployment"":""65be7d91-a0e8-40d7-8fa9-14aa89a4add1"",""replica"":""a840cb83-51a9-4b35-8087-f3b0edb637f4""}",2026-02-24T16:58:27.811460435Z
"    |   File ""/usr/local/lib/python3.11/site-packages/sqlalchemy/util/_concurrency_py3k.py"", line 125, in await_only","{""level"":""error""}","{""project"":""82a60368-a35f-407d-b91c-fda7c4df0a50"",""environment"":""35a62989-f226-4922-a94f-05b71577983e"",""service"":""edd77b6a-44ec-4dd0-bb6b-129583c5e8f4"",""deployment"":""65be7d91-a0e8-40d7-8fa9-14aa89a4add1"",""replica"":""a840cb83-51a9-4b35-8087-f3b0edb637f4""}",2026-02-24T16:58:27.811479821Z
    |     return current.driver.switch(awaitable)  # type: ignore[no-any-return],"{""level"":""error""}","{""project"":""82a60368-a35f-407d-b91c-fda7c4df0a50"",""environment"":""35a62989-f226-4922-a94f-05b71577983e"",""service"":""edd77b6a-44ec-4dd0-bb6b-129583c5e8f4"",""deployment"":""65be7d91-a0e8-40d7-8fa9-14aa89a4add1"",""replica"":""a840cb83-51a9-4b35-8087-f3b0edb637f4""}",2026-02-24T16:58:27.811485648Z
    |            ^^^^^^^^^^^^^^^^^^^^^^^^^^^^^^^^,"{""level"":""error""}","{""project"":""82a60368-a35f-407d-b91c-fda7c4df0a50"",""environment"":""35a62989-f226-4922-a94f-05b71577983e"",""service"":""edd77b6a-44ec-4dd0-bb6b-129583c5e8f4"",""deployment"":""65be7d91-a0e8-40d7-8fa9-14aa89a4add1"",""replica"":""a840cb83-51a9-4b35-8087-f3b0edb637f4""}",2026-02-24T16:58:27.811490475Z
"    |   File ""/usr/local/lib/python3.11/site-packages/sqlalchemy/util/_concurrency_py3k.py"", line 185, in greenlet_spawn","{""level"":""error""}","{""project"":""82a60368-a35f-407d-b91c-fda7c4df0a50"",""environment"":""35a62989-f226-4922-a94f-05b71577983e"",""service"":""edd77b6a-44ec-4dd0-bb6b-129583c5e8f4"",""deployment"":""65be7d91-a0e8-40d7-8fa9-14aa89a4add1"",""replica"":""a840cb83-51a9-4b35-8087-f3b0edb637f4""}",2026-02-24T16:58:27.811524935Z
    |     value = await result,"{""level"":""error""}","{""project"":""82a60368-a35f-407d-b91c-fda7c4df0a50"",""environment"":""35a62989-f226-4922-a94f-05b71577983e"",""service"":""edd77b6a-44ec-4dd0-bb6b-129583c5e8f4"",""deployment"":""65be7d91-a0e8-40d7-8fa9-14aa89a4add1"",""replica"":""a840cb83-51a9-4b35-8087-f3b0edb637f4""}",2026-02-24T16:58:27.811530348Z
    |             ^^^^^^^^^^^^,"{""level"":""error""}","{""project"":""82a60368-a35f-407d-b91c-fda7c4df0a50"",""environment"":""35a62989-f226-4922-a94f-05b71577983e"",""service"":""edd77b6a-44ec-4dd0-bb6b-129583c5e8f4"",""deployment"":""65be7d91-a0e8-40d7-8fa9-14aa89a4add1"",""replica"":""a840cb83-51a9-4b35-8087-f3b0edb637f4""}",2026-02-24T16:58:27.811535368Z
"    |   File ""/usr/local/lib/python3.11/site-packages/sqlalchemy/dialects/postgresql/asyncpg.py"", line 1166, in setup_asyncpg_json_codec","{""level"":""error""}","{""project"":""82a60368-a35f-407d-b91c-fda7c4df0a50"",""environment"":""35a62989-f226-4922-a94f-05b71577983e"",""service"":""edd77b6a-44ec-4dd0-bb6b-129583c5e8f4"",""deployment"":""65be7d91-a0e8-40d7-8fa9-14aa89a4add1"",""replica"":""a840cb83-51a9-4b35-8087-f3b0edb637f4""}",2026-02-24T16:58:27.811541518Z
    |     await asyncpg_connection.set_type_codec(,"{""level"":""error""}","{""project"":""82a60368-a35f-407d-b91c-fda7c4df0a50"",""environment"":""35a62989-f226-4922-a94f-05b71577983e"",""service"":""edd77b6a-44ec-4dd0-bb6b-129583c5e8f4"",""deployment"":""65be7d91-a0e8-40d7-8fa9-14aa89a4add1"",""replica"":""a840cb83-51a9-4b35-8087-f3b0edb637f4""}",2026-02-24T16:58:27.811545641Z
"    |   File ""/usr/local/lib/python3.11/site-packages/asyncpg/connection.py"", line 1221, in set_type_codec","{""level"":""error""}","{""project"":""82a60368-a35f-407d-b91c-fda7c4df0a50"",""environment"":""35a62989-f226-4922-a94f-05b71577983e"",""service"":""edd77b6a-44ec-4dd0-bb6b-129583c5e8f4"",""deployment"":""65be7d91-a0e8-40d7-8fa9-14aa89a4add1"",""replica"":""a840cb83-51a9-4b35-8087-f3b0edb637f4""}",2026-02-24T16:58:27.811561615Z
"    |     typeinfo = await self._introspect_type(typename, schema)","{""level"":""error""}","{""project"":""82a60368-a35f-407d-b91c-fda7c4df0a50"",""environment"":""35a62989-f226-4922-a94f-05b71577983e"",""service"":""edd77b6a-44ec-4dd0-bb6b-129583c5e8f4"",""deployment"":""65be7d91-a0e8-40d7-8fa9-14aa89a4add1"",""replica"":""a840cb83-51a9-4b35-8087-f3b0edb637f4""}",2026-02-24T16:58:27.811565814Z
    |                ^^^^^^^^^^^^^^^^^^^^^^^^^^^^^^^^^^^^^^^^^^^^^,"{""level"":""error""}","{""project"":""82a60368-a35f-407d-b91c-fda7c4df0a50"",""environment"":""35a62989-f226-4922-a94f-05b71577983e"",""service"":""edd77b6a-44ec-4dd0-bb6b-129583c5e8f4"",""deployment"":""65be7d91-a0e8-40d7-8fa9-14aa89a4add1"",""replica"":""a840cb83-51a9-4b35-8087-f3b0edb637f4""}",2026-02-24T16:58:27.811569594Z
"    |   File ""/usr/local/lib/python3.11/site-packages/asyncpg/connection.py"", line 472, in _introspect_type","{""level"":""error""}","{""project"":""82a60368-a35f-407d-b91c-fda7c4df0a50"",""environment"":""35a62989-f226-4922-a94f-05b71577983e"",""service"":""edd77b6a-44ec-4dd0-bb6b-129583c5e8f4"",""deployment"":""65be7d91-a0e8-40d7-8fa9-14aa89a4add1"",""replica"":""a840cb83-51a9-4b35-8087-f3b0edb637f4""}",2026-02-24T16:58:27.811572580Z
    |     rows = await self._execute(,"{""level"":""error""}","{""project"":""82a60368-a35f-407d-b91c-fda7c4df0a50"",""environment"":""35a62989-f226-4922-a94f-05b71577983e"",""service"":""edd77b6a-44ec-4dd0-bb6b-129583c5e8f4"",""deployment"":""65be7d91-a0e8-40d7-8fa9-14aa89a4add1"",""replica"":""a840cb83-51a9-4b35-8087-f3b0edb637f4""}",2026-02-24T16:58:27.811576433Z
    |            ^^^^^^^^^^^^^^^^^^^^,"{""level"":""error""}","{""project"":""82a60368-a35f-407d-b91c-fda7c4df0a50"",""environment"":""35a62989-f226-4922-a94f-05b71577983e"",""service"":""edd77b6a-44ec-4dd0-bb6b-129583c5e8f4"",""deployment"":""65be7d91-a0e8-40d7-8fa9-14aa89a4add1"",""replica"":""a840cb83-51a9-4b35-8087-f3b0edb637f4""}",2026-02-24T16:58:27.811579463Z
"    |   File ""/usr/local/lib/python3.11/site-packages/asyncpg/connection.py"", line 1659, in _execute","{""level"":""error""}","{""project"":""82a60368-a35f-407d-b91c-fda7c4df0a50"",""environment"":""35a62989-f226-4922-a94f-05b71577983e"",""service"":""edd77b6a-44ec-4dd0-bb6b-129583c5e8f4"",""deployment"":""65be7d91-a0e8-40d7-8fa9-14aa89a4add1"",""replica"":""a840cb83-51a9-4b35-8087-f3b0edb637f4""}",2026-02-24T16:58:27.811582873Z
"    |     result, _ = await self.__execute(","{""level"":""error""}","{""project"":""82a60368-a35f-407d-b91c-fda7c4df0a50"",""environment"":""35a62989-f226-4922-a94f-05b71577983e"",""service"":""edd77b6a-44ec-4dd0-bb6b-129583c5e8f4"",""deployment"":""65be7d91-a0e8-40d7-8fa9-14aa89a4add1"",""replica"":""a840cb83-51a9-4b35-8087-f3b0edb637f4""}",2026-02-24T16:58:27.811586455Z
    |                 ^^^^^^^^^^^^^^^^^^^^^,"{""level"":""error""}","{""project"":""82a60368-a35f-407d-b91c-fda7c4df0a50"",""environment"":""35a62989-f226-4922-a94f-05b71577983e"",""service"":""edd77b6a-44ec-4dd0-bb6b-129583c5e8f4"",""deployment"":""65be7d91-a0e8-40d7-8fa9-14aa89a4add1"",""replica"":""a840cb83-51a9-4b35-8087-f3b0edb637f4""}",2026-02-24T16:58:27.811589746Z
"    |   File ""/usr/local/lib/python3.11/site-packages/asyncpg/connection.py"", line 1684, in __execute","{""level"":""error""}","{""project"":""82a60368-a35f-407d-b91c-fda7c4df0a50"",""environment"":""35a62989-f226-4922-a94f-05b71577983e"",""service"":""edd77b6a-44ec-4dd0-bb6b-129583c5e8f4"",""deployment"":""65be7d91-a0e8-40d7-8fa9-14aa89a4add1"",""replica"":""a840cb83-51a9-4b35-8087-f3b0edb637f4""}",2026-02-24T16:58:27.813186155Z
    |     return await self._do_execute(,"{""level"":""error""}","{""project"":""82a60368-a35f-407d-b91c-fda7c4df0a50"",""environment"":""35a62989-f226-4922-a94f-05b71577983e"",""service"":""edd77b6a-44ec-4dd0-bb6b-129583c5e8f4"",""deployment"":""65be7d91-a0e8-40d7-8fa9-14aa89a4add1"",""replica"":""a840cb83-51a9-4b35-8087-f3b0edb637f4""}",2026-02-24T16:58:27.813190750Z
    |            ^^^^^^^^^^^^^^^^^^^^^^^,"{""level"":""error""}","{""project"":""82a60368-a35f-407d-b91c-fda7c4df0a50"",""environment"":""35a62989-f226-4922-a94f-05b71577983e"",""service"":""edd77b6a-44ec-4dd0-bb6b-129583c5e8f4"",""deployment"":""65be7d91-a0e8-40d7-8fa9-14aa89a4add1"",""replica"":""a840cb83-51a9-4b35-8087-f3b0edb637f4""}",2026-02-24T16:58:27.813194805Z
"    |   File ""/usr/local/lib/python3.11/site-packages/asyncpg/connection.py"", line 1711, in _do_execute","{""level"":""error""}","{""project"":""82a60368-a35f-407d-b91c-fda7c4df0a50"",""environment"":""35a62989-f226-4922-a94f-05b71577983e"",""service"":""edd77b6a-44ec-4dd0-bb6b-129583c5e8f4"",""deployment"":""65be7d91-a0e8-40d7-8fa9-14aa89a4add1"",""replica"":""a840cb83-51a9-4b35-8087-f3b0edb637f4""}",2026-02-24T16:58:27.813199154Z
    |     stmt = await self._get_statement(,"{""level"":""error""}","{""project"":""82a60368-a35f-407d-b91c-fda7c4df0a50"",""environment"":""35a62989-f226-4922-a94f-05b71577983e"",""service"":""edd77b6a-44ec-4dd0-bb6b-129583c5e8f4"",""deployment"":""65be7d91-a0e8-40d7-8fa9-14aa89a4add1"",""replica"":""a840cb83-51a9-4b35-8087-f3b0edb637f4""}",2026-02-24T16:58:27.813203632Z
    |            ^^^^^^^^^^^^^^^^^^^^^^^^^^,"{""level"":""error""}","{""project"":""82a60368-a35f-407d-b91c-fda7c4df0a50"",""environment"":""35a62989-f226-4922-a94f-05b71577983e"",""service"":""edd77b6a-44ec-4dd0-bb6b-129583c5e8f4"",""deployment"":""65be7d91-a0e8-40d7-8fa9-14aa89a4add1"",""replica"":""a840cb83-51a9-4b35-8087-f3b0edb637f4""}",2026-02-24T16:58:27.813208617Z
"    |   File ""/usr/local/lib/python3.11/site-packages/asyncpg/connection.py"", line 397, in _get_statement","{""level"":""error""}","{""project"":""82a60368-a35f-407d-b91c-fda7c4df0a50"",""environment"":""35a62989-f226-4922-a94f-05b71577983e"",""service"":""edd77b6a-44ec-4dd0-bb6b-129583c5e8f4"",""deployment"":""65be7d91-a0e8-40d7-8fa9-14aa89a4add1"",""replica"":""a840cb83-51a9-4b35-8087-f3b0edb637f4""}",2026-02-24T16:58:27.813212456Z
    |     statement = await self._protocol.prepare(,"{""level"":""error""}","{""project"":""82a60368-a35f-407d-b91c-fda7c4df0a50"",""environment"":""35a62989-f226-4922-a94f-05b71577983e"",""service"":""edd77b6a-44ec-4dd0-bb6b-129583c5e8f4"",""deployment"":""65be7d91-a0e8-40d7-8fa9-14aa89a4add1"",""replica"":""a840cb83-51a9-4b35-8087-f3b0edb637f4""}",2026-02-24T16:58:27.813216444Z
    |                 ^^^^^^^^^^^^^^^^^^^^^^^^^^^^^,"{""level"":""error""}","{""project"":""82a60368-a35f-407d-b91c-fda7c4df0a50"",""environment"":""35a62989-f226-4922-a94f-05b71577983e"",""service"":""edd77b6a-44ec-4dd0-bb6b-129583c5e8f4"",""deployment"":""65be7d91-a0e8-40d7-8fa9-14aa89a4add1"",""replica"":""a840cb83-51a9-4b35-8087-f3b0edb637f4""}",2026-02-24T16:58:27.813221199Z
"    |   File ""asyncpg/protocol/protocol.pyx"", line 168, in prepare","{""level"":""error""}","{""project"":""82a60368-a35f-407d-b91c-fda7c4df0a50"",""environment"":""35a62989-f226-4922-a94f-05b71577983e"",""service"":""edd77b6a-44ec-4dd0-bb6b-129583c5e8f4"",""deployment"":""65be7d91-a0e8-40d7-8fa9-14aa89a4add1"",""replica"":""a840cb83-51a9-4b35-8087-f3b0edb637f4""}",2026-02-24T16:58:27.813224911Z
"    | asyncpg.exceptions.DuplicatePreparedStatementError: prepared statement ""__asyncpg_stmt_6__"" already exists","{""level"":""error""}","{""project"":""82a60368-a35f-407d-b91c-fda7c4df0a50"",""environment"":""35a62989-f226-4922-a94f-05b71577983e"",""service"":""edd77b6a-44ec-4dd0-bb6b-129583c5e8f4"",""deployment"":""65be7d91-a0e8-40d7-8fa9-14aa89a4add1"",""replica"":""a840cb83-51a9-4b35-8087-f3b0edb637f4""}",2026-02-24T16:58:27.813228440Z
    | HINT:  ,"{""level"":""error""}","{""project"":""82a60368-a35f-407d-b91c-fda7c4df0a50"",""environment"":""35a62989-f226-4922-a94f-05b71577983e"",""service"":""edd77b6a-44ec-4dd0-bb6b-129583c5e8f4"",""deployment"":""65be7d91-a0e8-40d7-8fa9-14aa89a4add1"",""replica"":""a840cb83-51a9-4b35-8087-f3b0edb637f4""}",2026-02-24T16:58:27.813232971Z
"    | NOTE: pgbouncer with pool_mode set to ""transaction"" or","{""level"":""error""}","{""project"":""82a60368-a35f-407d-b91c-fda7c4df0a50"",""environment"":""35a62989-f226-4922-a94f-05b71577983e"",""service"":""edd77b6a-44ec-4dd0-bb6b-129583c5e8f4"",""deployment"":""65be7d91-a0e8-40d7-8fa9-14aa89a4add1"",""replica"":""a840cb83-51a9-4b35-8087-f3b0edb637f4""}",2026-02-24T16:58:27.813236748Z
"    | ""statement"" does not support prepared statements properly.","{""level"":""error""}","{""project"":""82a60368-a35f-407d-b91c-fda7c4df0a50"",""environment"":""35a62989-f226-4922-a94f-05b71577983e"",""service"":""edd77b6a-44ec-4dd0-bb6b-129583c5e8f4"",""deployment"":""65be7d91-a0e8-40d7-8fa9-14aa89a4add1"",""replica"":""a840cb83-51a9-4b35-8087-f3b0edb637f4""}",2026-02-24T16:58:27.813240874Z
    | You have two options:,"{""level"":""error""}","{""project"":""82a60368-a35f-407d-b91c-fda7c4df0a50"",""environment"":""35a62989-f226-4922-a94f-05b71577983e"",""service"":""edd77b6a-44ec-4dd0-bb6b-129583c5e8f4"",""deployment"":""65be7d91-a0e8-40d7-8fa9-14aa89a4add1"",""replica"":""a840cb83-51a9-4b35-8087-f3b0edb637f4""}",2026-02-24T16:58:27.813245365Z
    | ,"{""level"":""error""}","{""project"":""82a60368-a35f-407d-b91c-fda7c4df0a50"",""environment"":""35a62989-f226-4922-a94f-05b71577983e"",""service"":""edd77b6a-44ec-4dd0-bb6b-129583c5e8f4"",""deployment"":""65be7d91-a0e8-40d7-8fa9-14aa89a4add1"",""replica"":""a840cb83-51a9-4b35-8087-f3b0edb637f4""}",2026-02-24T16:58:27.813248843Z
    | * if you are using pgbouncer for connection pooling to a,"{""level"":""error""}","{""project"":""82a60368-a35f-407d-b91c-fda7c4df0a50"",""environment"":""35a62989-f226-4922-a94f-05b71577983e"",""service"":""edd77b6a-44ec-4dd0-bb6b-129583c5e8f4"",""deployment"":""65be7d91-a0e8-40d7-8fa9-14aa89a4add1"",""replica"":""a840cb83-51a9-4b35-8087-f3b0edb637f4""}",2026-02-24T16:58:27.813252636Z
"    |   single server, switch to the connection pool functionality","{""level"":""error""}","{""project"":""82a60368-a35f-407d-b91c-fda7c4df0a50"",""environment"":""35a62989-f226-4922-a94f-05b71577983e"",""service"":""edd77b6a-44ec-4dd0-bb6b-129583c5e8f4"",""deployment"":""65be7d91-a0e8-40d7-8fa9-14aa89a4add1"",""replica"":""a840cb83-51a9-4b35-8087-f3b0edb637f4""}",2026-02-24T16:58:27.813257757Z
"    |   provided by asyncpg, it is a much better option for this","{""level"":""error""}","{""project"":""82a60368-a35f-407d-b91c-fda7c4df0a50"",""environment"":""35a62989-f226-4922-a94f-05b71577983e"",""service"":""edd77b6a-44ec-4dd0-bb6b-129583c5e8f4"",""deployment"":""65be7d91-a0e8-40d7-8fa9-14aa89a4add1"",""replica"":""a840cb83-51a9-4b35-8087-f3b0edb637f4""}",2026-02-24T16:58:27.813261421Z
    |   purpose;,"{""level"":""error""}","{""project"":""82a60368-a35f-407d-b91c-fda7c4df0a50"",""environment"":""35a62989-f226-4922-a94f-05b71577983e"",""service"":""edd77b6a-44ec-4dd0-bb6b-129583c5e8f4"",""deployment"":""65be7d91-a0e8-40d7-8fa9-14aa89a4add1"",""replica"":""a840cb83-51a9-4b35-8087-f3b0edb637f4""}",2026-02-24T16:58:27.813264863Z
    | ,"{""level"":""error""}","{""project"":""82a60368-a35f-407d-b91c-fda7c4df0a50"",""environment"":""35a62989-f226-4922-a94f-05b71577983e"",""service"":""edd77b6a-44ec-4dd0-bb6b-129583c5e8f4"",""deployment"":""65be7d91-a0e8-40d7-8fa9-14aa89a4add1"",""replica"":""a840cb83-51a9-4b35-8087-f3b0edb637f4""}",2026-02-24T16:58:27.813268184Z
"    | * if you have no option of avoiding the use of pgbouncer,","{""level"":""error""}","{""project"":""82a60368-a35f-407d-b91c-fda7c4df0a50"",""environment"":""35a62989-f226-4922-a94f-05b71577983e"",""service"":""edd77b6a-44ec-4dd0-bb6b-129583c5e8f4"",""deployment"":""65be7d91-a0e8-40d7-8fa9-14aa89a4add1"",""replica"":""a840cb83-51a9-4b35-8087-f3b0edb637f4""}",2026-02-24T16:58:27.815356909Z
    |   then you can set statement_cache_size to 0 when creating,"{""level"":""error""}","{""project"":""82a60368-a35f-407d-b91c-fda7c4df0a50"",""environment"":""35a62989-f226-4922-a94f-05b71577983e"",""service"":""edd77b6a-44ec-4dd0-bb6b-129583c5e8f4"",""deployment"":""65be7d91-a0e8-40d7-8fa9-14aa89a4add1"",""replica"":""a840cb83-51a9-4b35-8087-f3b0edb637f4""}",2026-02-24T16:58:27.815364277Z
    |   the asyncpg connection object.,"{""level"":""error""}","{""project"":""82a60368-a35f-407d-b91c-fda7c4df0a50"",""environment"":""35a62989-f226-4922-a94f-05b71577983e"",""service"":""edd77b6a-44ec-4dd0-bb6b-129583c5e8f4"",""deployment"":""65be7d91-a0e8-40d7-8fa9-14aa89a4add1"",""replica"":""a840cb83-51a9-4b35-8087-f3b0edb637f4""}",2026-02-24T16:58:27.815369601Z
    | ,"{""level"":""error""}","{""project"":""82a60368-a35f-407d-b91c-fda7c4df0a50"",""environment"":""35a62989-f226-4922-a94f-05b71577983e"",""service"":""edd77b6a-44ec-4dd0-bb6b-129583c5e8f4"",""deployment"":""65be7d91-a0e8-40d7-8fa9-14aa89a4add1"",""replica"":""a840cb83-51a9-4b35-8087-f3b0edb637f4""}",2026-02-24T16:58:27.815374177Z
    +------------------------------------,"{""level"":""error""}","{""project"":""82a60368-a35f-407d-b91c-fda7c4df0a50"",""environment"":""35a62989-f226-4922-a94f-05b71577983e"",""service"":""edd77b6a-44ec-4dd0-bb6b-129583c5e8f4"",""deployment"":""65be7d91-a0e8-40d7-8fa9-14aa89a4add1"",""replica"":""a840cb83-51a9-4b35-8087-f3b0edb637f4""}",2026-02-24T16:58:27.815379034Z
,"{""level"":""error""}","{""project"":""82a60368-a35f-407d-b91c-fda7c4df0a50"",""environment"":""35a62989-f226-4922-a94f-05b71577983e"",""service"":""edd77b6a-44ec-4dd0-bb6b-129583c5e8f4"",""deployment"":""65be7d91-a0e8-40d7-8fa9-14aa89a4add1"",""replica"":""a840cb83-51a9-4b35-8087-f3b0edb637f4""}",2026-02-24T16:58:27.815384033Z
"During handling of the above exception, another exception occurred:","{""level"":""error""}","{""project"":""82a60368-a35f-407d-b91c-fda7c4df0a50"",""environment"":""35a62989-f226-4922-a94f-05b71577983e"",""service"":""edd77b6a-44ec-4dd0-bb6b-129583c5e8f4"",""deployment"":""65be7d91-a0e8-40d7-8fa9-14aa89a4add1"",""replica"":""a840cb83-51a9-4b35-8087-f3b0edb637f4""}",2026-02-24T16:58:27.815390426Z
,"{""level"":""error""}","{""project"":""82a60368-a35f-407d-b91c-fda7c4df0a50"",""environment"":""35a62989-f226-4922-a94f-05b71577983e"",""service"":""edd77b6a-44ec-4dd0-bb6b-129583c5e8f4"",""deployment"":""65be7d91-a0e8-40d7-8fa9-14aa89a4add1"",""replica"":""a840cb83-51a9-4b35-8087-f3b0edb637f4""}",2026-02-24T16:58:27.815395082Z
Traceback (most recent call last):,"{""level"":""error""}","{""project"":""82a60368-a35f-407d-b91c-fda7c4df0a50"",""environment"":""35a62989-f226-4922-a94f-05b71577983e"",""service"":""edd77b6a-44ec-4dd0-bb6b-129583c5e8f4"",""deployment"":""65be7d91-a0e8-40d7-8fa9-14aa89a4add1"",""replica"":""a840cb83-51a9-4b35-8087-f3b0edb637f4""}",2026-02-24T16:58:27.815399477Z
"  File ""/usr/local/lib/python3.11/site-packages/uvicorn/protocols/http/h11_impl.py"", line 408, in run_asgi","{""level"":""error""}","{""project"":""82a60368-a35f-407d-b91c-fda7c4df0a50"",""environment"":""35a62989-f226-4922-a94f-05b71577983e"",""service"":""edd77b6a-44ec-4dd0-bb6b-129583c5e8f4"",""deployment"":""65be7d91-a0e8-40d7-8fa9-14aa89a4add1"",""replica"":""a840cb83-51a9-4b35-8087-f3b0edb637f4""}",2026-02-24T16:58:27.815403318Z
    result = await app(  # type: ignore[func-returns-value],"{""level"":""error""}","{""project"":""82a60368-a35f-407d-b91c-fda7c4df0a50"",""environment"":""35a62989-f226-4922-a94f-05b71577983e"",""service"":""edd77b6a-44ec-4dd0-bb6b-129583c5e8f4"",""deployment"":""65be7d91-a0e8-40d7-8fa9-14aa89a4add1"",""replica"":""a840cb83-51a9-4b35-8087-f3b0edb637f4""}",2026-02-24T16:58:27.815407118Z
             ^^^^^^^^^^^^^^^^^^^^^^^^^^^^^^^^^^^^^^^^^^^^^^,"{""level"":""error""}","{""project"":""82a60368-a35f-407d-b91c-fda7c4df0a50"",""environment"":""35a62989-f226-4922-a94f-05b71577983e"",""service"":""edd77b6a-44ec-4dd0-bb6b-129583c5e8f4"",""deployment"":""65be7d91-a0e8-40d7-8fa9-14aa89a4add1"",""replica"":""a840cb83-51a9-4b35-8087-f3b0edb637f4""}",2026-02-24T16:58:27.815411309Z
"  File ""/usr/local/lib/python3.11/site-packages/uvicorn/middleware/proxy_headers.py"", line 84, in __call__","{""level"":""error""}","{""project"":""82a60368-a35f-407d-b91c-fda7c4df0a50"",""environment"":""35a62989-f226-4922-a94f-05b71577983e"",""service"":""edd77b6a-44ec-4dd0-bb6b-129583c5e8f4"",""deployment"":""65be7d91-a0e8-40d7-8fa9-14aa89a4add1"",""replica"":""a840cb83-51a9-4b35-8087-f3b0edb637f4""}",2026-02-24T16:58:27.815415496Z
"    return await self.app(scope, receive, send)","{""level"":""error""}","{""project"":""82a60368-a35f-407d-b91c-fda7c4df0a50"",""environment"":""35a62989-f226-4922-a94f-05b71577983e"",""service"":""edd77b6a-44ec-4dd0-bb6b-129583c5e8f4"",""deployment"":""65be7d91-a0e8-40d7-8fa9-14aa89a4add1"",""replica"":""a840cb83-51a9-4b35-8087-f3b0edb637f4""}",2026-02-24T16:58:27.815419632Z
           ^^^^^^^^^^^^^^^^^^^^^^^^^^^^^^^^^^^^,"{""level"":""error""}","{""project"":""82a60368-a35f-407d-b91c-fda7c4df0a50"",""environment"":""35a62989-f226-4922-a94f-05b71577983e"",""service"":""edd77b6a-44ec-4dd0-bb6b-129583c5e8f4"",""deployment"":""65be7d91-a0e8-40d7-8fa9-14aa89a4add1"",""replica"":""a840cb83-51a9-4b35-8087-f3b0edb637f4""}",2026-02-24T16:58:27.815423171Z
"  File ""/usr/local/lib/python3.11/site-packages/fastapi/applications.py"", line 1054, in __call__","{""level"":""error""}","{""project"":""82a60368-a35f-407d-b91c-fda7c4df0a50"",""environment"":""35a62989-f226-4922-a94f-05b71577983e"",""service"":""edd77b6a-44ec-4dd0-bb6b-129583c5e8f4"",""deployment"":""65be7d91-a0e8-40d7-8fa9-14aa89a4add1"",""replica"":""a840cb83-51a9-4b35-8087-f3b0edb637f4""}",2026-02-24T16:58:27.815427870Z
"    await super().__call__(scope, receive, send)","{""level"":""error""}","{""project"":""82a60368-a35f-407d-b91c-fda7c4df0a50"",""environment"":""35a62989-f226-4922-a94f-05b71577983e"",""service"":""edd77b6a-44ec-4dd0-bb6b-129583c5e8f4"",""deployment"":""65be7d91-a0e8-40d7-8fa9-14aa89a4add1"",""replica"":""a840cb83-51a9-4b35-8087-f3b0edb637f4""}",2026-02-24T16:58:27.815432718Z
"  File ""/usr/local/lib/python3.11/site-packages/starlette/applications.py"", line 123, in __call__","{""level"":""error""}","{""project"":""82a60368-a35f-407d-b91c-fda7c4df0a50"",""environment"":""35a62989-f226-4922-a94f-05b71577983e"",""service"":""edd77b6a-44ec-4dd0-bb6b-129583c5e8f4"",""deployment"":""65be7d91-a0e8-40d7-8fa9-14aa89a4add1"",""replica"":""a840cb83-51a9-4b35-8087-f3b0edb637f4""}",2026-02-24T16:58:27.815438939Z
"    await self.middleware_stack(scope, receive, send)","{""level"":""error""}","{""project"":""82a60368-a35f-407d-b91c-fda7c4df0a50"",""environment"":""35a62989-f226-4922-a94f-05b71577983e"",""service"":""edd77b6a-44ec-4dd0-bb6b-129583c5e8f4"",""deployment"":""65be7d91-a0e8-40d7-8fa9-14aa89a4add1"",""replica"":""a840cb83-51a9-4b35-8087-f3b0edb637f4""}",2026-02-24T16:58:27.815445822Z
"  File ""/usr/local/lib/python3.11/site-packages/starlette/middleware/errors.py"", line 186, in __call__","{""level"":""error""}","{""project"":""82a60368-a35f-407d-b91c-fda7c4df0a50"",""environment"":""35a62989-f226-4922-a94f-05b71577983e"",""service"":""edd77b6a-44ec-4dd0-bb6b-129583c5e8f4"",""deployment"":""65be7d91-a0e8-40d7-8fa9-14aa89a4add1"",""replica"":""a840cb83-51a9-4b35-8087-f3b0edb637f4""}",2026-02-24T16:58:27.815451721Z
    raise exc,"{""level"":""error""}","{""project"":""82a60368-a35f-407d-b91c-fda7c4df0a50"",""environment"":""35a62989-f226-4922-a94f-05b71577983e"",""service"":""edd77b6a-44ec-4dd0-bb6b-129583c5e8f4"",""deployment"":""65be7d91-a0e8-40d7-8fa9-14aa89a4add1"",""replica"":""a840cb83-51a9-4b35-8087-f3b0edb637f4""}",2026-02-24T16:58:27.815456697Z
"  File ""/usr/local/lib/python3.11/site-packages/starlette/middleware/errors.py"", line 164, in __call__","{""level"":""error""}","{""project"":""82a60368-a35f-407d-b91c-fda7c4df0a50"",""environment"":""35a62989-f226-4922-a94f-05b71577983e"",""service"":""edd77b6a-44ec-4dd0-bb6b-129583c5e8f4"",""deployment"":""65be7d91-a0e8-40d7-8fa9-14aa89a4add1"",""replica"":""a840cb83-51a9-4b35-8087-f3b0edb637f4""}",2026-02-24T16:58:27.817344205Z
"    await self.app(scope, receive, _send)","{""level"":""error""}","{""project"":""82a60368-a35f-407d-b91c-fda7c4df0a50"",""environment"":""35a62989-f226-4922-a94f-05b71577983e"",""service"":""edd77b6a-44ec-4dd0-bb6b-129583c5e8f4"",""deployment"":""65be7d91-a0e8-40d7-8fa9-14aa89a4add1"",""replica"":""a840cb83-51a9-4b35-8087-f3b0edb637f4""}",2026-02-24T16:58:27.817349859Z
"  File ""/usr/local/lib/python3.11/site-packages/starlette/middleware/base.py"", line 189, in __call__","{""level"":""error""}","{""project"":""82a60368-a35f-407d-b91c-fda7c4df0a50"",""environment"":""35a62989-f226-4922-a94f-05b71577983e"",""service"":""edd77b6a-44ec-4dd0-bb6b-129583c5e8f4"",""deployment"":""65be7d91-a0e8-40d7-8fa9-14aa89a4add1"",""replica"":""a840cb83-51a9-4b35-8087-f3b0edb637f4""}",2026-02-24T16:58:27.817354779Z
    with collapse_excgroups():,"{""level"":""error""}","{""project"":""82a60368-a35f-407d-b91c-fda7c4df0a50"",""environment"":""35a62989-f226-4922-a94f-05b71577983e"",""service"":""edd77b6a-44ec-4dd0-bb6b-129583c5e8f4"",""deployment"":""65be7d91-a0e8-40d7-8fa9-14aa89a4add1"",""replica"":""a840cb83-51a9-4b35-8087-f3b0edb637f4""}",2026-02-24T16:58:27.817362906Z
"  File ""/usr/local/lib/python3.11/contextlib.py"", line 158, in __exit__","{""level"":""error""}","{""project"":""82a60368-a35f-407d-b91c-fda7c4df0a50"",""environment"":""35a62989-f226-4922-a94f-05b71577983e"",""service"":""edd77b6a-44ec-4dd0-bb6b-129583c5e8f4"",""deployment"":""65be7d91-a0e8-40d7-8fa9-14aa89a4add1"",""replica"":""a840cb83-51a9-4b35-8087-f3b0edb637f4""}",2026-02-24T16:58:27.817367830Z
"    self.gen.throw(typ, value, traceback)","{""level"":""error""}","{""project"":""82a60368-a35f-407d-b91c-fda7c4df0a50"",""environment"":""35a62989-f226-4922-a94f-05b71577983e"",""service"":""edd77b6a-44ec-4dd0-bb6b-129583c5e8f4"",""deployment"":""65be7d91-a0e8-40d7-8fa9-14aa89a4add1"",""replica"":""a840cb83-51a9-4b35-8087-f3b0edb637f4""}",2026-02-24T16:58:27.817372641Z
"  File ""/usr/local/lib/python3.11/site-packages/starlette/_utils.py"", line 91, in collapse_excgroups","{""level"":""error""}","{""project"":""82a60368-a35f-407d-b91c-fda7c4df0a50"",""environment"":""35a62989-f226-4922-a94f-05b71577983e"",""service"":""edd77b6a-44ec-4dd0-bb6b-129583c5e8f4"",""deployment"":""65be7d91-a0e8-40d7-8fa9-14aa89a4add1"",""replica"":""a840cb83-51a9-4b35-8087-f3b0edb637f4""}",2026-02-24T16:58:27.817377226Z
    raise exc,"{""level"":""error""}","{""project"":""82a60368-a35f-407d-b91c-fda7c4df0a50"",""environment"":""35a62989-f226-4922-a94f-05b71577983e"",""service"":""edd77b6a-44ec-4dd0-bb6b-129583c5e8f4"",""deployment"":""65be7d91-a0e8-40d7-8fa9-14aa89a4add1"",""replica"":""a840cb83-51a9-4b35-8087-f3b0edb637f4""}",2026-02-24T16:58:27.817381835Z
"  File ""/usr/local/lib/python3.11/site-packages/starlette/middleware/base.py"", line 191, in __call__","{""level"":""error""}","{""project"":""82a60368-a35f-407d-b91c-fda7c4df0a50"",""environment"":""35a62989-f226-4922-a94f-05b71577983e"",""service"":""edd77b6a-44ec-4dd0-bb6b-129583c5e8f4"",""deployment"":""65be7d91-a0e8-40d7-8fa9-14aa89a4add1"",""replica"":""a840cb83-51a9-4b35-8087-f3b0edb637f4""}",2026-02-24T16:58:27.817386557Z
"    response = await self.dispatch_func(request, call_next)","{""level"":""error""}","{""project"":""82a60368-a35f-407d-b91c-fda7c4df0a50"",""environment"":""35a62989-f226-4922-a94f-05b71577983e"",""service"":""edd77b6a-44ec-4dd0-bb6b-129583c5e8f4"",""deployment"":""65be7d91-a0e8-40d7-8fa9-14aa89a4add1"",""replica"":""a840cb83-51a9-4b35-8087-f3b0edb637f4""}",2026-02-24T16:58:27.817392420Z
               ^^^^^^^^^^^^^^^^^^^^^^^^^^^^^^^^^^^^^^^^^^^^,"{""level"":""error""}","{""project"":""82a60368-a35f-407d-b91c-fda7c4df0a50"",""environment"":""35a62989-f226-4922-a94f-05b71577983e"",""service"":""edd77b6a-44ec-4dd0-bb6b-129583c5e8f4"",""deployment"":""65be7d91-a0e8-40d7-8fa9-14aa89a4add1"",""replica"":""a840cb83-51a9-4b35-8087-f3b0edb637f4""}",2026-02-24T16:58:27.817396776Z
"  File ""/app/main.py"", line 113, in handle_forwarded_proto","{""level"":""error""}","{""project"":""82a60368-a35f-407d-b91c-fda7c4df0a50"",""environment"":""35a62989-f226-4922-a94f-05b71577983e"",""service"":""edd77b6a-44ec-4dd0-bb6b-129583c5e8f4"",""deployment"":""65be7d91-a0e8-40d7-8fa9-14aa89a4add1"",""replica"":""a840cb83-51a9-4b35-8087-f3b0edb637f4""}",2026-02-24T16:58:27.817400857Z
    response = await call_next(request),"{""level"":""error""}","{""project"":""82a60368-a35f-407d-b91c-fda7c4df0a50"",""environment"":""35a62989-f226-4922-a94f-05b71577983e"",""service"":""edd77b6a-44ec-4dd0-bb6b-129583c5e8f4"",""deployment"":""65be7d91-a0e8-40d7-8fa9-14aa89a4add1"",""replica"":""a840cb83-51a9-4b35-8087-f3b0edb637f4""}",2026-02-24T16:58:27.817405997Z
               ^^^^^^^^^^^^^^^^^^^^^^^^,"{""level"":""error""}","{""project"":""82a60368-a35f-407d-b91c-fda7c4df0a50"",""environment"":""35a62989-f226-4922-a94f-05b71577983e"",""service"":""edd77b6a-44ec-4dd0-bb6b-129583c5e8f4"",""deployment"":""65be7d91-a0e8-40d7-8fa9-14aa89a4add1"",""replica"":""a840cb83-51a9-4b35-8087-f3b0edb637f4""}",2026-02-24T16:58:27.817409974Z
"  File ""/usr/local/lib/python3.11/site-packages/starlette/middleware/base.py"", line 165, in call_next","{""level"":""error""}","{""project"":""82a60368-a35f-407d-b91c-fda7c4df0a50"",""environment"":""35a62989-f226-4922-a94f-05b71577983e"",""service"":""edd77b6a-44ec-4dd0-bb6b-129583c5e8f4"",""deployment"":""65be7d91-a0e8-40d7-8fa9-14aa89a4add1"",""replica"":""a840cb83-51a9-4b35-8087-f3b0edb637f4""}",2026-02-24T16:58:27.817414027Z
    raise app_exc,"{""level"":""error""}","{""project"":""82a60368-a35f-407d-b91c-fda7c4df0a50"",""environment"":""35a62989-f226-4922-a94f-05b71577983e"",""service"":""edd77b6a-44ec-4dd0-bb6b-129583c5e8f4"",""deployment"":""65be7d91-a0e8-40d7-8fa9-14aa89a4add1"",""replica"":""a840cb83-51a9-4b35-8087-f3b0edb637f4""}",2026-02-24T16:58:27.817420199Z
"  File ""/usr/local/lib/python3.11/site-packages/starlette/middleware/base.py"", line 151, in coro","{""level"":""error""}","{""project"":""82a60368-a35f-407d-b91c-fda7c4df0a50"",""environment"":""35a62989-f226-4922-a94f-05b71577983e"",""service"":""edd77b6a-44ec-4dd0-bb6b-129583c5e8f4"",""deployment"":""65be7d91-a0e8-40d7-8fa9-14aa89a4add1"",""replica"":""a840cb83-51a9-4b35-8087-f3b0edb637f4""}",2026-02-24T16:58:27.817424160Z
"    await self.app(scope, receive_or_disconnect, send_no_error)","{""level"":""error""}","{""project"":""82a60368-a35f-407d-b91c-fda7c4df0a50"",""environment"":""35a62989-f226-4922-a94f-05b71577983e"",""service"":""edd77b6a-44ec-4dd0-bb6b-129583c5e8f4"",""deployment"":""65be7d91-a0e8-40d7-8fa9-14aa89a4add1"",""replica"":""a840cb83-51a9-4b35-8087-f3b0edb637f4""}",2026-02-24T16:58:27.817428549Z
"  File ""/usr/local/lib/python3.11/site-packages/starlette/middleware/cors.py"", line 91, in __call__","{""level"":""error""}","{""project"":""82a60368-a35f-407d-b91c-fda7c4df0a50"",""environment"":""35a62989-f226-4922-a94f-05b71577983e"",""service"":""edd77b6a-44ec-4dd0-bb6b-129583c5e8f4"",""deployment"":""65be7d91-a0e8-40d7-8fa9-14aa89a4add1"",""replica"":""a840cb83-51a9-4b35-8087-f3b0edb637f4""}",2026-02-24T16:58:27.817432486Z
"    await self.simple_response(scope, receive, send, request_headers=headers)","{""level"":""error""}","{""project"":""82a60368-a35f-407d-b91c-fda7c4df0a50"",""environment"":""35a62989-f226-4922-a94f-05b71577983e"",""service"":""edd77b6a-44ec-4dd0-bb6b-129583c5e8f4"",""deployment"":""65be7d91-a0e8-40d7-8fa9-14aa89a4add1"",""replica"":""a840cb83-51a9-4b35-8087-f3b0edb637f4""}",2026-02-24T16:58:27.818496589Z
"  File ""/usr/local/lib/python3.11/site-packages/starlette/middleware/cors.py"", line 146, in simple_response","{""level"":""error""}","{""project"":""82a60368-a35f-407d-b91c-fda7c4df0a50"",""environment"":""35a62989-f226-4922-a94f-05b71577983e"",""service"":""edd77b6a-44ec-4dd0-bb6b-129583c5e8f4"",""deployment"":""65be7d91-a0e8-40d7-8fa9-14aa89a4add1"",""replica"":""a840cb83-51a9-4b35-8087-f3b0edb637f4""}",2026-02-24T16:58:27.818503924Z
"    await self.app(scope, receive, send)","{""level"":""error""}","{""project"":""82a60368-a35f-407d-b91c-fda7c4df0a50"",""environment"":""35a62989-f226-4922-a94f-05b71577983e"",""service"":""edd77b6a-44ec-4dd0-bb6b-129583c5e8f4"",""deployment"":""65be7d91-a0e8-40d7-8fa9-14aa89a4add1"",""replica"":""a840cb83-51a9-4b35-8087-f3b0edb637f4""}",2026-02-24T16:58:27.818512774Z
"  File ""/usr/local/lib/python3.11/site-packages/starlette/middleware/exceptions.py"", line 62, in __call__","{""level"":""error""}","{""project"":""82a60368-a35f-407d-b91c-fda7c4df0a50"",""environment"":""35a62989-f226-4922-a94f-05b71577983e"",""service"":""edd77b6a-44ec-4dd0-bb6b-129583c5e8f4"",""deployment"":""65be7d91-a0e8-40d7-8fa9-14aa89a4add1"",""replica"":""a840cb83-51a9-4b35-8087-f3b0edb637f4""}",2026-02-24T16:58:27.818517504Z
"    await wrap_app_handling_exceptions(self.app, conn)(scope, receive, send)","{""level"":""error""}","{""project"":""82a60368-a35f-407d-b91c-fda7c4df0a50"",""environment"":""35a62989-f226-4922-a94f-05b71577983e"",""service"":""edd77b6a-44ec-4dd0-bb6b-129583c5e8f4"",""deployment"":""65be7d91-a0e8-40d7-8fa9-14aa89a4add1"",""replica"":""a840cb83-51a9-4b35-8087-f3b0edb637f4""}",2026-02-24T16:58:27.818521834Z
"  File ""/usr/local/lib/python3.11/site-packages/starlette/_exception_handler.py"", line 64, in wrapped_app","{""level"":""error""}","{""project"":""82a60368-a35f-407d-b91c-fda7c4df0a50"",""environment"":""35a62989-f226-4922-a94f-05b71577983e"",""service"":""edd77b6a-44ec-4dd0-bb6b-129583c5e8f4"",""deployment"":""65be7d91-a0e8-40d7-8fa9-14aa89a4add1"",""replica"":""a840cb83-51a9-4b35-8087-f3b0edb637f4""}",2026-02-24T16:58:27.818526356Z
    raise exc,"{""level"":""error""}","{""project"":""82a60368-a35f-407d-b91c-fda7c4df0a50"",""environment"":""35a62989-f226-4922-a94f-05b71577983e"",""service"":""edd77b6a-44ec-4dd0-bb6b-129583c5e8f4"",""deployment"":""65be7d91-a0e8-40d7-8fa9-14aa89a4add1"",""replica"":""a840cb83-51a9-4b35-8087-f3b0edb637f4""}",2026-02-24T16:58:27.818530681Z
"  File ""/usr/local/lib/python3.11/site-packages/starlette/_exception_handler.py"", line 53, in wrapped_app","{""level"":""error""}","{""project"":""82a60368-a35f-407d-b91c-fda7c4df0a50"",""environment"":""35a62989-f226-4922-a94f-05b71577983e"",""service"":""edd77b6a-44ec-4dd0-bb6b-129583c5e8f4"",""deployment"":""65be7d91-a0e8-40d7-8fa9-14aa89a4add1"",""replica"":""a840cb83-51a9-4b35-8087-f3b0edb637f4""}",2026-02-24T16:58:27.818535835Z
"    await app(scope, receive, sender)","{""level"":""error""}","{""project"":""82a60368-a35f-407d-b91c-fda7c4df0a50"",""environment"":""35a62989-f226-4922-a94f-05b71577983e"",""service"":""edd77b6a-44ec-4dd0-bb6b-129583c5e8f4"",""deployment"":""65be7d91-a0e8-40d7-8fa9-14aa89a4add1"",""replica"":""a840cb83-51a9-4b35-8087-f3b0edb637f4""}",2026-02-24T16:58:27.818540075Z
"  File ""/usr/local/lib/python3.11/site-packages/starlette/routing.py"", line 762, in __call__","{""level"":""error""}","{""project"":""82a60368-a35f-407d-b91c-fda7c4df0a50"",""environment"":""35a62989-f226-4922-a94f-05b71577983e"",""service"":""edd77b6a-44ec-4dd0-bb6b-129583c5e8f4"",""deployment"":""65be7d91-a0e8-40d7-8fa9-14aa89a4add1"",""replica"":""a840cb83-51a9-4b35-8087-f3b0edb637f4""}",2026-02-24T16:58:27.818544037Z
"    await self.middleware_stack(scope, receive, send)","{""level"":""error""}","{""project"":""82a60368-a35f-407d-b91c-fda7c4df0a50"",""environment"":""35a62989-f226-4922-a94f-05b71577983e"",""service"":""edd77b6a-44ec-4dd0-bb6b-129583c5e8f4"",""deployment"":""65be7d91-a0e8-40d7-8fa9-14aa89a4add1"",""replica"":""a840cb83-51a9-4b35-8087-f3b0edb637f4""}",2026-02-24T16:58:27.818547874Z
"  File ""/usr/local/lib/python3.11/site-packages/starlette/routing.py"", line 782, in app","{""level"":""error""}","{""project"":""82a60368-a35f-407d-b91c-fda7c4df0a50"",""environment"":""35a62989-f226-4922-a94f-05b71577983e"",""service"":""edd77b6a-44ec-4dd0-bb6b-129583c5e8f4"",""deployment"":""65be7d91-a0e8-40d7-8fa9-14aa89a4add1"",""replica"":""a840cb83-51a9-4b35-8087-f3b0edb637f4""}",2026-02-24T16:58:27.818552197Z
"    await route.handle(scope, receive, send)","{""level"":""error""}","{""project"":""82a60368-a35f-407d-b91c-fda7c4df0a50"",""environment"":""35a62989-f226-4922-a94f-05b71577983e"",""service"":""edd77b6a-44ec-4dd0-bb6b-129583c5e8f4"",""deployment"":""65be7d91-a0e8-40d7-8fa9-14aa89a4add1"",""replica"":""a840cb83-51a9-4b35-8087-f3b0edb637f4""}",2026-02-24T16:58:27.818556088Z
"  File ""/usr/local/lib/python3.11/site-packages/starlette/routing.py"", line 297, in handle","{""level"":""error""}","{""project"":""82a60368-a35f-407d-b91c-fda7c4df0a50"",""environment"":""35a62989-f226-4922-a94f-05b71577983e"",""service"":""edd77b6a-44ec-4dd0-bb6b-129583c5e8f4"",""deployment"":""65be7d91-a0e8-40d7-8fa9-14aa89a4add1"",""replica"":""a840cb83-51a9-4b35-8087-f3b0edb637f4""}",2026-02-24T16:58:27.818560147Z
"    await self.app(scope, receive, send)","{""level"":""error""}","{""project"":""82a60368-a35f-407d-b91c-fda7c4df0a50"",""environment"":""35a62989-f226-4922-a94f-05b71577983e"",""service"":""edd77b6a-44ec-4dd0-bb6b-129583c5e8f4"",""deployment"":""65be7d91-a0e8-40d7-8fa9-14aa89a4add1"",""replica"":""a840cb83-51a9-4b35-8087-f3b0edb637f4""}",2026-02-24T16:58:27.818564424Z
"  File ""/usr/local/lib/python3.11/site-packages/starlette/routing.py"", line 77, in app","{""level"":""error""}","{""project"":""82a60368-a35f-407d-b91c-fda7c4df0a50"",""environment"":""35a62989-f226-4922-a94f-05b71577983e"",""service"":""edd77b6a-44ec-4dd0-bb6b-129583c5e8f4"",""deployment"":""65be7d91-a0e8-40d7-8fa9-14aa89a4add1"",""replica"":""a840cb83-51a9-4b35-8087-f3b0edb637f4""}",2026-02-24T16:58:27.818568386Z
"    await wrap_app_handling_exceptions(app, request)(scope, receive, send)","{""level"":""error""}","{""project"":""82a60368-a35f-407d-b91c-fda7c4df0a50"",""environment"":""35a62989-f226-4922-a94f-05b71577983e"",""service"":""edd77b6a-44ec-4dd0-bb6b-129583c5e8f4"",""deployment"":""65be7d91-a0e8-40d7-8fa9-14aa89a4add1"",""replica"":""a840cb83-51a9-4b35-8087-f3b0edb637f4""}",2026-02-24T16:58:27.818572156Z
"  File ""/usr/local/lib/python3.11/site-packages/starlette/_exception_handler.py"", line 64, in wrapped_app","{""level"":""error""}","{""project"":""82a60368-a35f-407d-b91c-fda7c4df0a50"",""environment"":""35a62989-f226-4922-a94f-05b71577983e"",""service"":""edd77b6a-44ec-4dd0-bb6b-129583c5e8f4"",""deployment"":""65be7d91-a0e8-40d7-8fa9-14aa89a4add1"",""replica"":""a840cb83-51a9-4b35-8087-f3b0edb637f4""}",2026-02-24T16:58:27.818576571Z
             ^^^^^^^^^^^^^^^^^^^^^^^^^^^^^^^^^^^^^^^^^^^^^^^,"{""level"":""error""}","{""project"":""82a60368-a35f-407d-b91c-fda7c4df0a50"",""environment"":""35a62989-f226-4922-a94f-05b71577983e"",""service"":""edd77b6a-44ec-4dd0-bb6b-129583c5e8f4"",""deployment"":""65be7d91-a0e8-40d7-8fa9-14aa89a4add1"",""replica"":""a840cb83-51a9-4b35-8087-f3b0edb637f4""}",2026-02-24T16:58:27.820130240Z
    raise exc,"{""level"":""error""}","{""project"":""82a60368-a35f-407d-b91c-fda7c4df0a50"",""environment"":""35a62989-f226-4922-a94f-05b71577983e"",""service"":""edd77b6a-44ec-4dd0-bb6b-129583c5e8f4"",""deployment"":""65be7d91-a0e8-40d7-8fa9-14aa89a4add1"",""replica"":""a840cb83-51a9-4b35-8087-f3b0edb637f4""}",2026-02-24T16:58:27.820134224Z
"  File ""/usr/local/lib/python3.11/site-packages/starlette/_exception_handler.py"", line 53, in wrapped_app","{""level"":""error""}","{""project"":""82a60368-a35f-407d-b91c-fda7c4df0a50"",""environment"":""35a62989-f226-4922-a94f-05b71577983e"",""service"":""edd77b6a-44ec-4dd0-bb6b-129583c5e8f4"",""deployment"":""65be7d91-a0e8-40d7-8fa9-14aa89a4add1"",""replica"":""a840cb83-51a9-4b35-8087-f3b0edb637f4""}",2026-02-24T16:58:27.820141990Z
"  File ""/usr/local/lib/python3.11/site-packages/sqlalchemy/ext/asyncio/session.py"", line 454, in execute","{""level"":""error""}","{""project"":""82a60368-a35f-407d-b91c-fda7c4df0a50"",""environment"":""35a62989-f226-4922-a94f-05b71577983e"",""service"":""edd77b6a-44ec-4dd0-bb6b-129583c5e8f4"",""deployment"":""65be7d91-a0e8-40d7-8fa9-14aa89a4add1"",""replica"":""a840cb83-51a9-4b35-8087-f3b0edb637f4""}",2026-02-24T16:58:27.820142244Z
"    await app(scope, receive, sender)","{""level"":""error""}","{""project"":""82a60368-a35f-407d-b91c-fda7c4df0a50"",""environment"":""35a62989-f226-4922-a94f-05b71577983e"",""service"":""edd77b6a-44ec-4dd0-bb6b-129583c5e8f4"",""deployment"":""65be7d91-a0e8-40d7-8fa9-14aa89a4add1"",""replica"":""a840cb83-51a9-4b35-8087-f3b0edb637f4""}",2026-02-24T16:58:27.820150454Z
    result = await greenlet_spawn(,"{""level"":""error""}","{""project"":""82a60368-a35f-407d-b91c-fda7c4df0a50"",""environment"":""35a62989-f226-4922-a94f-05b71577983e"",""service"":""edd77b6a-44ec-4dd0-bb6b-129583c5e8f4"",""deployment"":""65be7d91-a0e8-40d7-8fa9-14aa89a4add1"",""replica"":""a840cb83-51a9-4b35-8087-f3b0edb637f4""}",2026-02-24T16:58:27.820152226Z
"  File ""/usr/local/lib/python3.11/site-packages/starlette/routing.py"", line 72, in app","{""level"":""error""}","{""project"":""82a60368-a35f-407d-b91c-fda7c4df0a50"",""environment"":""35a62989-f226-4922-a94f-05b71577983e"",""service"":""edd77b6a-44ec-4dd0-bb6b-129583c5e8f4"",""deployment"":""65be7d91-a0e8-40d7-8fa9-14aa89a4add1"",""replica"":""a840cb83-51a9-4b35-8087-f3b0edb637f4""}",2026-02-24T16:58:27.820157619Z
             ^^^^^^^^^^^^^^^^^^^^^,"{""level"":""error""}","{""project"":""82a60368-a35f-407d-b91c-fda7c4df0a50"",""environment"":""35a62989-f226-4922-a94f-05b71577983e"",""service"":""edd77b6a-44ec-4dd0-bb6b-129583c5e8f4"",""deployment"":""65be7d91-a0e8-40d7-8fa9-14aa89a4add1"",""replica"":""a840cb83-51a9-4b35-8087-f3b0edb637f4""}",2026-02-24T16:58:27.820160149Z
    response = await func(request),"{""level"":""error""}","{""project"":""82a60368-a35f-407d-b91c-fda7c4df0a50"",""environment"":""35a62989-f226-4922-a94f-05b71577983e"",""service"":""edd77b6a-44ec-4dd0-bb6b-129583c5e8f4"",""deployment"":""65be7d91-a0e8-40d7-8fa9-14aa89a4add1"",""replica"":""a840cb83-51a9-4b35-8087-f3b0edb637f4""}",2026-02-24T16:58:27.820164579Z
               ^^^^^^^^^^^^^^^^^^^,"{""level"":""error""}","{""project"":""82a60368-a35f-407d-b91c-fda7c4df0a50"",""environment"":""35a62989-f226-4922-a94f-05b71577983e"",""service"":""edd77b6a-44ec-4dd0-bb6b-129583c5e8f4"",""deployment"":""65be7d91-a0e8-40d7-8fa9-14aa89a4add1"",""replica"":""a840cb83-51a9-4b35-8087-f3b0edb637f4""}",2026-02-24T16:58:27.820168325Z
"  File ""/usr/local/lib/python3.11/site-packages/fastapi/routing.py"", line 299, in app","{""level"":""error""}","{""project"":""82a60368-a35f-407d-b91c-fda7c4df0a50"",""environment"":""35a62989-f226-4922-a94f-05b71577983e"",""service"":""edd77b6a-44ec-4dd0-bb6b-129583c5e8f4"",""deployment"":""65be7d91-a0e8-40d7-8fa9-14aa89a4add1"",""replica"":""a840cb83-51a9-4b35-8087-f3b0edb637f4""}",2026-02-24T16:58:27.820172029Z
    raise e,"{""level"":""error""}","{""project"":""82a60368-a35f-407d-b91c-fda7c4df0a50"",""environment"":""35a62989-f226-4922-a94f-05b71577983e"",""service"":""edd77b6a-44ec-4dd0-bb6b-129583c5e8f4"",""deployment"":""65be7d91-a0e8-40d7-8fa9-14aa89a4add1"",""replica"":""a840cb83-51a9-4b35-8087-f3b0edb637f4""}",2026-02-24T16:58:27.820175855Z
"  File ""/usr/local/lib/python3.11/site-packages/fastapi/routing.py"", line 294, in app","{""level"":""error""}","{""project"":""82a60368-a35f-407d-b91c-fda7c4df0a50"",""environment"":""35a62989-f226-4922-a94f-05b71577983e"",""service"":""edd77b6a-44ec-4dd0-bb6b-129583c5e8f4"",""deployment"":""65be7d91-a0e8-40d7-8fa9-14aa89a4add1"",""replica"":""a840cb83-51a9-4b35-8087-f3b0edb637f4""}",2026-02-24T16:58:27.820179285Z
    raw_response = await run_endpoint_function(,"{""level"":""error""}","{""project"":""82a60368-a35f-407d-b91c-fda7c4df0a50"",""environment"":""35a62989-f226-4922-a94f-05b71577983e"",""service"":""edd77b6a-44ec-4dd0-bb6b-129583c5e8f4"",""deployment"":""65be7d91-a0e8-40d7-8fa9-14aa89a4add1"",""replica"":""a840cb83-51a9-4b35-8087-f3b0edb637f4""}",2026-02-24T16:58:27.820182854Z
                   ^^^^^^^^^^^^^^^^^^^^^^^^^^^^,"{""level"":""error""}","{""project"":""82a60368-a35f-407d-b91c-fda7c4df0a50"",""environment"":""35a62989-f226-4922-a94f-05b71577983e"",""service"":""edd77b6a-44ec-4dd0-bb6b-129583c5e8f4"",""deployment"":""65be7d91-a0e8-40d7-8fa9-14aa89a4add1"",""replica"":""a840cb83-51a9-4b35-8087-f3b0edb637f4""}",2026-02-24T16:58:27.820186423Z
"  File ""/usr/local/lib/python3.11/site-packages/fastapi/routing.py"", line 191, in run_endpoint_function","{""level"":""error""}","{""project"":""82a60368-a35f-407d-b91c-fda7c4df0a50"",""environment"":""35a62989-f226-4922-a94f-05b71577983e"",""service"":""edd77b6a-44ec-4dd0-bb6b-129583c5e8f4"",""deployment"":""65be7d91-a0e8-40d7-8fa9-14aa89a4add1"",""replica"":""a840cb83-51a9-4b35-8087-f3b0edb637f4""}",2026-02-24T16:58:27.820189961Z
    return await dependant.call(**values),"{""level"":""error""}","{""project"":""82a60368-a35f-407d-b91c-fda7c4df0a50"",""environment"":""35a62989-f226-4922-a94f-05b71577983e"",""service"":""edd77b6a-44ec-4dd0-bb6b-129583c5e8f4"",""deployment"":""65be7d91-a0e8-40d7-8fa9-14aa89a4add1"",""replica"":""a840cb83-51a9-4b35-8087-f3b0edb637f4""}",2026-02-24T16:58:27.820193696Z
           ^^^^^^^^^^^^^^^^^^^^^^^^^^^^^^,"{""level"":""error""}","{""project"":""82a60368-a35f-407d-b91c-fda7c4df0a50"",""environment"":""35a62989-f226-4922-a94f-05b71577983e"",""service"":""edd77b6a-44ec-4dd0-bb6b-129583c5e8f4"",""deployment"":""65be7d91-a0e8-40d7-8fa9-14aa89a4add1"",""replica"":""a840cb83-51a9-4b35-8087-f3b0edb637f4""}",2026-02-24T16:58:27.820197116Z
"  File ""/app/api/v1/endpoints/admin.py"", line 32, in get_admin_stats","{""level"":""error""}","{""project"":""82a60368-a35f-407d-b91c-fda7c4df0a50"",""environment"":""35a62989-f226-4922-a94f-05b71577983e"",""service"":""edd77b6a-44ec-4dd0-bb6b-129583c5e8f4"",""deployment"":""65be7d91-a0e8-40d7-8fa9-14aa89a4add1"",""replica"":""a840cb83-51a9-4b35-8087-f3b0edb637f4""}",2026-02-24T16:58:27.820200565Z
    result = await db.execute(select(func.count(Client.id))),"{""level"":""error""}","{""project"":""82a60368-a35f-407d-b91c-fda7c4df0a50"",""environment"":""35a62989-f226-4922-a94f-05b71577983e"",""service"":""edd77b6a-44ec-4dd0-bb6b-129583c5e8f4"",""deployment"":""65be7d91-a0e8-40d7-8fa9-14aa89a4add1"",""replica"":""a840cb83-51a9-4b35-8087-f3b0edb637f4""}",2026-02-24T16:58:27.820204092Z
"  File ""/usr/local/lib/python3.11/site-packages/sqlalchemy/util/_concurrency_py3k.py"", line 190, in greenlet_spawn","{""level"":""error""}","{""project"":""82a60368-a35f-407d-b91c-fda7c4df0a50"",""environment"":""35a62989-f226-4922-a94f-05b71577983e"",""service"":""edd77b6a-44ec-4dd0-bb6b-129583c5e8f4"",""deployment"":""65be7d91-a0e8-40d7-8fa9-14aa89a4add1"",""replica"":""a840cb83-51a9-4b35-8087-f3b0edb637f4""}",2026-02-24T16:58:27.821361130Z
    result = context.throw(*sys.exc_info()),"{""level"":""error""}","{""project"":""82a60368-a35f-407d-b91c-fda7c4df0a50"",""environment"":""35a62989-f226-4922-a94f-05b71577983e"",""service"":""edd77b6a-44ec-4dd0-bb6b-129583c5e8f4"",""deployment"":""65be7d91-a0e8-40d7-8fa9-14aa89a4add1"",""replica"":""a840cb83-51a9-4b35-8087-f3b0edb637f4""}",2026-02-24T16:58:27.821367419Z
             ^^^^^^^^^^^^^^^^^^^^^^^^^^^^^^,"{""level"":""error""}","{""project"":""82a60368-a35f-407d-b91c-fda7c4df0a50"",""environment"":""35a62989-f226-4922-a94f-05b71577983e"",""service"":""edd77b6a-44ec-4dd0-bb6b-129583c5e8f4"",""deployment"":""65be7d91-a0e8-40d7-8fa9-14aa89a4add1"",""replica"":""a840cb83-51a9-4b35-8087-f3b0edb637f4""}",2026-02-24T16:58:27.821372248Z
"  File ""/usr/local/lib/python3.11/site-packages/sqlalchemy/orm/session.py"", line 2262, in execute","{""level"":""error""}","{""project"":""82a60368-a35f-407d-b91c-fda7c4df0a50"",""environment"":""35a62989-f226-4922-a94f-05b71577983e"",""service"":""edd77b6a-44ec-4dd0-bb6b-129583c5e8f4"",""deployment"":""65be7d91-a0e8-40d7-8fa9-14aa89a4add1"",""replica"":""a840cb83-51a9-4b35-8087-f3b0edb637f4""}",2026-02-24T16:58:27.821377435Z
    return self._execute_internal(,"{""level"":""error""}","{""project"":""82a60368-a35f-407d-b91c-fda7c4df0a50"",""environment"":""35a62989-f226-4922-a94f-05b71577983e"",""service"":""edd77b6a-44ec-4dd0-bb6b-129583c5e8f4"",""deployment"":""65be7d91-a0e8-40d7-8fa9-14aa89a4add1"",""replica"":""a840cb83-51a9-4b35-8087-f3b0edb637f4""}",2026-02-24T16:58:27.821381520Z
           ^^^^^^^^^^^^^^^^^^^^^^^,"{""level"":""error""}","{""project"":""82a60368-a35f-407d-b91c-fda7c4df0a50"",""environment"":""35a62989-f226-4922-a94f-05b71577983e"",""service"":""edd77b6a-44ec-4dd0-bb6b-129583c5e8f4"",""deployment"":""65be7d91-a0e8-40d7-8fa9-14aa89a4add1"",""replica"":""a840cb83-51a9-4b35-8087-f3b0edb637f4""}",2026-02-24T16:58:27.821385797Z
"  File ""/usr/local/lib/python3.11/site-packages/sqlalchemy/orm/session.py"", line 2134, in _execute_internal","{""level"":""error""}","{""project"":""82a60368-a35f-407d-b91c-fda7c4df0a50"",""environment"":""35a62989-f226-4922-a94f-05b71577983e"",""service"":""edd77b6a-44ec-4dd0-bb6b-129583c5e8f4"",""deployment"":""65be7d91-a0e8-40d7-8fa9-14aa89a4add1"",""replica"":""a840cb83-51a9-4b35-8087-f3b0edb637f4""}",2026-02-24T16:58:27.821389765Z
    conn = self._connection_for_bind(bind),"{""level"":""error""}","{""project"":""82a60368-a35f-407d-b91c-fda7c4df0a50"",""environment"":""35a62989-f226-4922-a94f-05b71577983e"",""service"":""edd77b6a-44ec-4dd0-bb6b-129583c5e8f4"",""deployment"":""65be7d91-a0e8-40d7-8fa9-14aa89a4add1"",""replica"":""a840cb83-51a9-4b35-8087-f3b0edb637f4""}",2026-02-24T16:58:27.821393739Z
           ^^^^^^^^^^^^^^^^^^^^^^^^^^^^^^^,"{""level"":""error""}","{""project"":""82a60368-a35f-407d-b91c-fda7c4df0a50"",""environment"":""35a62989-f226-4922-a94f-05b71577983e"",""service"":""edd77b6a-44ec-4dd0-bb6b-129583c5e8f4"",""deployment"":""65be7d91-a0e8-40d7-8fa9-14aa89a4add1"",""replica"":""a840cb83-51a9-4b35-8087-f3b0edb637f4""}",2026-02-24T16:58:27.821398106Z
"  File ""/usr/local/lib/python3.11/site-packages/sqlalchemy/orm/session.py"", line 2001, in _connection_for_bind","{""level"":""error""}","{""project"":""82a60368-a35f-407d-b91c-fda7c4df0a50"",""environment"":""35a62989-f226-4922-a94f-05b71577983e"",""service"":""edd77b6a-44ec-4dd0-bb6b-129583c5e8f4"",""deployment"":""65be7d91-a0e8-40d7-8fa9-14aa89a4add1"",""replica"":""a840cb83-51a9-4b35-8087-f3b0edb637f4""}",2026-02-24T16:58:27.821402056Z
"    return trans._connection_for_bind(engine, execution_options)","{""level"":""error""}","{""project"":""82a60368-a35f-407d-b91c-fda7c4df0a50"",""environment"":""35a62989-f226-4922-a94f-05b71577983e"",""service"":""edd77b6a-44ec-4dd0-bb6b-129583c5e8f4"",""deployment"":""65be7d91-a0e8-40d7-8fa9-14aa89a4add1"",""replica"":""a840cb83-51a9-4b35-8087-f3b0edb637f4""}",2026-02-24T16:58:27.821405873Z
           ^^^^^^^^^^^^^^^^^^^^^^^^^^^^^^^^^^^^^^^^^^^^^^^^^^^^^,"{""level"":""error""}","{""project"":""82a60368-a35f-407d-b91c-fda7c4df0a50"",""environment"":""35a62989-f226-4922-a94f-05b71577983e"",""service"":""edd77b6a-44ec-4dd0-bb6b-129583c5e8f4"",""deployment"":""65be7d91-a0e8-40d7-8fa9-14aa89a4add1"",""replica"":""a840cb83-51a9-4b35-8087-f3b0edb637f4""}",2026-02-24T16:58:27.821409877Z
"  File ""<string>"", line 2, in _connection_for_bind","{""level"":""error""}","{""project"":""82a60368-a35f-407d-b91c-fda7c4df0a50"",""environment"":""35a62989-f226-4922-a94f-05b71577983e"",""service"":""edd77b6a-44ec-4dd0-bb6b-129583c5e8f4"",""deployment"":""65be7d91-a0e8-40d7-8fa9-14aa89a4add1"",""replica"":""a840cb83-51a9-4b35-8087-f3b0edb637f4""}",2026-02-24T16:58:27.821415036Z
"  File ""/usr/local/lib/python3.11/site-packages/sqlalchemy/orm/state_changes.py"", line 139, in _go","{""level"":""error""}","{""project"":""82a60368-a35f-407d-b91c-fda7c4df0a50"",""environment"":""35a62989-f226-4922-a94f-05b71577983e"",""service"":""edd77b6a-44ec-4dd0-bb6b-129583c5e8f4"",""deployment"":""65be7d91-a0e8-40d7-8fa9-14aa89a4add1"",""replica"":""a840cb83-51a9-4b35-8087-f3b0edb637f4""}",2026-02-24T16:58:27.821419088Z
"    ret_value = fn(self, *arg, **kw)","{""level"":""error""}","{""project"":""82a60368-a35f-407d-b91c-fda7c4df0a50"",""environment"":""35a62989-f226-4922-a94f-05b71577983e"",""service"":""edd77b6a-44ec-4dd0-bb6b-129583c5e8f4"",""deployment"":""65be7d91-a0e8-40d7-8fa9-14aa89a4add1"",""replica"":""a840cb83-51a9-4b35-8087-f3b0edb637f4""}",2026-02-24T16:58:27.821422668Z
                ^^^^^^^^^^^^^^^^^^^^,"{""level"":""error""}","{""project"":""82a60368-a35f-407d-b91c-fda7c4df0a50"",""environment"":""35a62989-f226-4922-a94f-05b71577983e"",""service"":""edd77b6a-44ec-4dd0-bb6b-129583c5e8f4"",""deployment"":""65be7d91-a0e8-40d7-8fa9-14aa89a4add1"",""replica"":""a840cb83-51a9-4b35-8087-f3b0edb637f4""}",2026-02-24T16:58:27.821426132Z
"  File ""/usr/local/lib/python3.11/site-packages/sqlalchemy/orm/session.py"", line 1126, in _connection_for_bind","{""level"":""error""}","{""project"":""82a60368-a35f-407d-b91c-fda7c4df0a50"",""environment"":""35a62989-f226-4922-a94f-05b71577983e"",""service"":""edd77b6a-44ec-4dd0-bb6b-129583c5e8f4"",""deployment"":""65be7d91-a0e8-40d7-8fa9-14aa89a4add1"",""replica"":""a840cb83-51a9-4b35-8087-f3b0edb637f4""}",2026-02-24T16:58:27.821429955Z
    conn = bind.connect(),"{""level"":""error""}","{""project"":""82a60368-a35f-407d-b91c-fda7c4df0a50"",""environment"":""35a62989-f226-4922-a94f-05b71577983e"",""service"":""edd77b6a-44ec-4dd0-bb6b-129583c5e8f4"",""deployment"":""65be7d91-a0e8-40d7-8fa9-14aa89a4add1"",""replica"":""a840cb83-51a9-4b35-8087-f3b0edb637f4""}",2026-02-24T16:58:27.821434489Z
           ^^^^^^^^^^^^^^,"{""level"":""error""}","{""project"":""82a60368-a35f-407d-b91c-fda7c4df0a50"",""environment"":""35a62989-f226-4922-a94f-05b71577983e"",""service"":""edd77b6a-44ec-4dd0-bb6b-129583c5e8f4"",""deployment"":""65be7d91-a0e8-40d7-8fa9-14aa89a4add1"",""replica"":""a840cb83-51a9-4b35-8087-f3b0edb637f4""}",2026-02-24T16:58:27.821439466Z
"  File ""/usr/local/lib/python3.11/site-packages/sqlalchemy/engine/base.py"", line 3264, in connect","{""level"":""error""}","{""project"":""82a60368-a35f-407d-b91c-fda7c4df0a50"",""environment"":""35a62989-f226-4922-a94f-05b71577983e"",""service"":""edd77b6a-44ec-4dd0-bb6b-129583c5e8f4"",""deployment"":""65be7d91-a0e8-40d7-8fa9-14aa89a4add1"",""replica"":""a840cb83-51a9-4b35-8087-f3b0edb637f4""}",2026-02-24T16:58:27.821443573Z
"  File ""/usr/local/lib/python3.11/site-packages/sqlalchemy/util/langhelpers.py"", line 146, in __exit__","{""level"":""error""}","{""project"":""82a60368-a35f-407d-b91c-fda7c4df0a50"",""environment"":""35a62989-f226-4922-a94f-05b71577983e"",""service"":""edd77b6a-44ec-4dd0-bb6b-129583c5e8f4"",""deployment"":""65be7d91-a0e8-40d7-8fa9-14aa89a4add1"",""replica"":""a840cb83-51a9-4b35-8087-f3b0edb637f4""}",2026-02-24T16:58:27.822619830Z
    return self._connection_cls(self),"{""level"":""error""}","{""project"":""82a60368-a35f-407d-b91c-fda7c4df0a50"",""environment"":""35a62989-f226-4922-a94f-05b71577983e"",""service"":""edd77b6a-44ec-4dd0-bb6b-129583c5e8f4"",""deployment"":""65be7d91-a0e8-40d7-8fa9-14aa89a4add1"",""replica"":""a840cb83-51a9-4b35-8087-f3b0edb637f4""}",2026-02-24T16:58:27.822629689Z
           ^^^^^^^^^^^^^^^^^^^^^^^^^^,"{""level"":""error""}","{""project"":""82a60368-a35f-407d-b91c-fda7c4df0a50"",""environment"":""35a62989-f226-4922-a94f-05b71577983e"",""service"":""edd77b6a-44ec-4dd0-bb6b-129583c5e8f4"",""deployment"":""65be7d91-a0e8-40d7-8fa9-14aa89a4add1"",""replica"":""a840cb83-51a9-4b35-8087-f3b0edb637f4""}",2026-02-24T16:58:27.822635764Z
"  File ""/usr/local/lib/python3.11/site-packages/sqlalchemy/engine/base.py"", line 145, in __init__","{""level"":""error""}","{""project"":""82a60368-a35f-407d-b91c-fda7c4df0a50"",""environment"":""35a62989-f226-4922-a94f-05b71577983e"",""service"":""edd77b6a-44ec-4dd0-bb6b-129583c5e8f4"",""deployment"":""65be7d91-a0e8-40d7-8fa9-14aa89a4add1"",""replica"":""a840cb83-51a9-4b35-8087-f3b0edb637f4""}",2026-02-24T16:58:27.822639300Z
    self._dbapi_connection = engine.raw_connection(),"{""level"":""error""}","{""project"":""82a60368-a35f-407d-b91c-fda7c4df0a50"",""environment"":""35a62989-f226-4922-a94f-05b71577983e"",""service"":""edd77b6a-44ec-4dd0-bb6b-129583c5e8f4"",""deployment"":""65be7d91-a0e8-40d7-8fa9-14aa89a4add1"",""replica"":""a840cb83-51a9-4b35-8087-f3b0edb637f4""}",2026-02-24T16:58:27.822643581Z
                             ^^^^^^^^^^^^^^^^^^^^^^^,"{""level"":""error""}","{""project"":""82a60368-a35f-407d-b91c-fda7c4df0a50"",""environment"":""35a62989-f226-4922-a94f-05b71577983e"",""service"":""edd77b6a-44ec-4dd0-bb6b-129583c5e8f4"",""deployment"":""65be7d91-a0e8-40d7-8fa9-14aa89a4add1"",""replica"":""a840cb83-51a9-4b35-8087-f3b0edb637f4""}",2026-02-24T16:58:27.822647211Z
"  File ""/usr/local/lib/python3.11/site-packages/sqlalchemy/engine/base.py"", line 3288, in raw_connection","{""level"":""error""}","{""project"":""82a60368-a35f-407d-b91c-fda7c4df0a50"",""environment"":""35a62989-f226-4922-a94f-05b71577983e"",""service"":""edd77b6a-44ec-4dd0-bb6b-129583c5e8f4"",""deployment"":""65be7d91-a0e8-40d7-8fa9-14aa89a4add1"",""replica"":""a840cb83-51a9-4b35-8087-f3b0edb637f4""}",2026-02-24T16:58:27.822650971Z
    return self.pool.connect(),"{""level"":""error""}","{""project"":""82a60368-a35f-407d-b91c-fda7c4df0a50"",""environment"":""35a62989-f226-4922-a94f-05b71577983e"",""service"":""edd77b6a-44ec-4dd0-bb6b-129583c5e8f4"",""deployment"":""65be7d91-a0e8-40d7-8fa9-14aa89a4add1"",""replica"":""a840cb83-51a9-4b35-8087-f3b0edb637f4""}",2026-02-24T16:58:27.822655072Z
           ^^^^^^^^^^^^^^^^^^^,"{""level"":""error""}","{""project"":""82a60368-a35f-407d-b91c-fda7c4df0a50"",""environment"":""35a62989-f226-4922-a94f-05b71577983e"",""service"":""edd77b6a-44ec-4dd0-bb6b-129583c5e8f4"",""deployment"":""65be7d91-a0e8-40d7-8fa9-14aa89a4add1"",""replica"":""a840cb83-51a9-4b35-8087-f3b0edb637f4""}",2026-02-24T16:58:27.822658620Z
"  File ""/usr/local/lib/python3.11/site-packages/sqlalchemy/pool/base.py"", line 452, in connect","{""level"":""error""}","{""project"":""82a60368-a35f-407d-b91c-fda7c4df0a50"",""environment"":""35a62989-f226-4922-a94f-05b71577983e"",""service"":""edd77b6a-44ec-4dd0-bb6b-129583c5e8f4"",""deployment"":""65be7d91-a0e8-40d7-8fa9-14aa89a4add1"",""replica"":""a840cb83-51a9-4b35-8087-f3b0edb637f4""}",2026-02-24T16:58:27.822662068Z
    return _ConnectionFairy._checkout(self),"{""level"":""error""}","{""project"":""82a60368-a35f-407d-b91c-fda7c4df0a50"",""environment"":""35a62989-f226-4922-a94f-05b71577983e"",""service"":""edd77b6a-44ec-4dd0-bb6b-129583c5e8f4"",""deployment"":""65be7d91-a0e8-40d7-8fa9-14aa89a4add1"",""replica"":""a840cb83-51a9-4b35-8087-f3b0edb637f4""}",2026-02-24T16:58:27.822666584Z
           ^^^^^^^^^^^^^^^^^^^^^^^^^^^^^^^^,"{""level"":""error""}","{""project"":""82a60368-a35f-407d-b91c-fda7c4df0a50"",""environment"":""35a62989-f226-4922-a94f-05b71577983e"",""service"":""edd77b6a-44ec-4dd0-bb6b-129583c5e8f4"",""deployment"":""65be7d91-a0e8-40d7-8fa9-14aa89a4add1"",""replica"":""a840cb83-51a9-4b35-8087-f3b0edb637f4""}",2026-02-24T16:58:27.822670843Z
"  File ""/usr/local/lib/python3.11/site-packages/sqlalchemy/pool/base.py"", line 1267, in _checkout","{""level"":""error""}","{""project"":""82a60368-a35f-407d-b91c-fda7c4df0a50"",""environment"":""35a62989-f226-4922-a94f-05b71577983e"",""service"":""edd77b6a-44ec-4dd0-bb6b-129583c5e8f4"",""deployment"":""65be7d91-a0e8-40d7-8fa9-14aa89a4add1"",""replica"":""a840cb83-51a9-4b35-8087-f3b0edb637f4""}",2026-02-24T16:58:27.822674730Z
    fairy = _ConnectionRecord.checkout(pool),"{""level"":""error""}","{""project"":""82a60368-a35f-407d-b91c-fda7c4df0a50"",""environment"":""35a62989-f226-4922-a94f-05b71577983e"",""service"":""edd77b6a-44ec-4dd0-bb6b-129583c5e8f4"",""deployment"":""65be7d91-a0e8-40d7-8fa9-14aa89a4add1"",""replica"":""a840cb83-51a9-4b35-8087-f3b0edb637f4""}",2026-02-24T16:58:27.822678233Z
            ^^^^^^^^^^^^^^^^^^^^^^^^^^^^^^^^,"{""level"":""error""}","{""project"":""82a60368-a35f-407d-b91c-fda7c4df0a50"",""environment"":""35a62989-f226-4922-a94f-05b71577983e"",""service"":""edd77b6a-44ec-4dd0-bb6b-129583c5e8f4"",""deployment"":""65be7d91-a0e8-40d7-8fa9-14aa89a4add1"",""replica"":""a840cb83-51a9-4b35-8087-f3b0edb637f4""}",2026-02-24T16:58:27.822681672Z
"  File ""/usr/local/lib/python3.11/site-packages/sqlalchemy/pool/base.py"", line 716, in checkout","{""level"":""error""}","{""project"":""82a60368-a35f-407d-b91c-fda7c4df0a50"",""environment"":""35a62989-f226-4922-a94f-05b71577983e"",""service"":""edd77b6a-44ec-4dd0-bb6b-129583c5e8f4"",""deployment"":""65be7d91-a0e8-40d7-8fa9-14aa89a4add1"",""replica"":""a840cb83-51a9-4b35-8087-f3b0edb637f4""}",2026-02-24T16:58:27.822685275Z
    rec = pool._do_get(),"{""level"":""error""}","{""project"":""82a60368-a35f-407d-b91c-fda7c4df0a50"",""environment"":""35a62989-f226-4922-a94f-05b71577983e"",""service"":""edd77b6a-44ec-4dd0-bb6b-129583c5e8f4"",""deployment"":""65be7d91-a0e8-40d7-8fa9-14aa89a4add1"",""replica"":""a840cb83-51a9-4b35-8087-f3b0edb637f4""}",2026-02-24T16:58:27.822688698Z
          ^^^^^^^^^^^^^^,"{""level"":""error""}","{""project"":""82a60368-a35f-407d-b91c-fda7c4df0a50"",""environment"":""35a62989-f226-4922-a94f-05b71577983e"",""service"":""edd77b6a-44ec-4dd0-bb6b-129583c5e8f4"",""deployment"":""65be7d91-a0e8-40d7-8fa9-14aa89a4add1"",""replica"":""a840cb83-51a9-4b35-8087-f3b0edb637f4""}",2026-02-24T16:58:27.822691632Z
"  File ""/usr/local/lib/python3.11/site-packages/sqlalchemy/pool/impl.py"", line 169, in _do_get","{""level"":""error""}","{""project"":""82a60368-a35f-407d-b91c-fda7c4df0a50"",""environment"":""35a62989-f226-4922-a94f-05b71577983e"",""service"":""edd77b6a-44ec-4dd0-bb6b-129583c5e8f4"",""deployment"":""65be7d91-a0e8-40d7-8fa9-14aa89a4add1"",""replica"":""a840cb83-51a9-4b35-8087-f3b0edb637f4""}",2026-02-24T16:58:27.822694975Z
    with util.safe_reraise():,"{""level"":""error""}","{""project"":""82a60368-a35f-407d-b91c-fda7c4df0a50"",""environment"":""35a62989-f226-4922-a94f-05b71577983e"",""service"":""edd77b6a-44ec-4dd0-bb6b-129583c5e8f4"",""deployment"":""65be7d91-a0e8-40d7-8fa9-14aa89a4add1"",""replica"":""a840cb83-51a9-4b35-8087-f3b0edb637f4""}",2026-02-24T16:58:27.822698072Z
    raise exc_value.with_traceback(exc_tb),"{""level"":""error""}","{""project"":""82a60368-a35f-407d-b91c-fda7c4df0a50"",""environment"":""35a62989-f226-4922-a94f-05b71577983e"",""service"":""edd77b6a-44ec-4dd0-bb6b-129583c5e8f4"",""deployment"":""65be7d91-a0e8-40d7-8fa9-14aa89a4add1"",""replica"":""a840cb83-51a9-4b35-8087-f3b0edb637f4""}",2026-02-24T16:58:27.823973334Z
"  File ""/usr/local/lib/python3.11/site-packages/sqlalchemy/pool/impl.py"", line 167, in _do_get","{""level"":""error""}","{""project"":""82a60368-a35f-407d-b91c-fda7c4df0a50"",""environment"":""35a62989-f226-4922-a94f-05b71577983e"",""service"":""edd77b6a-44ec-4dd0-bb6b-129583c5e8f4"",""deployment"":""65be7d91-a0e8-40d7-8fa9-14aa89a4add1"",""replica"":""a840cb83-51a9-4b35-8087-f3b0edb637f4""}",2026-02-24T16:58:27.823978586Z
    return self._create_connection(),"{""level"":""error""}","{""project"":""82a60368-a35f-407d-b91c-fda7c4df0a50"",""environment"":""35a62989-f226-4922-a94f-05b71577983e"",""service"":""edd77b6a-44ec-4dd0-bb6b-129583c5e8f4"",""deployment"":""65be7d91-a0e8-40d7-8fa9-14aa89a4add1"",""replica"":""a840cb83-51a9-4b35-8087-f3b0edb637f4""}",2026-02-24T16:58:27.823982516Z
           ^^^^^^^^^^^^^^^^^^^^^^^^^,"{""level"":""error""}","{""project"":""82a60368-a35f-407d-b91c-fda7c4df0a50"",""environment"":""35a62989-f226-4922-a94f-05b71577983e"",""service"":""edd77b6a-44ec-4dd0-bb6b-129583c5e8f4"",""deployment"":""65be7d91-a0e8-40d7-8fa9-14aa89a4add1"",""replica"":""a840cb83-51a9-4b35-8087-f3b0edb637f4""}",2026-02-24T16:58:27.823986314Z
"  File ""/usr/local/lib/python3.11/site-packages/sqlalchemy/pool/base.py"", line 393, in _create_connection","{""level"":""error""}","{""project"":""82a60368-a35f-407d-b91c-fda7c4df0a50"",""environment"":""35a62989-f226-4922-a94f-05b71577983e"",""service"":""edd77b6a-44ec-4dd0-bb6b-129583c5e8f4"",""deployment"":""65be7d91-a0e8-40d7-8fa9-14aa89a4add1"",""replica"":""a840cb83-51a9-4b35-8087-f3b0edb637f4""}",2026-02-24T16:58:27.823990176Z
    return _ConnectionRecord(self),"{""level"":""error""}","{""project"":""82a60368-a35f-407d-b91c-fda7c4df0a50"",""environment"":""35a62989-f226-4922-a94f-05b71577983e"",""service"":""edd77b6a-44ec-4dd0-bb6b-129583c5e8f4"",""deployment"":""65be7d91-a0e8-40d7-8fa9-14aa89a4add1"",""replica"":""a840cb83-51a9-4b35-8087-f3b0edb637f4""}",2026-02-24T16:58:27.823995072Z
           ^^^^^^^^^^^^^^^^^^^^^^^,"{""level"":""error""}","{""project"":""82a60368-a35f-407d-b91c-fda7c4df0a50"",""environment"":""35a62989-f226-4922-a94f-05b71577983e"",""service"":""edd77b6a-44ec-4dd0-bb6b-129583c5e8f4"",""deployment"":""65be7d91-a0e8-40d7-8fa9-14aa89a4add1"",""replica"":""a840cb83-51a9-4b35-8087-f3b0edb637f4""}",2026-02-24T16:58:27.823999255Z
"  File ""/usr/local/lib/python3.11/site-packages/sqlalchemy/pool/base.py"", line 678, in __init__","{""level"":""error""}","{""project"":""82a60368-a35f-407d-b91c-fda7c4df0a50"",""environment"":""35a62989-f226-4922-a94f-05b71577983e"",""service"":""edd77b6a-44ec-4dd0-bb6b-129583c5e8f4"",""deployment"":""65be7d91-a0e8-40d7-8fa9-14aa89a4add1"",""replica"":""a840cb83-51a9-4b35-8087-f3b0edb637f4""}",2026-02-24T16:58:27.824002979Z
    self.__connect(),"{""level"":""error""}","{""project"":""82a60368-a35f-407d-b91c-fda7c4df0a50"",""environment"":""35a62989-f226-4922-a94f-05b71577983e"",""service"":""edd77b6a-44ec-4dd0-bb6b-129583c5e8f4"",""deployment"":""65be7d91-a0e8-40d7-8fa9-14aa89a4add1"",""replica"":""a840cb83-51a9-4b35-8087-f3b0edb637f4""}",2026-02-24T16:58:27.824006964Z
"  File ""/usr/local/lib/python3.11/site-packages/sqlalchemy/pool/base.py"", line 916, in __connect","{""level"":""error""}","{""project"":""82a60368-a35f-407d-b91c-fda7c4df0a50"",""environment"":""35a62989-f226-4922-a94f-05b71577983e"",""service"":""edd77b6a-44ec-4dd0-bb6b-129583c5e8f4"",""deployment"":""65be7d91-a0e8-40d7-8fa9-14aa89a4add1"",""replica"":""a840cb83-51a9-4b35-8087-f3b0edb637f4""}",2026-02-24T16:58:27.824010713Z
"    )._exec_w_sync_on_first_run(self.dbapi_connection, self)","{""level"":""error""}","{""project"":""82a60368-a35f-407d-b91c-fda7c4df0a50"",""environment"":""35a62989-f226-4922-a94f-05b71577983e"",""service"":""edd77b6a-44ec-4dd0-bb6b-129583c5e8f4"",""deployment"":""65be7d91-a0e8-40d7-8fa9-14aa89a4add1"",""replica"":""a840cb83-51a9-4b35-8087-f3b0edb637f4""}",2026-02-24T16:58:27.824014417Z
      ^^^^^^^^^^^^^^^^^^^^^^^^^^^^^^^^^^^^^^^^^^^^^^^^^^^^^^,"{""level"":""error""}","{""project"":""82a60368-a35f-407d-b91c-fda7c4df0a50"",""environment"":""35a62989-f226-4922-a94f-05b71577983e"",""service"":""edd77b6a-44ec-4dd0-bb6b-129583c5e8f4"",""deployment"":""65be7d91-a0e8-40d7-8fa9-14aa89a4add1"",""replica"":""a840cb83-51a9-4b35-8087-f3b0edb637f4""}",2026-02-24T16:58:27.824018496Z
"  File ""/usr/local/lib/python3.11/site-packages/sqlalchemy/event/attr.py"", line 473, in _exec_w_sync_on_first_run","{""level"":""error""}","{""project"":""82a60368-a35f-407d-b91c-fda7c4df0a50"",""environment"":""35a62989-f226-4922-a94f-05b71577983e"",""service"":""edd77b6a-44ec-4dd0-bb6b-129583c5e8f4"",""deployment"":""65be7d91-a0e8-40d7-8fa9-14aa89a4add1"",""replica"":""a840cb83-51a9-4b35-8087-f3b0edb637f4""}",2026-02-24T16:58:27.824022409Z
"    self(*args, **kw)","{""level"":""error""}","{""project"":""82a60368-a35f-407d-b91c-fda7c4df0a50"",""environment"":""35a62989-f226-4922-a94f-05b71577983e"",""service"":""edd77b6a-44ec-4dd0-bb6b-129583c5e8f4"",""deployment"":""65be7d91-a0e8-40d7-8fa9-14aa89a4add1"",""replica"":""a840cb83-51a9-4b35-8087-f3b0edb637f4""}",2026-02-24T16:58:27.824025976Z
"  File ""/usr/local/lib/python3.11/site-packages/sqlalchemy/event/attr.py"", line 487, in __call__","{""level"":""error""}","{""project"":""82a60368-a35f-407d-b91c-fda7c4df0a50"",""environment"":""35a62989-f226-4922-a94f-05b71577983e"",""service"":""edd77b6a-44ec-4dd0-bb6b-129583c5e8f4"",""deployment"":""65be7d91-a0e8-40d7-8fa9-14aa89a4add1"",""replica"":""a840cb83-51a9-4b35-8087-f3b0edb637f4""}",2026-02-24T16:58:27.824029787Z
"    fn(*args, **kw)","{""level"":""error""}","{""project"":""82a60368-a35f-407d-b91c-fda7c4df0a50"",""environment"":""35a62989-f226-4922-a94f-05b71577983e"",""service"":""edd77b6a-44ec-4dd0-bb6b-129583c5e8f4"",""deployment"":""65be7d91-a0e8-40d7-8fa9-14aa89a4add1"",""replica"":""a840cb83-51a9-4b35-8087-f3b0edb637f4""}",2026-02-24T16:58:27.824033093Z
"  File ""/usr/local/lib/python3.11/site-packages/sqlalchemy/engine/create.py"", line 704, in on_connect","{""level"":""error""}","{""project"":""82a60368-a35f-407d-b91c-fda7c4df0a50"",""environment"":""35a62989-f226-4922-a94f-05b71577983e"",""service"":""edd77b6a-44ec-4dd0-bb6b-129583c5e8f4"",""deployment"":""65be7d91-a0e8-40d7-8fa9-14aa89a4add1"",""replica"":""a840cb83-51a9-4b35-8087-f3b0edb637f4""}",2026-02-24T16:58:27.824036858Z
    do_on_connect(dbapi_connection),"{""level"":""error""}","{""project"":""82a60368-a35f-407d-b91c-fda7c4df0a50"",""environment"":""35a62989-f226-4922-a94f-05b71577983e"",""service"":""edd77b6a-44ec-4dd0-bb6b-129583c5e8f4"",""deployment"":""65be7d91-a0e8-40d7-8fa9-14aa89a4add1"",""replica"":""a840cb83-51a9-4b35-8087-f3b0edb637f4""}",2026-02-24T16:58:27.824040788Z
"  File ""/usr/local/lib/python3.11/site-packages/sqlalchemy/dialects/postgresql/asyncpg.py"", line 1240, in connect","{""level"":""error""}","{""project"":""82a60368-a35f-407d-b91c-fda7c4df0a50"",""environment"":""35a62989-f226-4922-a94f-05b71577983e"",""service"":""edd77b6a-44ec-4dd0-bb6b-129583c5e8f4"",""deployment"":""65be7d91-a0e8-40d7-8fa9-14aa89a4add1"",""replica"":""a840cb83-51a9-4b35-8087-f3b0edb637f4""}",2026-02-24T16:58:27.824044133Z
"  File ""/usr/local/lib/python3.11/site-packages/asyncpg/connection.py"", line 1659, in _execute","{""level"":""error""}","{""project"":""82a60368-a35f-407d-b91c-fda7c4df0a50"",""environment"":""35a62989-f226-4922-a94f-05b71577983e"",""service"":""edd77b6a-44ec-4dd0-bb6b-129583c5e8f4"",""deployment"":""65be7d91-a0e8-40d7-8fa9-14aa89a4add1"",""replica"":""a840cb83-51a9-4b35-8087-f3b0edb637f4""}",2026-02-24T16:58:27.825282274Z
    conn.await_(self.setup_asyncpg_json_codec(conn)),"{""level"":""error""}","{""project"":""82a60368-a35f-407d-b91c-fda7c4df0a50"",""environment"":""35a62989-f226-4922-a94f-05b71577983e"",""service"":""edd77b6a-44ec-4dd0-bb6b-129583c5e8f4"",""deployment"":""65be7d91-a0e8-40d7-8fa9-14aa89a4add1"",""replica"":""a840cb83-51a9-4b35-8087-f3b0edb637f4""}",2026-02-24T16:58:27.825286184Z
"    result, _ = await self.__execute(","{""level"":""error""}","{""project"":""82a60368-a35f-407d-b91c-fda7c4df0a50"",""environment"":""35a62989-f226-4922-a94f-05b71577983e"",""service"":""edd77b6a-44ec-4dd0-bb6b-129583c5e8f4"",""deployment"":""65be7d91-a0e8-40d7-8fa9-14aa89a4add1"",""replica"":""a840cb83-51a9-4b35-8087-f3b0edb637f4""}",2026-02-24T16:58:27.825293351Z
"  File ""/usr/local/lib/python3.11/site-packages/sqlalchemy/util/_concurrency_py3k.py"", line 125, in await_only","{""level"":""error""}","{""project"":""82a60368-a35f-407d-b91c-fda7c4df0a50"",""environment"":""35a62989-f226-4922-a94f-05b71577983e"",""service"":""edd77b6a-44ec-4dd0-bb6b-129583c5e8f4"",""deployment"":""65be7d91-a0e8-40d7-8fa9-14aa89a4add1"",""replica"":""a840cb83-51a9-4b35-8087-f3b0edb637f4""}",2026-02-24T16:58:27.825295957Z
                ^^^^^^^^^^^^^^^^^^^^^,"{""level"":""error""}","{""project"":""82a60368-a35f-407d-b91c-fda7c4df0a50"",""environment"":""35a62989-f226-4922-a94f-05b71577983e"",""service"":""edd77b6a-44ec-4dd0-bb6b-129583c5e8f4"",""deployment"":""65be7d91-a0e8-40d7-8fa9-14aa89a4add1"",""replica"":""a840cb83-51a9-4b35-8087-f3b0edb637f4""}",2026-02-24T16:58:27.825301494Z
    return current.driver.switch(awaitable)  # type: ignore[no-any-return],"{""level"":""error""}","{""project"":""82a60368-a35f-407d-b91c-fda7c4df0a50"",""environment"":""35a62989-f226-4922-a94f-05b71577983e"",""service"":""edd77b6a-44ec-4dd0-bb6b-129583c5e8f4"",""deployment"":""65be7d91-a0e8-40d7-8fa9-14aa89a4add1"",""replica"":""a840cb83-51a9-4b35-8087-f3b0edb637f4""}",2026-02-24T16:58:27.825303919Z
"  File ""/usr/local/lib/python3.11/site-packages/asyncpg/connection.py"", line 1684, in __execute","{""level"":""error""}","{""project"":""82a60368-a35f-407d-b91c-fda7c4df0a50"",""environment"":""35a62989-f226-4922-a94f-05b71577983e"",""service"":""edd77b6a-44ec-4dd0-bb6b-129583c5e8f4"",""deployment"":""65be7d91-a0e8-40d7-8fa9-14aa89a4add1"",""replica"":""a840cb83-51a9-4b35-8087-f3b0edb637f4""}",2026-02-24T16:58:27.825312017Z
           ^^^^^^^^^^^^^^^^^^^^^^^^^^^^^^^^,"{""level"":""error""}","{""project"":""82a60368-a35f-407d-b91c-fda7c4df0a50"",""environment"":""35a62989-f226-4922-a94f-05b71577983e"",""service"":""edd77b6a-44ec-4dd0-bb6b-129583c5e8f4"",""deployment"":""65be7d91-a0e8-40d7-8fa9-14aa89a4add1"",""replica"":""a840cb83-51a9-4b35-8087-f3b0edb637f4""}",2026-02-24T16:58:27.825312273Z
"  File ""/usr/local/lib/python3.11/site-packages/sqlalchemy/util/_concurrency_py3k.py"", line 185, in greenlet_spawn","{""level"":""error""}","{""project"":""82a60368-a35f-407d-b91c-fda7c4df0a50"",""environment"":""35a62989-f226-4922-a94f-05b71577983e"",""service"":""edd77b6a-44ec-4dd0-bb6b-129583c5e8f4"",""deployment"":""65be7d91-a0e8-40d7-8fa9-14aa89a4add1"",""replica"":""a840cb83-51a9-4b35-8087-f3b0edb637f4""}",2026-02-24T16:58:27.825317491Z
    value = await result,"{""level"":""error""}","{""project"":""82a60368-a35f-407d-b91c-fda7c4df0a50"",""environment"":""35a62989-f226-4922-a94f-05b71577983e"",""service"":""edd77b6a-44ec-4dd0-bb6b-129583c5e8f4"",""deployment"":""65be7d91-a0e8-40d7-8fa9-14aa89a4add1"",""replica"":""a840cb83-51a9-4b35-8087-f3b0edb637f4""}",2026-02-24T16:58:27.825320859Z
            ^^^^^^^^^^^^,"{""level"":""error""}","{""project"":""82a60368-a35f-407d-b91c-fda7c4df0a50"",""environment"":""35a62989-f226-4922-a94f-05b71577983e"",""service"":""edd77b6a-44ec-4dd0-bb6b-129583c5e8f4"",""deployment"":""65be7d91-a0e8-40d7-8fa9-14aa89a4add1"",""replica"":""a840cb83-51a9-4b35-8087-f3b0edb637f4""}",2026-02-24T16:58:27.825324448Z
"  File ""/usr/local/lib/python3.11/site-packages/sqlalchemy/dialects/postgresql/asyncpg.py"", line 1166, in setup_asyncpg_json_codec","{""level"":""error""}","{""project"":""82a60368-a35f-407d-b91c-fda7c4df0a50"",""environment"":""35a62989-f226-4922-a94f-05b71577983e"",""service"":""edd77b6a-44ec-4dd0-bb6b-129583c5e8f4"",""deployment"":""65be7d91-a0e8-40d7-8fa9-14aa89a4add1"",""replica"":""a840cb83-51a9-4b35-8087-f3b0edb637f4""}",2026-02-24T16:58:27.825329146Z
    await asyncpg_connection.set_type_codec(,"{""level"":""error""}","{""project"":""82a60368-a35f-407d-b91c-fda7c4df0a50"",""environment"":""35a62989-f226-4922-a94f-05b71577983e"",""service"":""edd77b6a-44ec-4dd0-bb6b-129583c5e8f4"",""deployment"":""65be7d91-a0e8-40d7-8fa9-14aa89a4add1"",""replica"":""a840cb83-51a9-4b35-8087-f3b0edb637f4""}",2026-02-24T16:58:27.825333011Z
"  File ""/usr/local/lib/python3.11/site-packages/asyncpg/connection.py"", line 1221, in set_type_codec","{""level"":""error""}","{""project"":""82a60368-a35f-407d-b91c-fda7c4df0a50"",""environment"":""35a62989-f226-4922-a94f-05b71577983e"",""service"":""edd77b6a-44ec-4dd0-bb6b-129583c5e8f4"",""deployment"":""65be7d91-a0e8-40d7-8fa9-14aa89a4add1"",""replica"":""a840cb83-51a9-4b35-8087-f3b0edb637f4""}",2026-02-24T16:58:27.825336551Z
"    typeinfo = await self._introspect_type(typename, schema)","{""level"":""error""}","{""project"":""82a60368-a35f-407d-b91c-fda7c4df0a50"",""environment"":""35a62989-f226-4922-a94f-05b71577983e"",""service"":""edd77b6a-44ec-4dd0-bb6b-129583c5e8f4"",""deployment"":""65be7d91-a0e8-40d7-8fa9-14aa89a4add1"",""replica"":""a840cb83-51a9-4b35-8087-f3b0edb637f4""}",2026-02-24T16:58:27.825339544Z
               ^^^^^^^^^^^^^^^^^^^^^^^^^^^^^^^^^^^^^^^^^^^^^,"{""level"":""error""}","{""project"":""82a60368-a35f-407d-b91c-fda7c4df0a50"",""environment"":""35a62989-f226-4922-a94f-05b71577983e"",""service"":""edd77b6a-44ec-4dd0-bb6b-129583c5e8f4"",""deployment"":""65be7d91-a0e8-40d7-8fa9-14aa89a4add1"",""replica"":""a840cb83-51a9-4b35-8087-f3b0edb637f4""}",2026-02-24T16:58:27.825343110Z
"  File ""/usr/local/lib/python3.11/site-packages/asyncpg/connection.py"", line 472, in _introspect_type","{""level"":""error""}","{""project"":""82a60368-a35f-407d-b91c-fda7c4df0a50"",""environment"":""35a62989-f226-4922-a94f-05b71577983e"",""service"":""edd77b6a-44ec-4dd0-bb6b-129583c5e8f4"",""deployment"":""65be7d91-a0e8-40d7-8fa9-14aa89a4add1"",""replica"":""a840cb83-51a9-4b35-8087-f3b0edb637f4""}",2026-02-24T16:58:27.825346230Z
    rows = await self._execute(,"{""level"":""error""}","{""project"":""82a60368-a35f-407d-b91c-fda7c4df0a50"",""environment"":""35a62989-f226-4922-a94f-05b71577983e"",""service"":""edd77b6a-44ec-4dd0-bb6b-129583c5e8f4"",""deployment"":""65be7d91-a0e8-40d7-8fa9-14aa89a4add1"",""replica"":""a840cb83-51a9-4b35-8087-f3b0edb637f4""}",2026-02-24T16:58:27.825349873Z
           ^^^^^^^^^^^^^^^^^^^^,"{""level"":""error""}","{""project"":""82a60368-a35f-407d-b91c-fda7c4df0a50"",""environment"":""35a62989-f226-4922-a94f-05b71577983e"",""service"":""edd77b6a-44ec-4dd0-bb6b-129583c5e8f4"",""deployment"":""65be7d91-a0e8-40d7-8fa9-14aa89a4add1"",""replica"":""a840cb83-51a9-4b35-8087-f3b0edb637f4""}",2026-02-24T16:58:27.825353704Z
    return await self._do_execute(,"{""level"":""error""}","{""project"":""82a60368-a35f-407d-b91c-fda7c4df0a50"",""environment"":""35a62989-f226-4922-a94f-05b71577983e"",""service"":""edd77b6a-44ec-4dd0-bb6b-129583c5e8f4"",""deployment"":""65be7d91-a0e8-40d7-8fa9-14aa89a4add1"",""replica"":""a840cb83-51a9-4b35-8087-f3b0edb637f4""}",2026-02-24T16:58:27.826857154Z
           ^^^^^^^^^^^^^^^^^^^^^^^,"{""level"":""error""}","{""project"":""82a60368-a35f-407d-b91c-fda7c4df0a50"",""environment"":""35a62989-f226-4922-a94f-05b71577983e"",""service"":""edd77b6a-44ec-4dd0-bb6b-129583c5e8f4"",""deployment"":""65be7d91-a0e8-40d7-8fa9-14aa89a4add1"",""replica"":""a840cb83-51a9-4b35-8087-f3b0edb637f4""}",2026-02-24T16:58:27.826863831Z
"  File ""/usr/local/lib/python3.11/site-packages/asyncpg/connection.py"", line 1711, in _do_execute","{""level"":""error""}","{""project"":""82a60368-a35f-407d-b91c-fda7c4df0a50"",""environment"":""35a62989-f226-4922-a94f-05b71577983e"",""service"":""edd77b6a-44ec-4dd0-bb6b-129583c5e8f4"",""deployment"":""65be7d91-a0e8-40d7-8fa9-14aa89a4add1"",""replica"":""a840cb83-51a9-4b35-8087-f3b0edb637f4""}",2026-02-24T16:58:27.826870331Z
    stmt = await self._get_statement(,"{""level"":""error""}","{""project"":""82a60368-a35f-407d-b91c-fda7c4df0a50"",""environment"":""35a62989-f226-4922-a94f-05b71577983e"",""service"":""edd77b6a-44ec-4dd0-bb6b-129583c5e8f4"",""deployment"":""65be7d91-a0e8-40d7-8fa9-14aa89a4add1"",""replica"":""a840cb83-51a9-4b35-8087-f3b0edb637f4""}",2026-02-24T16:58:27.826877503Z
           ^^^^^^^^^^^^^^^^^^^^^^^^^^,"{""level"":""error""}","{""project"":""82a60368-a35f-407d-b91c-fda7c4df0a50"",""environment"":""35a62989-f226-4922-a94f-05b71577983e"",""service"":""edd77b6a-44ec-4dd0-bb6b-129583c5e8f4"",""deployment"":""65be7d91-a0e8-40d7-8fa9-14aa89a4add1"",""replica"":""a840cb83-51a9-4b35-8087-f3b0edb637f4""}",2026-02-24T16:58:27.826883963Z
"  File ""/usr/local/lib/python3.11/site-packages/asyncpg/connection.py"", line 397, in _get_statement","{""level"":""error""}","{""project"":""82a60368-a35f-407d-b91c-fda7c4df0a50"",""environment"":""35a62989-f226-4922-a94f-05b71577983e"",""service"":""edd77b6a-44ec-4dd0-bb6b-129583c5e8f4"",""deployment"":""65be7d91-a0e8-40d7-8fa9-14aa89a4add1"",""replica"":""a840cb83-51a9-4b35-8087-f3b0edb637f4""}",2026-02-24T16:58:27.826890225Z
    statement = await self._protocol.prepare(,"{""level"":""error""}","{""project"":""82a60368-a35f-407d-b91c-fda7c4df0a50"",""environment"":""35a62989-f226-4922-a94f-05b71577983e"",""service"":""edd77b6a-44ec-4dd0-bb6b-129583c5e8f4"",""deployment"":""65be7d91-a0e8-40d7-8fa9-14aa89a4add1"",""replica"":""a840cb83-51a9-4b35-8087-f3b0edb637f4""}",2026-02-24T16:58:27.826896096Z
                ^^^^^^^^^^^^^^^^^^^^^^^^^^^^^,"{""level"":""error""}","{""project"":""82a60368-a35f-407d-b91c-fda7c4df0a50"",""environment"":""35a62989-f226-4922-a94f-05b71577983e"",""service"":""edd77b6a-44ec-4dd0-bb6b-129583c5e8f4"",""deployment"":""65be7d91-a0e8-40d7-8fa9-14aa89a4add1"",""replica"":""a840cb83-51a9-4b35-8087-f3b0edb637f4""}",2026-02-24T16:58:27.826900246Z
"  File ""asyncpg/protocol/protocol.pyx"", line 168, in prepare","{""level"":""error""}","{""project"":""82a60368-a35f-407d-b91c-fda7c4df0a50"",""environment"":""35a62989-f226-4922-a94f-05b71577983e"",""service"":""edd77b6a-44ec-4dd0-bb6b-129583c5e8f4"",""deployment"":""65be7d91-a0e8-40d7-8fa9-14aa89a4add1"",""replica"":""a840cb83-51a9-4b35-8087-f3b0edb637f4""}",2026-02-24T16:58:27.826904655Z
"asyncpg.exceptions.DuplicatePreparedStatementError: prepared statement ""__asyncpg_stmt_6__"" already exists","{""level"":""error""}","{""project"":""82a60368-a35f-407d-b91c-fda7c4df0a50"",""environment"":""35a62989-f226-4922-a94f-05b71577983e"",""service"":""edd77b6a-44ec-4dd0-bb6b-129583c5e8f4"",""deployment"":""65be7d91-a0e8-40d7-8fa9-14aa89a4add1"",""replica"":""a840cb83-51a9-4b35-8087-f3b0edb637f4""}",2026-02-24T16:58:27.826909413Z
HINT:  ,"{""level"":""error""}","{""project"":""82a60368-a35f-407d-b91c-fda7c4df0a50"",""environment"":""35a62989-f226-4922-a94f-05b71577983e"",""service"":""edd77b6a-44ec-4dd0-bb6b-129583c5e8f4"",""deployment"":""65be7d91-a0e8-40d7-8fa9-14aa89a4add1"",""replica"":""a840cb83-51a9-4b35-8087-f3b0edb637f4""}",2026-02-24T16:58:27.826915431Z
"NOTE: pgbouncer with pool_mode set to ""transaction"" or","{""level"":""error""}","{""project"":""82a60368-a35f-407d-b91c-fda7c4df0a50"",""environment"":""35a62989-f226-4922-a94f-05b71577983e"",""service"":""edd77b6a-44ec-4dd0-bb6b-129583c5e8f4"",""deployment"":""65be7d91-a0e8-40d7-8fa9-14aa89a4add1"",""replica"":""a840cb83-51a9-4b35-8087-f3b0edb637f4""}",2026-02-24T16:58:27.826921003Z
"""statement"" does not support prepared statements properly.","{""level"":""error""}","{""project"":""82a60368-a35f-407d-b91c-fda7c4df0a50"",""environment"":""35a62989-f226-4922-a94f-05b71577983e"",""service"":""edd77b6a-44ec-4dd0-bb6b-129583c5e8f4"",""deployment"":""65be7d91-a0e8-40d7-8fa9-14aa89a4add1"",""replica"":""a840cb83-51a9-4b35-8087-f3b0edb637f4""}",2026-02-24T16:58:27.826925277Z
You have two options:,"{""level"":""error""}","{""project"":""82a60368-a35f-407d-b91c-fda7c4df0a50"",""environment"":""35a62989-f226-4922-a94f-05b71577983e"",""service"":""edd77b6a-44ec-4dd0-bb6b-129583c5e8f4"",""deployment"":""65be7d91-a0e8-40d7-8fa9-14aa89a4add1"",""replica"":""a840cb83-51a9-4b35-8087-f3b0edb637f4""}",2026-02-24T16:58:27.826929956Z
,"{""level"":""error""}","{""project"":""82a60368-a35f-407d-b91c-fda7c4df0a50"",""environment"":""35a62989-f226-4922-a94f-05b71577983e"",""service"":""edd77b6a-44ec-4dd0-bb6b-129583c5e8f4"",""deployment"":""65be7d91-a0e8-40d7-8fa9-14aa89a4add1"",""replica"":""a840cb83-51a9-4b35-8087-f3b0edb637f4""}",2026-02-24T16:58:27.826937212Z
* if you are using pgbouncer for connection pooling to a,"{""level"":""error""}","{""project"":""82a60368-a35f-407d-b91c-fda7c4df0a50"",""environment"":""35a62989-f226-4922-a94f-05b71577983e"",""service"":""edd77b6a-44ec-4dd0-bb6b-129583c5e8f4"",""deployment"":""65be7d91-a0e8-40d7-8fa9-14aa89a4add1"",""replica"":""a840cb83-51a9-4b35-8087-f3b0edb637f4""}",2026-02-24T16:58:27.826945641Z
"  single server, switch to the connection pool functionality","{""level"":""error""}","{""project"":""82a60368-a35f-407d-b91c-fda7c4df0a50"",""environment"":""35a62989-f226-4922-a94f-05b71577983e"",""service"":""edd77b6a-44ec-4dd0-bb6b-129583c5e8f4"",""deployment"":""65be7d91-a0e8-40d7-8fa9-14aa89a4add1"",""replica"":""a840cb83-51a9-4b35-8087-f3b0edb637f4""}",2026-02-24T16:58:27.826953428Z
"  provided by asyncpg, it is a much better option for this","{""level"":""error""}","{""project"":""82a60368-a35f-407d-b91c-fda7c4df0a50"",""environment"":""35a62989-f226-4922-a94f-05b71577983e"",""service"":""edd77b6a-44ec-4dd0-bb6b-129583c5e8f4"",""deployment"":""65be7d91-a0e8-40d7-8fa9-14aa89a4add1"",""replica"":""a840cb83-51a9-4b35-8087-f3b0edb637f4""}",2026-02-24T16:58:27.826958588Z
  purpose;,"{""level"":""error""}","{""project"":""82a60368-a35f-407d-b91c-fda7c4df0a50"",""environment"":""35a62989-f226-4922-a94f-05b71577983e"",""service"":""edd77b6a-44ec-4dd0-bb6b-129583c5e8f4"",""deployment"":""65be7d91-a0e8-40d7-8fa9-14aa89a4add1"",""replica"":""a840cb83-51a9-4b35-8087-f3b0edb637f4""}",2026-02-24T16:58:27.826962343Z
,"{""level"":""error""}","{""project"":""82a60368-a35f-407d-b91c-fda7c4df0a50"",""environment"":""35a62989-f226-4922-a94f-05b71577983e"",""service"":""edd77b6a-44ec-4dd0-bb6b-129583c5e8f4"",""deployment"":""65be7d91-a0e8-40d7-8fa9-14aa89a4add1"",""replica"":""a840cb83-51a9-4b35-8087-f3b0edb637f4""}",2026-02-24T16:58:27.826967496Z
"* if you have no option of avoiding the use of pgbouncer,","{""level"":""error""}","{""project"":""82a60368-a35f-407d-b91c-fda7c4df0a50"",""environment"":""35a62989-f226-4922-a94f-05b71577983e"",""service"":""edd77b6a-44ec-4dd0-bb6b-129583c5e8f4"",""deployment"":""65be7d91-a0e8-40d7-8fa9-14aa89a4add1"",""replica"":""a840cb83-51a9-4b35-8087-f3b0edb637f4""}",2026-02-24T16:58:27.826971872Z
  then you can set statement_cache_size to 0 when creating,"{""level"":""error""}","{""project"":""82a60368-a35f-407d-b91c-fda7c4df0a50"",""environment"":""35a62989-f226-4922-a94f-05b71577983e"",""service"":""edd77b6a-44ec-4dd0-bb6b-129583c5e8f4"",""deployment"":""65be7d91-a0e8-40d7-8fa9-14aa89a4add1"",""replica"":""a840cb83-51a9-4b35-8087-f3b0edb637f4""}",2026-02-24T16:58:27.826976369Z
  the asyncpg connection object.,"{""level"":""error""}","{""project"":""82a60368-a35f-407d-b91c-fda7c4df0a50"",""environment"":""35a62989-f226-4922-a94f-05b71577983e"",""service"":""edd77b6a-44ec-4dd0-bb6b-129583c5e8f4"",""deployment"":""65be7d91-a0e8-40d7-8fa9-14aa89a4add1"",""replica"":""a840cb83-51a9-4b35-8087-f3b0edb637f4""}",2026-02-24T16:58:27.826980584Z
,"{""level"":""error""}","{""project"":""82a60368-a35f-407d-b91c-fda7c4df0a50"",""environment"":""35a62989-f226-4922-a94f-05b71577983e"",""service"":""edd77b6a-44ec-4dd0-bb6b-129583c5e8f4"",""deployment"":""65be7d91-a0e8-40d7-8fa9-14aa89a4add1"",""replica"":""a840cb83-51a9-4b35-8087-f3b0edb637f4""}",2026-02-24T16:58:27.828894017Z